	SubjectID1	SubjectID2	Group1	Group2	Distance
0	Py3	Py1	A	A	0.01695854030549526
1	Py5	Py1	A	A	0.1482973396778107
2	Py5	Py3	A	A	0.1411773562431335
3	Py7	Py1	A	A	0.04931244254112244
4	Py7	Py3	A	A	0.04963298514485359
5	Py7	Py5	A	A	0.1383814066648483
6	Py9	Py1	A	A	0.05791398882865906
7	Py9	Py3	A	A	0.05886707827448845
8	Py9	Py5	A	A	0.1450536549091339
9	Py9	Py7	A	A	0.0141602698713541
10	Py11	Py1	A	A	0.07456215471029282
11	Py11	Py3	A	A	0.07077668607234955
12	Py11	Py5	A	A	0.1084481701254845
13	Py11	Py7	A	A	0.04974398016929626
14	Py11	Py9	A	A	0.05278059095144272
15	Py13	Py1	A	A	0.07024025171995163
16	Py13	Py3	A	A	0.072874516248703
17	Py13	Py5	A	A	0.1681085079908371
18	Py13	Py7	A	A	0.0441516675055027
19	Py13	Py9	A	A	0.03587877377867699
20	Py13	Py11	A	A	0.0775953009724617
21	Py15	Py1	A	A	0.07850184291601181
22	Py15	Py3	A	A	0.07078547775745392
23	Py15	Py5	A	A	0.1042352542281151
24	Py15	Py7	A	A	0.06709814816713333
25	Py15	Py9	A	A	0.07415013760328293
26	Py15	Py11	A	A	0.03001574799418449
27	Py15	Py13	A	A	0.1008063033223152
28	Py17	Py1	A	A	0.06375658512115479
29	Py17	Py3	A	A	0.06026704981923103
30	Py17	Py5	A	A	0.1212865188717842
31	Py17	Py7	A	A	0.0273952130228281
32	Py17	Py9	A	A	0.03560782223939896
33	Py17	Py11	A	A	0.0467635840177536
34	Py17	Py13	A	A	0.06286582350730896
35	Py17	Py15	A	A	0.05904364585876465
36	Py19	Py1	A	A	0.1631651818752289
37	Py19	Py3	A	A	0.1574392467737198
38	Py19	Py5	A	A	0.1072511747479439
39	Py19	Py7	A	A	0.1460852175951004
40	Py19	Py9	A	A	0.1488283723592758
41	Py19	Py11	A	A	0.1023963689804077
42	Py19	Py13	A	A	0.1597403883934021
43	Py19	Py15	A	A	0.09418672323226929
44	Py19	Py17	A	A	0.1313133835792542
45	Py25	Py1	A	A	0.1588996946811676
46	Py25	Py3	A	A	0.154255285859108
47	Py25	Py5	A	A	0.1106635704636574
48	Py25	Py7	A	A	0.1450769007205963
49	Py25	Py9	A	A	0.1453422158956528
50	Py25	Py11	A	A	0.1107215359807014
51	Py25	Py13	A	A	0.1537994742393494
52	Py25	Py15	A	A	0.1038541570305824
53	Py25	Py17	A	A	0.1487264186143875
54	Py25	Py19	A	A	0.0683479905128479
55	Py27	Py1	A	A	0.08128912001848221
56	Py27	Py3	A	A	0.0755968913435936
57	Py27	Py5	A	A	0.1154643371701241
58	Py27	Py7	A	A	0.05816170200705528
59	Py27	Py9	A	A	0.06582178920507431
60	Py27	Py11	A	A	0.05379258841276169
61	Py27	Py13	A	A	0.08066362142562866
62	Py27	Py15	A	A	0.06869563460350037
63	Py27	Py17	A	A	0.04462670162320137
64	Py27	Py19	A	A	0.1294193267822266
65	Py27	Py25	A	A	0.1338746696710587
66	Py29	Py1	A	A	0.05919012799859047
67	Py29	Py3	A	A	0.05429340898990631
68	Py29	Py5	A	A	0.1302573084831238
69	Py29	Py7	A	A	0.04064007103443146
70	Py29	Py9	A	A	0.05086034536361694
71	Py29	Py11	A	A	0.05753389373421669
72	Py29	Py13	A	A	0.07155117392539978
73	Py29	Py15	A	A	0.06890866905450821
74	Py29	Py17	A	A	0.0268371906131506
75	Py29	Py19	A	A	0.1473436504602432
76	Py29	Py25	A	A	0.1614560931921005
77	Py29	Py27	A	A	0.03883287310600281
78	Py31	Py1	A	A	0.08748529851436615
79	Py31	Py3	A	A	0.08336954563856125
80	Py31	Py5	A	A	0.1320014744997025
81	Py31	Py7	A	A	0.04745444282889366
82	Py31	Py9	A	A	0.05054046213626862
83	Py31	Py11	A	A	0.06269658356904984
84	Py31	Py13	A	A	0.0736202597618103
85	Py31	Py15	A	A	0.0793447345495224
86	Py31	Py17	A	A	0.03045948036015034
87	Py31	Py19	A	A	0.1401186883449554
88	Py31	Py25	A	A	0.1531858295202255
89	Py31	Py27	A	A	0.03435901924967766
90	Py31	Py29	A	A	0.03696508333086967
91	Py33	Py1	A	A	0.09259591996669769
92	Py33	Py3	A	A	0.08664249628782272
93	Py33	Py5	A	A	0.1088441088795662
94	Py33	Py7	A	A	0.06216012686491013
95	Py33	Py9	A	A	0.06762544810771942
96	Py33	Py11	A	A	0.0440828837454319
97	Py33	Py13	A	A	0.08551058918237686
98	Py33	Py15	A	A	0.05970689654350281
99	Py33	Py17	A	A	0.04432160034775734
100	Py33	Py19	A	A	0.1125718727707863
101	Py33	Py25	A	A	0.1246642246842384
102	Py33	Py27	A	A	0.03082268312573433
103	Py33	Py29	A	A	0.04965712875127792
104	Py33	Py31	A	A	0.03424738347530365
105	Py35	Py1	A	A	0.06254666298627853
106	Py35	Py3	A	A	0.05653581023216248
107	Py35	Py5	A	A	0.1294625401496887
108	Py35	Py7	A	A	0.03673840314149857
109	Py35	Py9	A	A	0.0464804619550705
110	Py35	Py11	A	A	0.05826371163129807
111	Py35	Py13	A	A	0.0704488605260849
112	Py35	Py15	A	A	0.06451711058616638
113	Py35	Py17	A	A	0.02836420945823193
114	Py35	Py19	A	A	0.1499325782060623
115	Py35	Py25	A	A	0.1592781692743301
116	Py35	Py27	A	A	0.03808793425559998
117	Py35	Py29	A	A	0.01864626444876194
118	Py35	Py31	A	A	0.03454260900616646
119	Py35	Py33	A	A	0.05544226244091988
120	Py37	Py1	A	A	0.1082734540104866
121	Py37	Py3	A	A	0.1096407324075699
122	Py37	Py5	A	A	0.2232441753149033
123	Py37	Py7	A	A	0.1348065137863159
124	Py37	Py9	A	A	0.1379041969776154
125	Py37	Py11	A	A	0.1620243191719055
126	Py37	Py13	A	A	0.1360475420951843
127	Py37	Py15	A	A	0.1613974720239639
128	Py37	Py17	A	A	0.1514301747083664
129	Py37	Py19	A	A	0.2431601881980896
130	Py37	Py25	A	A	0.2323729395866394
131	Py37	Py27	A	A	0.1465912312269211
132	Py37	Py29	A	A	0.138792484998703
133	Py37	Py31	A	A	0.1500575840473175
134	Py37	Py33	A	A	0.1644938886165619
135	Py37	Py35	A	A	0.1316137760877609
136	Py39	Py1	A	A	0.1359476894140244
137	Py39	Py3	A	A	0.1434934586286545
138	Py39	Py5	A	A	0.2678409516811371
139	Py39	Py7	A	A	0.146302729845047
140	Py39	Py9	A	A	0.1474979817867279
141	Py39	Py11	A	A	0.1907710283994675
142	Py39	Py13	A	A	0.1361260116100311
143	Py39	Py15	A	A	0.2024299800395966
144	Py39	Py17	A	A	0.1667580306529999
145	Py39	Py19	A	A	0.2812080979347229
146	Py39	Py25	A	A	0.2771468162536621
147	Py39	Py27	A	A	0.1784563213586807
148	Py39	Py29	A	A	0.1613737344741821
149	Py39	Py31	A	A	0.168722540140152
150	Py39	Py33	A	A	0.1959787905216217
151	Py39	Py35	A	A	0.1553108245134354
152	Py39	Py37	A	A	0.07302112132310867
153	Py41	Py1	A	A	0.1049025431275368
154	Py41	Py3	A	A	0.10948845744133
155	Py41	Py5	A	A	0.2079741358757019
156	Py41	Py7	A	A	0.09498151391744614
157	Py41	Py9	A	A	0.09432290494441986
158	Py41	Py11	A	A	0.1269591599702835
159	Py41	Py13	A	A	0.09791892021894455
160	Py41	Py15	A	A	0.1456373035907745
161	Py41	Py17	A	A	0.1095118522644043
162	Py41	Py19	A	A	0.2176216840744019
163	Py41	Py25	A	A	0.2184007912874222
164	Py41	Py27	A	A	0.1200224459171295
165	Py41	Py29	A	A	0.1093961820006371
166	Py41	Py31	A	A	0.1102739125490189
167	Py41	Py33	A	A	0.1316209584474564
168	Py41	Py35	A	A	0.1033905148506165
169	Py41	Py37	A	A	0.07468251138925552
170	Py41	Py39	A	A	0.08717804402112961
171	Py43	Py1	A	A	0.07282087951898575
172	Py43	Py3	A	A	0.07511728256940842
173	Py43	Py5	A	A	0.1776620894670486
174	Py43	Py7	A	A	0.06728780269622803
175	Py43	Py9	A	A	0.06362760066986084
176	Py43	Py11	A	A	0.08773650974035263
177	Py43	Py13	A	A	0.06892971694469452
178	Py43	Py15	A	A	0.1061400026082993
179	Py43	Py17	A	A	0.08568383753299713
180	Py43	Py19	A	A	0.1793675571680069
181	Py43	Py25	A	A	0.173197478055954
182	Py43	Py27	A	A	0.1004816666245461
183	Py43	Py29	A	A	0.0881008431315422
184	Py43	Py31	A	A	0.1002756357192993
185	Py43	Py33	A	A	0.102996401488781
186	Py43	Py35	A	A	0.08801098167896271
187	Py43	Py37	A	A	0.1121956706047058
188	Py43	Py39	A	A	0.135384738445282
189	Py43	Py41	A	A	0.07759085297584534
190	Py45	Py1	A	A	0.1269541084766388
191	Py45	Py3	A	A	0.1244235411286354
192	Py45	Py5	A	A	0.140246108174324
193	Py45	Py7	A	A	0.119205042719841
194	Py45	Py9	A	A	0.1190068051218987
195	Py45	Py11	A	A	0.09481056034564972
196	Py45	Py13	A	A	0.126073807477951
197	Py45	Py15	A	A	0.0905386283993721
198	Py45	Py17	A	A	0.1316253244876862
199	Py45	Py19	A	A	0.1039143353700638
200	Py45	Py25	A	A	0.1095384657382965
201	Py45	Py27	A	A	0.1415213346481323
202	Py45	Py29	A	A	0.1410901844501495
203	Py45	Py31	A	A	0.1529817283153534
204	Py45	Py33	A	A	0.1317172348499298
205	Py45	Py35	A	A	0.1406604796648026
206	Py45	Py37	A	A	0.1924970299005508
207	Py45	Py39	A	A	0.2282623648643494
208	Py45	Py41	A	A	0.1666783094406128
209	Py45	Py43	A	A	0.1027693822979927
210	Py47	Py1	A	A	0.07403526455163956
211	Py47	Py3	A	A	0.07271040976047516
212	Py47	Py5	A	A	0.1501578688621521
213	Py47	Py7	A	A	0.07024851441383362
214	Py47	Py9	A	A	0.07120290398597717
215	Py47	Py11	A	A	0.06692689657211304
216	Py47	Py13	A	A	0.0809209868311882
217	Py47	Py15	A	A	0.07990659028291702
218	Py47	Py17	A	A	0.0839361771941185
219	Py47	Py19	A	A	0.1504747718572617
220	Py47	Py25	A	A	0.1473804712295532
221	Py47	Py27	A	A	0.0939067080616951
222	Py47	Py29	A	A	0.08988402783870697
223	Py47	Py31	A	A	0.1026136726140976
224	Py47	Py33	A	A	0.09141454100608826
225	Py47	Py35	A	A	0.09189489483833313
226	Py47	Py37	A	A	0.1323190629482269
227	Py47	Py39	A	A	0.1662686467170715
228	Py47	Py41	A	A	0.1053684428334236
229	Py47	Py43	A	A	0.03777144104242325
230	Py47	Py45	A	A	0.07389242947101593
231	Py51	Py1	A	A	0.1161820292472839
232	Py51	Py3	A	A	0.1221487000584602
233	Py51	Py5	A	A	0.2356787323951721
234	Py51	Py7	A	A	0.1070068180561066
235	Py51	Py9	A	A	0.1061134040355682
236	Py51	Py11	A	A	0.1505798250436783
237	Py51	Py13	A	A	0.1058220714330673
238	Py51	Py15	A	A	0.1618614196777344
239	Py51	Py17	A	A	0.1228616759181023
240	Py51	Py19	A	A	0.2435367703437805
241	Py51	Py25	A	A	0.2420486807823181
242	Py51	Py27	A	A	0.1418353617191315
243	Py51	Py29	A	A	0.1250301003456116
244	Py51	Py31	A	A	0.1262505799531937
245	Py51	Py33	A	A	0.1575311124324799
246	Py51	Py35	A	A	0.1172693371772766
247	Py51	Py37	A	A	0.09527643024921417
248	Py51	Py39	A	A	0.06134103238582611
249	Py51	Py41	A	A	0.06153451278805733
250	Py51	Py43	A	A	0.09324751794338226
251	Py51	Py45	A	A	0.1852461397647858
252	Py51	Py47	A	A	0.1239884942770004
253	Py55	Py1	A	A	0.1232627406716347
254	Py55	Py3	A	A	0.1161465495824814
255	Py55	Py5	A	A	0.1455281525850296
256	Py55	Py7	A	A	0.109985277056694
257	Py55	Py9	A	A	0.1092280969023705
258	Py55	Py11	A	A	0.07985205203294754
259	Py55	Py13	A	A	0.1037247329950333
260	Py55	Py15	A	A	0.07885298132896423
261	Py55	Py17	A	A	0.1135135367512703
262	Py55	Py19	A	A	0.1006767898797989
263	Py55	Py25	A	A	0.1017381846904755
264	Py55	Py27	A	A	0.1098881512880325
265	Py55	Py29	A	A	0.1229952946305275
266	Py55	Py31	A	A	0.1254687905311584
267	Py55	Py33	A	A	0.09910768270492554
268	Py55	Py35	A	A	0.1248559951782227
269	Py55	Py37	A	A	0.1869684010744095
270	Py55	Py39	A	A	0.2180761694908142
271	Py55	Py41	A	A	0.152286171913147
272	Py55	Py43	A	A	0.1012868657708168
273	Py55	Py45	A	A	0.05932722240686417
274	Py55	Py47	A	A	0.07796673476696014
275	Py55	Py51	A	A	0.1728198230266571
276	Py57	Py1	A	A	0.1212604343891144
277	Py57	Py3	A	A	0.117819145321846
278	Py57	Py5	A	A	0.159514456987381
279	Py57	Py7	A	A	0.1163241192698479
280	Py57	Py9	A	A	0.115462526679039
281	Py57	Py11	A	A	0.08845683187246323
282	Py57	Py13	A	A	0.1037354320287704
283	Py57	Py15	A	A	0.09143539518117905
284	Py57	Py17	A	A	0.1230373755097389
285	Py57	Py19	A	A	0.1142260506749153
286	Py57	Py25	A	A	0.1005785167217255
287	Py57	Py27	A	A	0.1200102344155312
288	Py57	Py29	A	A	0.1323617696762085
289	Py57	Py31	A	A	0.1354206800460815
290	Py57	Py33	A	A	0.1089498847723007
291	Py57	Py35	A	A	0.1344994902610779
292	Py57	Py37	A	A	0.1853431612253189
293	Py57	Py39	A	A	0.2153023481369019
294	Py57	Py41	A	A	0.1560579240322113
295	Py57	Py43	A	A	0.1068668887019157
296	Py57	Py45	A	A	0.07331570982933044
297	Py57	Py47	A	A	0.0825127586722374
298	Py57	Py51	A	A	0.1748369336128235
299	Py57	Py55	A	A	0.02593014761805534
300	Py59	Py1	A	A	0.1665503829717636
301	Py59	Py3	A	A	0.1663568317890167
302	Py59	Py5	A	A	0.1868241280317307
303	Py59	Py7	A	A	0.1686202883720398
304	Py59	Py9	A	A	0.1669264733791351
305	Py59	Py11	A	A	0.1476763635873795
306	Py59	Py13	A	A	0.1560036092996597
307	Py59	Py15	A	A	0.1503182053565979
308	Py59	Py17	A	A	0.1757708489894867
309	Py59	Py19	A	A	0.1577294319868088
310	Py59	Py25	A	A	0.1331031024456024
311	Py59	Py27	A	A	0.1727878600358963
312	Py59	Py29	A	A	0.1856676489114761
313	Py59	Py31	A	A	0.1880888640880585
314	Py59	Py33	A	A	0.1615759432315826
315	Py59	Py35	A	A	0.1874258518218994
316	Py59	Py37	A	A	0.2030124366283417
317	Py59	Py39	A	A	0.232789933681488
318	Py59	Py41	A	A	0.1740712225437164
319	Py59	Py43	A	A	0.1221529692411423
320	Py59	Py45	A	A	0.105868823826313
321	Py59	Py47	A	A	0.1132750511169434
322	Py59	Py51	A	A	0.1941195726394653
323	Py59	Py55	A	A	0.08833188563585281
324	Py59	Py57	A	A	0.07815895229578018
325	Py61	Py1	A	A	0.2047208398580551
326	Py61	Py3	A	A	0.2072261124849319
327	Py61	Py5	A	A	0.250676304101944
328	Py61	Py7	A	A	0.206505760550499
329	Py61	Py9	A	A	0.2026727199554443
330	Py61	Py11	A	A	0.2034286856651306
331	Py61	Py13	A	A	0.183745488524437
332	Py61	Py15	A	A	0.2126101702451706
333	Py61	Py17	A	A	0.2162844836711884
334	Py61	Py19	A	A	0.2302569448947906
335	Py61	Py25	A	A	0.2069490849971771
336	Py61	Py27	A	A	0.2124872207641602
337	Py61	Py29	A	A	0.223030760884285
338	Py61	Py31	A	A	0.2254935652017593
339	Py61	Py33	A	A	0.2064245492219925
340	Py61	Py35	A	A	0.2248331755399704
341	Py61	Py37	A	A	0.2105623185634613
342	Py61	Py39	A	A	0.2355170994997025
343	Py61	Py41	A	A	0.1898766756057739
344	Py61	Py43	A	A	0.1553639769554138
345	Py61	Py45	A	A	0.1701954901218414
346	Py61	Py47	A	A	0.1597357094287872
347	Py61	Py51	A	A	0.2213622033596039
348	Py61	Py55	A	A	0.1561497002840042
349	Py61	Py57	A	A	0.142851933836937
350	Py61	Py59	A	A	0.1077607125043869
351	Py63	Py1	A	A	0.1114547625184059
352	Py63	Py3	A	A	0.117781400680542
353	Py63	Py5	A	A	0.2209806889295578
354	Py63	Py7	A	A	0.09466135501861572
355	Py63	Py9	A	A	0.09124815464019775
356	Py63	Py11	A	A	0.1353862881660461
357	Py63	Py13	A	A	0.09499126672744751
358	Py63	Py15	A	A	0.152674064040184
359	Py63	Py17	A	A	0.110184982419014
360	Py63	Py19	A	A	0.2082595974206924
361	Py63	Py25	A	A	0.2060275822877884
362	Py63	Py27	A	A	0.1173507571220398
363	Py63	Py29	A	A	0.1190080195665359
364	Py63	Py31	A	A	0.1018793061375618
365	Py63	Py33	A	A	0.1278550177812576
366	Py63	Py35	A	A	0.1091809272766113
367	Py63	Py37	A	A	0.09214059263467789
368	Py63	Py39	A	A	0.08657371997833252
369	Py63	Py41	A	A	0.04834695160388947
370	Py63	Py43	A	A	0.09173712134361267
371	Py63	Py45	A	A	0.1787338256835938
372	Py63	Py47	A	A	0.1202769726514816
373	Py63	Py51	A	A	0.05213982611894608
374	Py63	Py55	A	A	0.1519953310489655
375	Py63	Py57	A	A	0.1538942605257034
376	Py63	Py59	A	A	0.1712150573730469
377	Py63	Py61	A	A	0.1942334026098251
378	Py65	Py1	A	A	0.1097103133797646
379	Py65	Py3	A	A	0.1160613968968391
380	Py65	Py5	A	A	0.2203169763088226
381	Py65	Py7	A	A	0.09229946881532669
382	Py65	Py9	A	A	0.08868725597858429
383	Py65	Py11	A	A	0.132801741361618
384	Py65	Py13	A	A	0.09113390743732452
385	Py65	Py15	A	A	0.1508771479129791
386	Py65	Py17	A	A	0.1081207692623138
387	Py65	Py19	A	A	0.208598405122757
388	Py65	Py25	A	A	0.2066541165113449
389	Py65	Py27	A	A	0.1149598807096481
390	Py65	Py29	A	A	0.1161446645855904
391	Py65	Py31	A	A	0.09948532283306122
392	Py65	Py33	A	A	0.1261827945709229
393	Py65	Py35	A	A	0.1067604720592499
394	Py65	Py37	A	A	0.1031313687562943
395	Py65	Py39	A	A	0.08949795365333557
396	Py65	Py41	A	A	0.05789840593934059
397	Py65	Py43	A	A	0.08946399390697479
398	Py65	Py45	A	A	0.1765730530023575
399	Py65	Py47	A	A	0.1168425381183624
400	Py65	Py51	A	A	0.04521051049232483
401	Py65	Py55	A	A	0.149693176150322
402	Py65	Py57	A	A	0.1521024405956268
403	Py65	Py59	A	A	0.1723239719867706
404	Py65	Py61	A	A	0.2047895491123199
405	Py65	Py63	A	A	0.0194442979991436
406	Py67	Py1	A	A	0.08938221633434296
407	Py67	Py3	A	A	0.09467562288045883
408	Py67	Py5	A	A	0.190820500254631
409	Py67	Py7	A	A	0.07685607671737671
410	Py67	Py9	A	A	0.07890360057353973
411	Py67	Py11	A	A	0.1101078912615776
412	Py67	Py13	A	A	0.08509468287229538
413	Py67	Py15	A	A	0.1258508712053299
414	Py67	Py17	A	A	0.09142019599676132
415	Py67	Py19	A	A	0.1935222446918488
416	Py67	Py25	A	A	0.1863456666469574
417	Py67	Py27	A	A	0.08805986493825912
418	Py67	Py29	A	A	0.09371506422758102
419	Py67	Py31	A	A	0.0774364098906517
420	Py67	Py33	A	A	0.1004792973399162
421	Py67	Py35	A	A	0.08041873574256897
422	Py67	Py37	A	A	0.08989351242780685
423	Py67	Py39	A	A	0.104870542883873
424	Py67	Py41	A	A	0.0583917498588562
425	Py67	Py43	A	A	0.08005985617637634
426	Py67	Py45	A	A	0.1619739383459091
427	Py67	Py47	A	A	0.1009085178375244
428	Py67	Py51	A	A	0.0687110647559166
429	Py67	Py55	A	A	0.141099289059639
430	Py67	Py57	A	A	0.1437252163887024
431	Py67	Py59	A	A	0.1705199331045151
432	Py67	Py61	A	A	0.2069648504257202
433	Py67	Py63	A	A	0.04041342437267303
434	Py67	Py65	A	A	0.03871557489037514
435	Py69	Py1	A	A	0.09452582895755768
436	Py69	Py3	A	A	0.0989215224981308
437	Py69	Py5	A	A	0.1977194100618362
438	Py69	Py7	A	A	0.08871513605117798
439	Py69	Py9	A	A	0.09051471203565598
440	Py69	Py11	A	A	0.1108469814062119
441	Py69	Py13	A	A	0.1007375195622444
442	Py69	Py15	A	A	0.1298559755086899
443	Py69	Py17	A	A	0.1040245220065117
444	Py69	Py19	A	A	0.1902358084917068
445	Py69	Py25	A	A	0.1775496602058411
446	Py69	Py27	A	A	0.09190590679645538
447	Py69	Py29	A	A	0.1022864878177643
448	Py69	Py31	A	A	0.0917469933629036
449	Py69	Py33	A	A	0.1036156862974167
450	Py69	Py35	A	A	0.09351839125156403
451	Py69	Py37	A	A	0.08860978484153748
452	Py69	Py39	A	A	0.1136073917150497
453	Py69	Py41	A	A	0.06336024403572083
454	Py69	Py43	A	A	0.07637374848127365
455	Py69	Py45	A	A	0.1638601273298264
456	Py69	Py47	A	A	0.102741502225399
457	Py69	Py51	A	A	0.0789155438542366
458	Py69	Py55	A	A	0.1371897161006927
459	Py69	Py57	A	A	0.1331994086503983
460	Py69	Py59	A	A	0.1538273990154266
461	Py69	Py61	A	A	0.1861111968755722
462	Py69	Py63	A	A	0.04551364481449127
463	Py69	Py65	A	A	0.04518766328692436
464	Py69	Py67	A	A	0.03032476268708706
465	Py71	Py1	A	A	0.1072577685117722
466	Py71	Py3	A	A	0.1127916723489761
467	Py71	Py5	A	A	0.2101691067218781
468	Py71	Py7	A	A	0.1028589904308319
469	Py71	Py9	A	A	0.1030812710523605
470	Py71	Py11	A	A	0.1326019167900085
471	Py71	Py13	A	A	0.1049391031265259
472	Py71	Py15	A	A	0.1459384560585022
473	Py71	Py17	A	A	0.1165612787008286
474	Py71	Py19	A	A	0.2133661061525345
475	Py71	Py25	A	A	0.2031944394111633
476	Py71	Py27	A	A	0.110062949359417
477	Py71	Py29	A	A	0.115789994597435
478	Py71	Py31	A	A	0.1036999672651291
479	Py71	Py33	A	A	0.1230694800615311
480	Py71	Py35	A	A	0.1042801290750504
481	Py71	Py37	A	A	0.07083570212125778
482	Py71	Py39	A	A	0.08730194717645645
483	Py71	Py41	A	A	0.05411096289753914
484	Py71	Py43	A	A	0.0940600335597992
485	Py71	Py45	A	A	0.181095764040947
486	Py71	Py47	A	A	0.1227817833423615
487	Py71	Py51	A	A	0.06822165846824646
488	Py71	Py55	A	A	0.1611269414424896
489	Py71	Py57	A	A	0.1636361330747604
490	Py71	Py59	A	A	0.1801021993160248
491	Py71	Py61	A	A	0.200769379734993
492	Py71	Py63	A	A	0.03353597968816757
493	Py71	Py65	A	A	0.04294514283537865
494	Py71	Py67	A	A	0.02984875626862049
495	Py71	Py69	A	A	0.03742522001266479
496	Py73	Py1	A	A	0.44312983751297
497	Py73	Py3	A	A	0.4479581713676453
498	Py73	Py5	A	A	0.488579273223877
499	Py73	Py7	A	A	0.4582424163818359
500	Py73	Py9	A	A	0.4584361910820007
501	Py73	Py11	A	A	0.4775092005729675
502	Py73	Py13	A	A	0.4581801891326904
503	Py73	Py15	A	A	0.480500727891922
504	Py73	Py17	A	A	0.465669572353363
505	Py73	Py19	A	A	0.5137301683425903
506	Py73	Py25	A	A	0.504717230796814
507	Py73	Py27	A	A	0.4648425281047821
508	Py73	Py29	A	A	0.4639267921447754
509	Py73	Py31	A	A	0.4674087762832642
510	Py73	Py33	A	A	0.478158563375473
511	Py73	Py35	A	A	0.4571598470211029
512	Py73	Py37	A	A	0.403886079788208
513	Py73	Py39	A	A	0.3934581279754639
514	Py73	Py41	A	A	0.4006903767585754
515	Py73	Py43	A	A	0.4376338720321655
516	Py73	Py45	A	A	0.4831335544586182
517	Py73	Py47	A	A	0.4569535553455353
518	Py73	Py51	A	A	0.4011687636375427
519	Py73	Py55	A	A	0.4802804887294769
520	Py73	Py57	A	A	0.4771162867546082
521	Py73	Py59	A	A	0.4642348885536194
522	Py73	Py61	A	A	0.4280476868152618
523	Py73	Py63	A	A	0.404484897851944
524	Py73	Py65	A	A	0.4127304553985596
525	Py73	Py67	A	A	0.4234836101531982
526	Py73	Py69	A	A	0.423978716135025
527	Py73	Py71	A	A	0.4067192077636719
528	Py75	Py1	A	A	0.4144084751605988
529	Py75	Py3	A	A	0.4202685356140137
530	Py75	Py5	A	A	0.4631584584712982
531	Py75	Py7	A	A	0.4336869418621063
532	Py75	Py9	A	A	0.4331730604171753
533	Py75	Py11	A	A	0.4532764852046967
534	Py75	Py13	A	A	0.4272085428237915
535	Py75	Py15	A	A	0.4569618105888367
536	Py75	Py17	A	A	0.4408815503120422
537	Py75	Py19	A	A	0.4872536063194275
538	Py75	Py25	A	A	0.4733291268348694
539	Py75	Py27	A	A	0.4354713261127472
540	Py75	Py29	A	A	0.4356241524219513
541	Py75	Py31	A	A	0.440391480922699
542	Py75	Py33	A	A	0.4518486857414246
543	Py75	Py35	A	A	0.431268036365509
544	Py75	Py37	A	A	0.3702446222305298
545	Py75	Py39	A	A	0.3614802956581116
546	Py75	Py41	A	A	0.3701249361038208
547	Py75	Py43	A	A	0.4072431027889252
548	Py75	Py45	A	A	0.4530555009841919
549	Py75	Py47	A	A	0.4272438287734985
550	Py75	Py51	A	A	0.3742751777172089
551	Py75	Py55	A	A	0.4482956826686859
552	Py75	Py57	A	A	0.4481796622276306
553	Py75	Py59	A	A	0.4308064579963684
554	Py75	Py61	A	A	0.359832227230072
555	Py75	Py63	A	A	0.3728795051574707
556	Py75	Py65	A	A	0.3815123438835144
557	Py75	Py67	A	A	0.3928177058696747
558	Py75	Py69	A	A	0.3924956023693085
559	Py75	Py71	A	A	0.3749205768108368
560	Py75	Py73	A	A	0.1406354904174805
561	Py78	Py1	A	A	0.3145690560340881
562	Py78	Py3	A	A	0.3170604705810547
563	Py78	Py5	A	A	0.3480765223503113
564	Py78	Py7	A	A	0.3379875719547272
565	Py78	Py9	A	A	0.3403116464614868
566	Py78	Py11	A	A	0.3465180099010468
567	Py78	Py13	A	A	0.3431117832660675
568	Py78	Py15	A	A	0.3465310335159302
569	Py78	Py17	A	A	0.3402276635169983
570	Py78	Py19	A	A	0.3771941661834717
571	Py78	Py25	A	A	0.3668224811553955
572	Py78	Py27	A	A	0.3311855494976044
573	Py78	Py29	A	A	0.3335509300231934
574	Py78	Py31	A	A	0.3409280180931091
575	Py78	Py33	A	A	0.3449996709823608
576	Py78	Py35	A	A	0.3302327394485474
577	Py78	Py37	A	A	0.3189587891101837
578	Py78	Py39	A	A	0.3339285850524902
579	Py78	Py41	A	A	0.3305206894874573
580	Py78	Py43	A	A	0.3322207927703857
581	Py78	Py45	A	A	0.3373119533061981
582	Py78	Py47	A	A	0.3243372738361359
583	Py78	Py51	A	A	0.3319686651229858
584	Py78	Py55	A	A	0.3492855131626129
585	Py78	Py57	A	A	0.3508294820785522
586	Py78	Py59	A	A	0.3529345691204071
587	Py78	Py61	A	A	0.3732367753982544
588	Py78	Py63	A	A	0.3331243395805359
589	Py78	Py65	A	A	0.3330528140068054
590	Py78	Py67	A	A	0.3217189013957977
591	Py78	Py69	A	A	0.3265423178672791
592	Py78	Py71	A	A	0.3297949731349945
593	Py78	Py73	A	A	0.38749098777771
594	Py78	Py75	A	A	0.3593041002750397
595	Py80	Py1	A	A	0.3763167262077332
596	Py80	Py3	A	A	0.3816919326782227
597	Py80	Py5	A	A	0.4434196352958679
598	Py80	Py7	A	A	0.3994675278663635
599	Py80	Py9	A	A	0.4015714526176453
600	Py80	Py11	A	A	0.4253875017166138
601	Py80	Py13	A	A	0.3954369127750397
602	Py80	Py15	A	A	0.4247394502162933
603	Py80	Py17	A	A	0.411320686340332
604	Py80	Py19	A	A	0.4680004417896271
605	Py80	Py25	A	A	0.4597289860248566
606	Py80	Py27	A	A	0.4121139645576477
607	Py80	Py29	A	A	0.4014411270618439
608	Py80	Py31	A	A	0.416575014591217
609	Py80	Py33	A	A	0.4281331896781921
610	Py80	Py35	A	A	0.396551638841629
611	Py80	Py37	A	A	0.3344725668430328
612	Py80	Py39	A	A	0.3234794139862061
613	Py80	Py41	A	A	0.3457087278366089
614	Py80	Py43	A	A	0.3713376522064209
615	Py80	Py45	A	A	0.4182332158088684
616	Py80	Py47	A	A	0.388841450214386
617	Py80	Py51	A	A	0.3394385576248169
618	Py80	Py55	A	A	0.4202322661876678
619	Py80	Py57	A	A	0.4195489287376404
620	Py80	Py59	A	A	0.4086393415927887
621	Py80	Py61	A	A	0.4133647680282593
622	Py80	Py63	A	A	0.34865602850914
623	Py80	Py65	A	A	0.354354590177536
624	Py80	Py67	A	A	0.3665175437927246
625	Py80	Py69	A	A	0.3684639036655426
626	Py80	Py71	A	A	0.3520413339138031
627	Py80	Py73	A	A	0.156969279050827
628	Py80	Py75	A	A	0.2080870866775513
629	Py80	Py78	A	A	0.2948518097400665
630	Py82	Py1	A	A	0.2640037834644318
631	Py82	Py3	A	A	0.2687893807888031
632	Py82	Py5	A	A	0.3369143605232239
633	Py82	Py7	A	A	0.2873095571994781
634	Py82	Py9	A	A	0.287854790687561
635	Py82	Py11	A	A	0.3141560852527618
636	Py82	Py13	A	A	0.2804563343524933
637	Py82	Py15	A	A	0.3154892325401306
638	Py82	Py17	A	A	0.3034856915473938
639	Py82	Py19	A	A	0.3595289289951324
640	Py82	Py25	A	A	0.3466426432132721
641	Py82	Py27	A	A	0.2997361421585083
642	Py82	Py29	A	A	0.2903866171836853
643	Py82	Py31	A	A	0.3073110282421112
644	Py82	Py33	A	A	0.3196610808372498
645	Py82	Py35	A	A	0.2879184186458588
646	Py82	Py37	A	A	0.2301511317491531
647	Py82	Py39	A	A	0.2454701364040375
648	Py82	Py41	A	A	0.2482575476169586
649	Py82	Py43	A	A	0.2541801929473877
650	Py82	Py45	A	A	0.291176050901413
651	Py82	Py47	A	A	0.272641122341156
652	Py82	Py51	A	A	0.2490918189287186
653	Py82	Py55	A	A	0.3053649067878723
654	Py82	Py57	A	A	0.305955559015274
655	Py82	Py59	A	A	0.2890545725822449
656	Py82	Py61	A	A	0.2921006381511688
657	Py82	Py63	A	A	0.2539843618869781
658	Py82	Py65	A	A	0.2575513124465942
659	Py82	Py67	A	A	0.2589181363582611
660	Py82	Py69	A	A	0.2546063363552094
661	Py82	Py71	A	A	0.2472305595874786
662	Py82	Py73	A	A	0.3437098264694214
663	Py82	Py75	A	A	0.3104465305805206
664	Py82	Py78	A	A	0.1264535337686539
665	Py82	Py80	A	A	0.2279036641120911
666	Py84	Py1	A	A	0.3318141400814056
667	Py84	Py3	A	A	0.3371586799621582
668	Py84	Py5	A	A	0.3804558515548706
669	Py84	Py7	A	A	0.354979544878006
670	Py84	Py9	A	A	0.3556029200553894
671	Py84	Py11	A	A	0.3751872479915619
672	Py84	Py13	A	A	0.3555508553981781
673	Py84	Py15	A	A	0.3753898441791534
674	Py84	Py17	A	A	0.3618387281894684
675	Py84	Py19	A	A	0.4099980890750885
676	Py84	Py25	A	A	0.3994876742362976
677	Py84	Py27	A	A	0.3590613901615143
678	Py84	Py29	A	A	0.3558937311172485
679	Py84	Py31	A	A	0.3631424307823181
680	Py84	Py33	A	A	0.3737137913703918
681	Py84	Py35	A	A	0.3510253131389618
682	Py84	Py37	A	A	0.3196273446083069
683	Py84	Py39	A	A	0.3341933190822601
684	Py84	Py41	A	A	0.3308534324169159
685	Py84	Py43	A	A	0.3433098196983337
686	Py84	Py45	A	A	0.3620330095291138
687	Py84	Py47	A	A	0.3454563617706299
688	Py84	Py51	A	A	0.3346608579158783
689	Py84	Py55	A	A	0.3767821490764618
690	Py84	Py57	A	A	0.3794102072715759
691	Py84	Py59	A	A	0.3773285448551178
692	Py84	Py61	A	A	0.3960593342781067
693	Py84	Py63	A	A	0.3364116251468658
694	Py84	Py65	A	A	0.3371263444423676
695	Py84	Py67	A	A	0.3271419107913971
696	Py84	Py69	A	A	0.3375937044620514
697	Py84	Py71	A	A	0.3329284191131592
698	Py84	Py73	A	A	0.3665787875652313
699	Py84	Py75	A	A	0.3386757373809814
700	Py84	Py78	A	A	0.1013639271259308
701	Py84	Py80	A	A	0.2657254934310913
702	Py84	Py82	A	A	0.1480594426393509
703	Py86	Py1	A	A	0.3496120572090149
704	Py86	Py3	A	A	0.3541194498538971
705	Py86	Py5	A	A	0.4162015318870544
706	Py86	Py7	A	A	0.376077264547348
707	Py86	Py9	A	A	0.3789917826652527
708	Py86	Py11	A	A	0.4014453887939453
709	Py86	Py13	A	A	0.377752810716629
710	Py86	Py15	A	A	0.398004949092865
711	Py86	Py17	A	A	0.3856853842735291
712	Py86	Py19	A	A	0.4457009136676788
713	Py86	Py25	A	A	0.4349214732646942
714	Py86	Py27	A	A	0.3864747583866119
715	Py86	Py29	A	A	0.3752222955226898
716	Py86	Py31	A	A	0.3913058042526245
717	Py86	Py33	A	A	0.4028821885585785
718	Py86	Py35	A	A	0.3702384233474731
719	Py86	Py37	A	A	0.2936258912086487
720	Py86	Py39	A	A	0.29132479429245
721	Py86	Py41	A	A	0.3044804036617279
722	Py86	Py43	A	A	0.3444100320339203
723	Py86	Py45	A	A	0.3818003237247467
724	Py86	Py47	A	A	0.3606350421905518
725	Py86	Py51	A	A	0.3088673949241638
726	Py86	Py55	A	A	0.3950561285018921
727	Py86	Py57	A	A	0.3980613946914673
728	Py86	Py59	A	A	0.3814164400100708
729	Py86	Py61	A	A	0.3728605210781097
730	Py86	Py63	A	A	0.3163648247718811
731	Py86	Py65	A	A	0.3255359828472137
732	Py86	Py67	A	A	0.333890438079834
733	Py86	Py69	A	A	0.3355886936187744
734	Py86	Py71	A	A	0.3164434432983398
735	Py86	Py73	A	A	0.3139500021934509
736	Py86	Py75	A	A	0.2783803939819336
737	Py86	Py78	A	A	0.1706997007131577
738	Py86	Py80	A	A	0.2143517583608627
739	Py86	Py82	A	A	0.1759051829576492
740	Py86	Py84	A	A	0.1225420534610748
741	Py88	Py1	A	A	0.3532794713973999
742	Py88	Py3	A	A	0.3579174876213074
743	Py88	Py5	A	A	0.4197954833507538
744	Py88	Py7	A	A	0.3799503147602081
745	Py88	Py9	A	A	0.3832219243049622
746	Py88	Py11	A	A	0.405491054058075
747	Py88	Py13	A	A	0.3800901174545288
748	Py88	Py15	A	A	0.4020568132400513
749	Py88	Py17	A	A	0.3897298574447632
750	Py88	Py19	A	A	0.4490190148353577
751	Py88	Py25	A	A	0.4381418228149414
752	Py88	Py27	A	A	0.3903790414333344
753	Py88	Py29	A	A	0.3786613941192627
754	Py88	Py31	A	A	0.3954188525676727
755	Py88	Py33	A	A	0.4070063829421997
756	Py88	Py35	A	A	0.3738459646701813
757	Py88	Py37	A	A	0.2987129390239716
758	Py88	Py39	A	A	0.2929554283618927
759	Py88	Py41	A	A	0.3082099854946136
760	Py88	Py43	A	A	0.3470510542392731
761	Py88	Py45	A	A	0.3846692442893982
762	Py88	Py47	A	A	0.3629365265369415
763	Py88	Py51	A	A	0.3114416599273682
764	Py88	Py55	A	A	0.3978227376937866
765	Py88	Py57	A	A	0.4007927477359772
766	Py88	Py59	A	A	0.3832345902919769
767	Py88	Py61	A	A	0.3286199867725372
768	Py88	Py63	A	A	0.3207885026931763
769	Py88	Py65	A	A	0.3282531797885895
770	Py88	Py67	A	A	0.3397686779499054
771	Py88	Py69	A	A	0.3418065011501312
772	Py88	Py71	A	A	0.3219753503799438
773	Py88	Py73	A	A	0.2879423499107361
774	Py88	Py75	A	A	0.2348822057247162
775	Py88	Py78	A	A	0.1941316574811935
776	Py88	Py80	A	A	0.2118677794933319
777	Py88	Py82	A	A	0.1786080151796341
778	Py88	Py84	A	A	0.1621254235506058
779	Py88	Py86	A	A	0.07580766081809998
780	HR05	Py1	A	A	0.3575295805931091
781	HR05	Py3	A	A	0.3586754500865936
782	HR05	Py5	A	A	0.4032559394836426
783	HR05	Py7	A	A	0.3570218086242676
784	HR05	Py9	A	A	0.3566743731498718
785	HR05	Py11	A	A	0.3720333576202393
786	HR05	Py13	A	A	0.3569454252719879
787	HR05	Py15	A	A	0.3748033940792084
788	HR05	Py17	A	A	0.3605023622512817
789	HR05	Py19	A	A	0.4185652434825897
790	HR05	Py25	A	A	0.4216846227645874
791	HR05	Py27	A	A	0.3620331585407257
792	HR05	Py29	A	A	0.3609596788883209
793	HR05	Py31	A	A	0.3608951270580292
794	HR05	Py33	A	A	0.3724198937416077
795	HR05	Py35	A	A	0.3566092550754547
796	HR05	Py37	A	A	0.368239164352417
797	HR05	Py39	A	A	0.3539176285266876
798	HR05	Py41	A	A	0.3621184527873993
799	HR05	Py43	A	A	0.3691136538982391
800	HR05	Py45	A	A	0.3981304466724396
801	HR05	Py47	A	A	0.3677375316619873
802	HR05	Py51	A	A	0.34564009308815
803	HR05	Py55	A	A	0.383563905954361
804	HR05	Py57	A	A	0.3809115886688232
805	HR05	Py59	A	A	0.4105706214904785
806	HR05	Py61	A	A	0.4346121549606323
807	HR05	Py63	A	A	0.3594598472118378
808	HR05	Py65	A	A	0.353515237569809
809	HR05	Py67	A	A	0.3575443625450134
810	HR05	Py69	A	A	0.3673954010009766
811	HR05	Py71	A	A	0.3639404475688934
812	HR05	Py73	A	A	0.4468962550163269
813	HR05	Py75	A	A	0.4418712258338928
814	HR05	Py78	A	A	0.4137158095836639
815	HR05	Py80	A	A	0.4198544323444366
816	HR05	Py82	A	A	0.378096729516983
817	HR05	Py84	A	A	0.4156546890735626
818	HR05	Py86	A	A	0.4078507125377655
819	HR05	Py88	A	A	0.4135005176067352
820	HR07	Py1	A	A	0.3708722293376923
821	HR07	Py3	A	A	0.3717942535877228
822	HR07	Py5	A	A	0.4134260714054108
823	HR07	Py7	A	A	0.370409369468689
824	HR07	Py9	A	A	0.3704975247383118
825	HR07	Py11	A	A	0.3851421475410461
826	HR07	Py13	A	A	0.3722349107265472
827	HR07	Py15	A	A	0.3873681724071503
828	HR07	Py17	A	A	0.3739434480667114
829	HR07	Py19	A	A	0.4281616806983948
830	HR07	Py25	A	A	0.4318421483039856
831	HR07	Py27	A	A	0.3758832216262817
832	HR07	Py29	A	A	0.3742483556270599
833	HR07	Py31	A	A	0.3740520477294922
834	HR07	Py33	A	A	0.3846594393253326
835	HR07	Py35	A	A	0.3703489303588867
836	HR07	Py37	A	A	0.3855499923229218
837	HR07	Py39	A	A	0.3708753287792206
838	HR07	Py41	A	A	0.3796179592609406
839	HR07	Py43	A	A	0.3847633600234985
840	HR07	Py45	A	A	0.4079732298851013
841	HR07	Py47	A	A	0.3830577731132507
842	HR07	Py51	A	A	0.3629056811332703
843	HR07	Py55	A	A	0.3956472277641296
844	HR07	Py57	A	A	0.3932528495788574
845	HR07	Py59	A	A	0.4229682683944702
846	HR07	Py61	A	A	0.4471226930618286
847	HR07	Py63	A	A	0.3761611580848694
848	HR07	Py65	A	A	0.3692150712013245
849	HR07	Py67	A	A	0.3741662800312042
850	HR07	Py69	A	A	0.3832980692386627
851	HR07	Py71	A	A	0.3808618187904358
852	HR07	Py73	A	A	0.3919547200202942
853	HR07	Py75	A	A	0.3762677907943726
854	HR07	Py78	A	A	0.4079757928848267
855	HR07	Py80	A	A	0.3554008901119232
856	HR07	Py82	A	A	0.378740668296814
857	HR07	Py84	A	A	0.3995015025138855
858	HR07	Py86	A	A	0.3864354491233826
859	HR07	Py88	A	A	0.3943354785442352
860	HR07	HR05	A	A	0.1994514614343643
861	HR09	Py1	A	A	0.3092834055423737
862	HR09	Py3	A	A	0.3103753328323364
863	HR09	Py5	A	A	0.3374823033809662
864	HR09	Py7	A	A	0.3052416145801544
865	HR09	Py9	A	A	0.3049381971359253
866	HR09	Py11	A	A	0.3200145065784454
867	HR09	Py13	A	A	0.3071960508823395
868	HR09	Py15	A	A	0.3238715529441833
869	HR09	Py17	A	A	0.3093229830265045
870	HR09	Py19	A	A	0.3539645075798035
871	HR09	Py25	A	A	0.3540737330913544
872	HR09	Py27	A	A	0.3105827867984772
873	HR09	Py29	A	A	0.310225248336792
874	HR09	Py31	A	A	0.3098194599151611
875	HR09	Py33	A	A	0.3208390176296234
876	HR09	Py35	A	A	0.305312842130661
877	HR09	Py37	A	A	0.3198388814926147
878	HR09	Py39	A	A	0.3058155477046967
879	HR09	Py41	A	A	0.3098112642765045
880	HR09	Py43	A	A	0.3160566389560699
881	HR09	Py45	A	A	0.3397754728794098
882	HR09	Py47	A	A	0.3160696625709534
883	HR09	Py51	A	A	0.2925527989864349
884	HR09	Py55	A	A	0.3309395313262939
885	HR09	Py57	A	A	0.3286097943782806
886	HR09	Py59	A	A	0.3466310501098633
887	HR09	Py61	A	A	0.3761121034622192
888	HR09	Py63	A	A	0.3064126372337341
889	HR09	Py65	A	A	0.2996593713760376
890	HR09	Py67	A	A	0.3049987256526947
891	HR09	Py69	A	A	0.3141371011734009
892	HR09	Py71	A	A	0.3118762969970703
893	HR09	Py73	A	A	0.4236534833908081
894	HR09	Py75	A	A	0.419068455696106
895	HR09	Py78	A	A	0.3846487402915955
896	HR09	Py80	A	A	0.4049509465694427
897	HR09	Py82	A	A	0.3553377091884613
898	HR09	Py84	A	A	0.3928222060203552
899	HR09	Py86	A	A	0.3945598006248474
900	HR09	Py88	A	A	0.3997796475887299
901	HR09	HR05	A	A	0.2151978313922882
902	HR09	HR07	A	A	0.2707698941230774
903	HR11	Py1	A	A	0.3523323833942413
904	HR11	Py3	A	A	0.3527671694755554
905	HR11	Py5	A	A	0.3975103497505188
906	HR11	Py7	A	A	0.3505315780639648
907	HR11	Py9	A	A	0.3506226539611816
908	HR11	Py11	A	A	0.3659709990024567
909	HR11	Py13	A	A	0.352975070476532
910	HR11	Py15	A	A	0.3687160909175873
911	HR11	Py17	A	A	0.3543134927749634
912	HR11	Py19	A	A	0.4155399203300476
913	HR11	Py25	A	A	0.4181694388389587
914	HR11	Py27	A	A	0.355935126543045
915	HR11	Py29	A	A	0.3543217182159424
916	HR11	Py31	A	A	0.3547182679176331
917	HR11	Py33	A	A	0.3663557469844818
918	HR11	Py35	A	A	0.349541962146759
919	HR11	Py37	A	A	0.3602989614009857
920	HR11	Py39	A	A	0.3429620563983917
921	HR11	Py41	A	A	0.3566237688064575
922	HR11	Py43	A	A	0.365231841802597
923	HR11	Py45	A	A	0.3948546051979065
924	HR11	Py47	A	A	0.3641755282878876
925	HR11	Py51	A	A	0.3419157564640045
926	HR11	Py55	A	A	0.379297286272049
927	HR11	Py57	A	A	0.3769497275352478
928	HR11	Py59	A	A	0.410078376531601
929	HR11	Py61	A	A	0.4340780973434448
930	HR11	Py63	A	A	0.3556726276874542
931	HR11	Py65	A	A	0.3500862121582031
932	HR11	Py67	A	A	0.3527466356754303
933	HR11	Py69	A	A	0.3632999360561371
934	HR11	Py71	A	A	0.359352707862854
935	HR11	Py73	A	A	0.4803743064403534
936	HR11	Py75	A	A	0.4697217047214508
937	HR11	Py78	A	A	0.4175363481044769
938	HR11	Py80	A	A	0.4406280517578125
939	HR11	Py82	A	A	0.3959591686725616
940	HR11	Py84	A	A	0.417809784412384
941	HR11	Py86	A	A	0.4132532477378845
942	HR11	Py88	A	A	0.4184266328811646
943	HR11	HR05	A	A	0.2297775447368622
944	HR11	HR07	A	A	0.2964035868644714
945	HR11	HR09	A	A	0.2619591951370239
946	HR15	Py1	A	A	0.4391195178031921
947	HR15	Py3	A	A	0.4400285184383392
948	HR15	Py5	A	A	0.4803876876831055
949	HR15	Py7	A	A	0.4393195509910583
950	HR15	Py9	A	A	0.4395662844181061
951	HR15	Py11	A	A	0.4544540047645569
952	HR15	Py13	A	A	0.4398057460784912
953	HR15	Py15	A	A	0.4570232331752777
954	HR15	Py17	A	A	0.4451951384544373
955	HR15	Py19	A	A	0.4969165027141571
956	HR15	Py25	A	A	0.4982041120529175
957	HR15	Py27	A	A	0.4454481899738312
958	HR15	Py29	A	A	0.4449944794178009
959	HR15	Py31	A	A	0.445572555065155
960	HR15	Py33	A	A	0.4565500915050507
961	HR15	Py35	A	A	0.4400348365306854
962	HR15	Py37	A	A	0.4429585039615631
963	HR15	Py39	A	A	0.425314724445343
964	HR15	Py41	A	A	0.4400385022163391
965	HR15	Py43	A	A	0.4488206803798676
966	HR15	Py45	A	A	0.4736637473106384
967	HR15	Py47	A	A	0.4484212100505829
968	HR15	Py51	A	A	0.424943745136261
969	HR15	Py55	A	A	0.4644304811954498
970	HR15	Py57	A	A	0.4622589945793152
971	HR15	Py59	A	A	0.4839106798171997
972	HR15	Py61	A	A	0.5072807669639587
973	HR15	Py63	A	A	0.4395125508308411
974	HR15	Py65	A	A	0.43345707654953
975	HR15	Py67	A	A	0.4367351830005646
976	HR15	Py69	A	A	0.4468139708042145
977	HR15	Py71	A	A	0.442973256111145
978	HR15	Py73	A	A	0.4887858629226685
979	HR15	Py75	A	A	0.4790364503860474
980	HR15	Py78	A	A	0.4612822830677032
981	HR15	Py80	A	A	0.4534206390380859
982	HR15	Py82	A	A	0.4289852678775787
983	HR15	Py84	A	A	0.459056556224823
984	HR15	Py86	A	A	0.4448324739933014
985	HR15	Py88	A	A	0.4488252699375153
986	HR15	HR05	A	A	0.2460976988077164
987	HR15	HR07	A	A	0.2894831001758575
988	HR15	HR09	A	A	0.3150516450405121
989	HR15	HR11	A	A	0.2563289403915405
990	HR19	Py1	A	A	0.3565607070922852
991	HR19	Py3	A	A	0.3572693765163422
992	HR19	Py5	A	A	0.4070355296134949
993	HR19	Py7	A	A	0.3542445600032806
994	HR19	Py9	A	A	0.3543843924999237
995	HR19	Py11	A	A	0.3693891167640686
996	HR19	Py13	A	A	0.3567515909671783
997	HR19	Py15	A	A	0.3743526637554169
998	HR19	Py17	A	A	0.3591035306453705
999	HR19	Py19	A	A	0.4227672219276428
1000	HR19	Py25	A	A	0.4251934885978699
1001	HR19	Py27	A	A	0.3598605394363403
1002	HR19	Py29	A	A	0.3592470288276672
1003	HR19	Py31	A	A	0.3596428334712982
1004	HR19	Py33	A	A	0.3709186911582947
1005	HR19	Py35	A	A	0.3541854321956635
1006	HR19	Py37	A	A	0.3572801351547241
1007	HR19	Py39	A	A	0.340238481760025
1008	HR19	Py41	A	A	0.3530367612838745
1009	HR19	Py43	A	A	0.3612527251243591
1010	HR19	Py45	A	A	0.3999780714511871
1011	HR19	Py47	A	A	0.3634142875671387
1012	HR19	Py51	A	A	0.3382779657840729
1013	HR19	Py55	A	A	0.3860253095626831
1014	HR19	Py57	A	A	0.3838320374488831
1015	HR19	Py59	A	A	0.4097863137722015
1016	HR19	Py61	A	A	0.4339703917503357
1017	HR19	Py63	A	A	0.3523344695568085
1018	HR19	Py65	A	A	0.3471493422985077
1019	HR19	Py67	A	A	0.3498857021331787
1020	HR19	Py69	A	A	0.359485924243927
1021	HR19	Py71	A	A	0.3562868237495422
1022	HR19	Py73	A	A	0.4629440605640411
1023	HR19	Py75	A	A	0.4491601586341858
1024	HR19	Py78	A	A	0.4064887464046478
1025	HR19	Py80	A	A	0.4201887249946594
1026	HR19	Py82	A	A	0.3778413236141205
1027	HR19	Py84	A	A	0.3951815068721771
1028	HR19	Py86	A	A	0.3820343911647797
1029	HR19	Py88	A	A	0.3966342210769653
1030	HR19	HR05	A	A	0.2286253720521927
1031	HR19	HR07	A	A	0.2826751172542572
1032	HR19	HR09	A	A	0.2706950902938843
1033	HR19	HR11	A	A	0.1854896694421768
1034	HR19	HR15	A	A	0.2761461734771729
1035	HR21	Py1	A	A	0.3726656436920166
1036	HR21	Py3	A	A	0.371631532907486
1037	HR21	Py5	A	A	0.4128147065639496
1038	HR21	Py7	A	A	0.3698937594890594
1039	HR21	Py9	A	A	0.3696413934230804
1040	HR21	Py11	A	A	0.3833158314228058
1041	HR21	Py13	A	A	0.3734548687934875
1042	HR21	Py15	A	A	0.385863184928894
1043	HR21	Py17	A	A	0.3712620139122009
1044	HR21	Py19	A	A	0.4309195876121521
1045	HR21	Py25	A	A	0.434924453496933
1046	HR21	Py27	A	A	0.3739427924156189
1047	HR21	Py29	A	A	0.373264491558075
1048	HR21	Py31	A	A	0.3705769777297974
1049	HR21	Py33	A	A	0.3817062675952911
1050	HR21	Py35	A	A	0.3681508898735046
1051	HR21	Py37	A	A	0.3818183243274689
1052	HR21	Py39	A	A	0.3638022840023041
1053	HR21	Py41	A	A	0.3792850971221924
1054	HR21	Py43	A	A	0.3869637250900269
1055	HR21	Py45	A	A	0.4146440029144287
1056	HR21	Py47	A	A	0.3861563801765442
1057	HR21	Py51	A	A	0.3645995855331421
1058	HR21	Py55	A	A	0.3981239795684814
1059	HR21	Py57	A	A	0.399074912071228
1060	HR21	Py59	A	A	0.433967113494873
1061	HR21	Py61	A	A	0.4549050033092499
1062	HR21	Py63	A	A	0.3772449195384979
1063	HR21	Py65	A	A	0.3712930679321289
1064	HR21	Py67	A	A	0.3744147121906281
1065	HR21	Py69	A	A	0.3848589658737183
1066	HR21	Py71	A	A	0.3805491924285889
1067	HR21	Py73	A	A	0.4735336005687714
1068	HR21	Py75	A	A	0.4595986306667328
1069	HR21	Py78	A	A	0.4029595851898193
1070	HR21	Py80	A	A	0.4338862895965576
1071	HR21	Py82	A	A	0.3859079778194427
1072	HR21	Py84	A	A	0.3928566873073578
1073	HR21	Py86	A	A	0.3871412575244904
1074	HR21	Py88	A	A	0.4023976624011993
1075	HR21	HR05	A	A	0.2199739515781403
1076	HR21	HR07	A	A	0.2750271558761597
1077	HR21	HR09	A	A	0.2863176465034485
1078	HR21	HR11	A	A	0.1997842341661453
1079	HR21	HR15	A	A	0.2666944563388824
1080	HR21	HR19	A	A	0.1649570763111115
1081	HR25	Py1	A	A	0.4864195883274078
1082	HR25	Py3	A	A	0.4857725203037262
1083	HR25	Py5	A	A	0.4945526123046875
1084	HR25	Py7	A	A	0.4808831214904785
1085	HR25	Py9	A	A	0.4818719327449799
1086	HR25	Py11	A	A	0.4936369955539703
1087	HR25	Py13	A	A	0.4876628518104553
1088	HR25	Py15	A	A	0.4953310191631317
1089	HR25	Py17	A	A	0.4798749685287476
1090	HR25	Py19	A	A	0.5219192504882812
1091	HR25	Py25	A	A	0.5248697996139526
1092	HR25	Py27	A	A	0.4818553924560547
1093	HR25	Py29	A	A	0.4809836447238922
1094	HR25	Py31	A	A	0.4787310659885406
1095	HR25	Py33	A	A	0.4892382919788361
1096	HR25	Py35	A	A	0.4760229885578156
1097	HR25	Py37	A	A	0.4989652037620544
1098	HR25	Py39	A	A	0.4809254109859467
1099	HR25	Py41	A	A	0.4948064088821411
1100	HR25	Py43	A	A	0.5030946135520935
1101	HR25	Py45	A	A	0.5187911987304688
1102	HR25	Py47	A	A	0.5025635957717896
1103	HR25	Py51	A	A	0.480832576751709
1104	HR25	Py55	A	A	0.5113118290901184
1105	HR25	Py57	A	A	0.5139895677566528
1106	HR25	Py59	A	A	0.5350294709205627
1107	HR25	Py61	A	A	0.5585184693336487
1108	HR25	Py63	A	A	0.4925137460231781
1109	HR25	Py65	A	A	0.486824095249176
1110	HR25	Py67	A	A	0.4903543293476105
1111	HR25	Py69	A	A	0.5004985332489014
1112	HR25	Py71	A	A	0.4962968528270721
1113	HR25	Py73	A	A	0.5810604691505432
1114	HR25	Py75	A	A	0.5674383640289307
1115	HR25	Py78	A	A	0.5285709500312805
1116	HR25	Py80	A	A	0.5605559349060059
1117	HR25	Py82	A	A	0.5253915190696716
1118	HR25	Py84	A	A	0.5231356620788574
1119	HR25	Py86	A	A	0.5255021452903748
1120	HR25	Py88	A	A	0.5374577641487122
1121	HR25	HR05	A	A	0.4466769695281982
1122	HR25	HR07	A	A	0.4709783792495728
1123	HR25	HR09	A	A	0.439868152141571
1124	HR25	HR11	A	A	0.4111725091934204
1125	HR25	HR15	A	A	0.4965600669384003
1126	HR25	HR19	A	A	0.3995194137096405
1127	HR25	HR21	A	A	0.353951632976532
1128	HR31	Py1	A	A	0.4780098795890808
1129	HR31	Py3	A	A	0.4777370691299438
1130	HR31	Py5	A	A	0.48271444439888
1131	HR31	Py7	A	A	0.4666664302349091
1132	HR31	Py9	A	A	0.4663123786449432
1133	HR31	Py11	A	A	0.4755008816719055
1134	HR31	Py13	A	A	0.4716420769691467
1135	HR31	Py15	A	A	0.4775806963443756
1136	HR31	Py17	A	A	0.4632390439510345
1137	HR31	Py19	A	A	0.5028568506240845
1138	HR31	Py25	A	A	0.5086348056793213
1139	HR31	Py27	A	A	0.468053936958313
1140	HR31	Py29	A	A	0.4674981534481049
1141	HR31	Py31	A	A	0.4614770710468292
1142	HR31	Py33	A	A	0.471953958272934
1143	HR31	Py35	A	A	0.4624912440776825
1144	HR31	Py37	A	A	0.4871609807014465
1145	HR31	Py39	A	A	0.4691710472106934
1146	HR31	Py41	A	A	0.4796677827835083
1147	HR31	Py43	A	A	0.4865263402462006
1148	HR31	Py45	A	A	0.5021291971206665
1149	HR31	Py47	A	A	0.485925555229187
1150	HR31	Py51	A	A	0.4656607210636139
1151	HR31	Py55	A	A	0.4944576025009155
1152	HR31	Py57	A	A	0.4971749782562256
1153	HR31	Py59	A	A	0.51808100938797
1154	HR31	Py61	A	A	0.5421326160430908
1155	HR31	Py63	A	A	0.4768090844154358
1156	HR31	Py65	A	A	0.471056342124939
1157	HR31	Py67	A	A	0.4743710458278656
1158	HR31	Py69	A	A	0.4847778975963593
1159	HR31	Py71	A	A	0.4807434976100922
1160	HR31	Py73	A	A	0.5861877799034119
1161	HR31	Py75	A	A	0.5711072683334351
1162	HR31	Py78	A	A	0.5267155766487122
1163	HR31	Py80	A	A	0.55858314037323
1164	HR31	Py82	A	A	0.5235390663146973
1165	HR31	Py84	A	A	0.52085280418396
1166	HR31	Py86	A	A	0.5251047015190125
1167	HR31	Py88	A	A	0.5353243947029114
1168	HR31	HR05	A	A	0.4613377451896667
1169	HR31	HR07	A	A	0.4859686195850372
1170	HR31	HR09	A	A	0.4391281604766846
1171	HR31	HR11	A	A	0.4265812039375305
1172	HR31	HR15	A	A	0.5168357491493225
1173	HR31	HR19	A	A	0.4183792769908905
1174	HR31	HR21	A	A	0.3707697987556458
1175	HR31	HR25	A	A	0.1419832706451416
1176	HR33	Py1	A	A	0.3975679874420166
1177	HR33	Py3	A	A	0.3985884189605713
1178	HR33	Py5	A	A	0.437049388885498
1179	HR33	Py7	A	A	0.3978637158870697
1180	HR33	Py9	A	A	0.3975887894630432
1181	HR33	Py11	A	A	0.4139201045036316
1182	HR33	Py13	A	A	0.3989337980747223
1183	HR33	Py15	A	A	0.416934072971344
1184	HR33	Py17	A	A	0.405909538269043
1185	HR33	Py19	A	A	0.4537279009819031
1186	HR33	Py25	A	A	0.4525359272956848
1187	HR33	Py27	A	A	0.4065929651260376
1188	HR33	Py29	A	A	0.4063993096351624
1189	HR33	Py31	A	A	0.4065355360507965
1190	HR33	Py33	A	A	0.417321652173996
1191	HR33	Py35	A	A	0.4009087979793549
1192	HR33	Py37	A	A	0.397175669670105
1193	HR33	Py39	A	A	0.378827303647995
1194	HR33	Py41	A	A	0.3942838907241821
1195	HR33	Py43	A	A	0.4051468372344971
1196	HR33	Py45	A	A	0.4299699366092682
1197	HR33	Py47	A	A	0.4062686264514923
1198	HR33	Py51	A	A	0.3804971873760223
1199	HR33	Py55	A	A	0.4224299490451813
1200	HR33	Py57	A	A	0.4209719300270081
1201	HR33	Py59	A	A	0.4391121864318848
1202	HR33	Py61	A	A	0.4592563211917877
1203	HR33	Py63	A	A	0.3935827314853668
1204	HR33	Py65	A	A	0.3889654874801636
1205	HR33	Py67	A	A	0.3942365050315857
1206	HR33	Py69	A	A	0.4025982916355133
1207	HR33	Py71	A	A	0.3969869315624237
1208	HR33	Py73	A	A	0.4968734383583069
1209	HR33	Py75	A	A	0.4833707511425018
1210	HR33	Py78	A	A	0.4384352266788483
1211	HR33	Py80	A	A	0.4568800330162048
1212	HR33	Py82	A	A	0.4124684929847717
1213	HR33	Py84	A	A	0.4236928820610046
1214	HR33	Py86	A	A	0.41178297996521
1215	HR33	Py88	A	A	0.4256862699985504
1216	HR33	HR05	A	A	0.2695426344871521
1217	HR33	HR07	A	A	0.3298116326332092
1218	HR33	HR09	A	A	0.3015937507152557
1219	HR33	HR11	A	A	0.2217989861965179
1220	HR33	HR15	A	A	0.3126688897609711
1221	HR33	HR19	A	A	0.1998273581266403
1222	HR33	HR21	A	A	0.1795908510684967
1223	HR33	HR25	A	A	0.3536036908626556
1224	HR33	HR31	A	A	0.390283465385437
1225	HR37	Py1	A	A	0.40923011302948
1226	HR37	Py3	A	A	0.4082494080066681
1227	HR37	Py5	A	A	0.418039470911026
1228	HR37	Py7	A	A	0.4022285938262939
1229	HR37	Py9	A	A	0.4028764069080353
1230	HR37	Py11	A	A	0.4128678441047668
1231	HR37	Py13	A	A	0.4077467620372772
1232	HR37	Py15	A	A	0.4148868024349213
1233	HR37	Py17	A	A	0.3993101418018341
1234	HR37	Py19	A	A	0.4417533874511719
1235	HR37	Py25	A	A	0.4480033814907074
1236	HR37	Py27	A	A	0.4025198817253113
1237	HR37	Py29	A	A	0.4010772407054901
1238	HR37	Py31	A	A	0.3976736068725586
1239	HR37	Py33	A	A	0.4084814786911011
1240	HR37	Py35	A	A	0.3969442844390869
1241	HR37	Py37	A	A	0.4190113842487335
1242	HR37	Py39	A	A	0.4007432162761688
1243	HR37	Py41	A	A	0.4157636165618896
1244	HR37	Py43	A	A	0.4242949783802032
1245	HR37	Py45	A	A	0.4396535456180573
1246	HR37	Py47	A	A	0.4237841963768005
1247	HR37	Py51	A	A	0.4022152125835419
1248	HR37	Py55	A	A	0.4323541522026062
1249	HR37	Py57	A	A	0.434756338596344
1250	HR37	Py59	A	A	0.4561248123645782
1251	HR37	Py61	A	A	0.4807494878768921
1252	HR37	Py63	A	A	0.4137434959411621
1253	HR37	Py65	A	A	0.4079090356826782
1254	HR37	Py67	A	A	0.4111992716789246
1255	HR37	Py69	A	A	0.421441912651062
1256	HR37	Py71	A	A	0.4175932705402374
1257	HR37	Py73	A	A	0.5225390791893005
1258	HR37	Py75	A	A	0.5045697689056396
1259	HR37	Py78	A	A	0.4631556570529938
1260	HR37	Py80	A	A	0.4947929382324219
1261	HR37	Py82	A	A	0.4525150060653687
1262	HR37	Py84	A	A	0.4634743332862854
1263	HR37	Py86	A	A	0.4632581770420074
1264	HR37	Py88	A	A	0.4651001691818237
1265	HR37	HR05	A	A	0.3669782876968384
1266	HR37	HR07	A	A	0.3942872285842896
1267	HR37	HR09	A	A	0.3601380884647369
1268	HR37	HR11	A	A	0.3330197334289551
1269	HR37	HR15	A	A	0.4299632906913757
1270	HR37	HR19	A	A	0.3541284203529358
1271	HR37	HR21	A	A	0.3396524488925934
1272	HR37	HR25	A	A	0.2370516061782837
1273	HR37	HR31	A	A	0.2193670868873596
1274	HR37	HR33	A	A	0.3530933856964111
1275	HR47	Py1	A	A	0.4228311777114868
1276	HR47	Py3	A	A	0.4226276278495789
1277	HR47	Py5	A	A	0.4334642589092255
1278	HR47	Py7	A	A	0.4112756848335266
1279	HR47	Py9	A	A	0.4107967913150787
1280	HR47	Py11	A	A	0.4216340184211731
1281	HR47	Py13	A	A	0.4159227013587952
1282	HR47	Py15	A	A	0.4244678914546967
1283	HR47	Py17	A	A	0.410766065120697
1284	HR47	Py19	A	A	0.4518495202064514
1285	HR47	Py25	A	A	0.455357700586319
1286	HR47	Py27	A	A	0.4152108132839203
1287	HR47	Py29	A	A	0.4147460460662842
1288	HR47	Py31	A	A	0.4092943966388702
1289	HR47	Py33	A	A	0.4199572801589966
1290	HR47	Py35	A	A	0.4093790948390961
1291	HR47	Py37	A	A	0.4324250817298889
1292	HR47	Py39	A	A	0.4141687750816345
1293	HR47	Py41	A	A	0.4241856634616852
1294	HR47	Py43	A	A	0.4303370714187622
1295	HR47	Py45	A	A	0.4462106823921204
1296	HR47	Py47	A	A	0.4294876456260681
1297	HR47	Py51	A	A	0.4093555510044098
1298	HR47	Py55	A	A	0.4380070567131042
1299	HR47	Py57	A	A	0.4405810236930847
1300	HR47	Py59	A	A	0.4620786607265472
1301	HR47	Py61	A	A	0.4882411360740662
1302	HR47	Py63	A	A	0.4221592545509338
1303	HR47	Py65	A	A	0.4155268669128418
1304	HR47	Py67	A	A	0.4190120100975037
1305	HR47	Py69	A	A	0.4292933642864227
1306	HR47	Py71	A	A	0.4261155426502228
1307	HR47	Py73	A	A	0.5153562426567078
1308	HR47	Py75	A	A	0.5176938772201538
1309	HR47	Py78	A	A	0.4926972389221191
1310	HR47	Py80	A	A	0.5131101608276367
1311	HR47	Py82	A	A	0.4753457307815552
1312	HR47	Py84	A	A	0.498923659324646
1313	HR47	Py86	A	A	0.502922534942627
1314	HR47	Py88	A	A	0.5060778260231018
1315	HR47	HR05	A	A	0.4061271846294403
1316	HR47	HR07	A	A	0.4351305961608887
1317	HR47	HR09	A	A	0.3816981911659241
1318	HR47	HR11	A	A	0.3951789736747742
1319	HR47	HR15	A	A	0.4735227227210999
1320	HR47	HR19	A	A	0.410403847694397
1321	HR47	HR21	A	A	0.4005660712718964
1322	HR47	HR25	A	A	0.2790494561195374
1323	HR47	HR31	A	A	0.2403530031442642
1324	HR47	HR33	A	A	0.421271800994873
1325	HR47	HR37	A	A	0.2180546224117279
1326	HR50	Py1	A	A	0.3883899748325348
1327	HR50	Py3	A	A	0.3894430696964264
1328	HR50	Py5	A	A	0.4320821166038513
1329	HR50	Py7	A	A	0.3897838592529297
1330	HR50	Py9	A	A	0.3897948265075684
1331	HR50	Py11	A	A	0.4052602052688599
1332	HR50	Py13	A	A	0.3899423480033875
1333	HR50	Py15	A	A	0.407729297876358
1334	HR50	Py17	A	A	0.3948361575603485
1335	HR50	Py19	A	A	0.4485506117343903
1336	HR50	Py25	A	A	0.4504599571228027
1337	HR50	Py27	A	A	0.395304411649704
1338	HR50	Py29	A	A	0.394405335187912
1339	HR50	Py31	A	A	0.395313560962677
1340	HR50	Py33	A	A	0.4063268303871155
1341	HR50	Py35	A	A	0.3899343311786652
1342	HR50	Py37	A	A	0.3890694081783295
1343	HR50	Py39	A	A	0.3713169395923615
1344	HR50	Py41	A	A	0.3869539499282837
1345	HR50	Py43	A	A	0.3959197998046875
1346	HR50	Py45	A	A	0.424574226140976
1347	HR50	Py47	A	A	0.3976064920425415
1348	HR50	Py51	A	A	0.3720013797283173
1349	HR50	Py55	A	A	0.4138728082180023
1350	HR50	Py57	A	A	0.411747545003891
1351	HR50	Py59	A	A	0.4348899126052856
1352	HR50	Py61	A	A	0.4571692049503326
1353	HR50	Py63	A	A	0.3871614634990692
1354	HR50	Py65	A	A	0.3805859088897705
1355	HR50	Py67	A	A	0.3847536444664001
1356	HR50	Py69	A	A	0.3943181037902832
1357	HR50	Py71	A	A	0.3900499045848846
1358	HR50	Py73	A	A	0.5035739541053772
1359	HR50	Py75	A	A	0.4858966767787933
1360	HR50	Py78	A	A	0.4438599348068237
1361	HR50	Py80	A	A	0.4645468890666962
1362	HR50	Py82	A	A	0.4171072840690613
1363	HR50	Py84	A	A	0.4318143129348755
1364	HR50	Py86	A	A	0.4180547893047333
1365	HR50	Py88	A	A	0.4310812056064606
1366	HR50	HR05	A	A	0.2803666293621063
1367	HR50	HR07	A	A	0.3242964446544647
1368	HR50	HR09	A	A	0.309171199798584
1369	HR50	HR11	A	A	0.2010803371667862
1370	HR50	HR15	A	A	0.3201918303966522
1371	HR50	HR19	A	A	0.1755913197994232
1372	HR50	HR21	A	A	0.1746659725904465
1373	HR50	HR25	A	A	0.3279028534889221
1374	HR50	HR31	A	A	0.3775195181369781
1375	HR50	HR33	A	A	0.1639257818460464
1376	HR50	HR37	A	A	0.3470546901226044
1377	HR50	HR47	A	A	0.4070872366428375
1378	HR52	Py1	A	A	0.4597266614437103
1379	HR52	Py3	A	A	0.4607340693473816
1380	HR52	Py5	A	A	0.4989090263843536
1381	HR52	Py7	A	A	0.4606888294219971
1382	HR52	Py9	A	A	0.460600346326828
1383	HR52	Py11	A	A	0.4781659841537476
1384	HR52	Py13	A	A	0.4613439440727234
1385	HR52	Py15	A	A	0.4810330271720886
1386	HR52	Py17	A	A	0.4705447256565094
1387	HR52	Py19	A	A	0.5153243541717529
1388	HR52	Py25	A	A	0.5120947957038879
1389	HR52	Py27	A	A	0.4711705446243286
1390	HR52	Py29	A	A	0.4705084264278412
1391	HR52	Py31	A	A	0.4711879193782806
1392	HR52	Py33	A	A	0.4821586906909943
1393	HR52	Py35	A	A	0.4652902483940125
1394	HR52	Py37	A	A	0.4512656331062317
1395	HR52	Py39	A	A	0.4343704283237457
1396	HR52	Py41	A	A	0.447891503572464
1397	HR52	Py43	A	A	0.4632818102836609
1398	HR52	Py45	A	A	0.4893686175346375
1399	HR52	Py47	A	A	0.4662430584430695
1400	HR52	Py51	A	A	0.437608003616333
1401	HR52	Py55	A	A	0.485674113035202
1402	HR52	Py57	A	A	0.4832350015640259
1403	HR52	Py59	A	A	0.4921574592590332
1404	HR52	Py61	A	A	0.5111863017082214
1405	HR52	Py63	A	A	0.4490925073623657
1406	HR52	Py65	A	A	0.4465813636779785
1407	HR52	Py67	A	A	0.4534726440906525
1408	HR52	Py69	A	A	0.4602391719818115
1409	HR52	Py71	A	A	0.4516388475894928
1410	HR52	Py73	A	A	0.5477586984634399
1411	HR52	Py75	A	A	0.5282434225082397
1412	HR52	Py78	A	A	0.4994395971298218
1413	HR52	Py80	A	A	0.5046595335006714
1414	HR52	Py82	A	A	0.4690664410591125
1415	HR52	Py84	A	A	0.4843067228794098
1416	HR52	Py86	A	A	0.4653266370296478
1417	HR52	Py88	A	A	0.4789545238018036
1418	HR52	HR05	A	A	0.3671118915081024
1419	HR52	HR07	A	A	0.4009190797805786
1420	HR52	HR09	A	A	0.3824413120746613
1421	HR52	HR11	A	A	0.3162425756454468
1422	HR52	HR15	A	A	0.3975255191326141
1423	HR52	HR19	A	A	0.2783102989196777
1424	HR52	HR21	A	A	0.2798435091972351
1425	HR52	HR25	A	A	0.2755943238735199
1426	HR52	HR31	A	A	0.3453336358070374
1427	HR52	HR33	A	A	0.2372078448534012
1428	HR52	HR37	A	A	0.3191597759723663
1429	HR52	HR47	A	A	0.4070193469524384
1430	HR52	HR50	A	A	0.2137740701436996
1431	HR56	Py1	A	A	0.3439992964267731
1432	HR56	Py3	A	A	0.3444513082504272
1433	HR56	Py5	A	A	0.3898846507072449
1434	HR56	Py7	A	A	0.339665561914444
1435	HR56	Py9	A	A	0.3398999571800232
1436	HR56	Py11	A	A	0.3547118604183197
1437	HR56	Py13	A	A	0.3444486856460571
1438	HR56	Py15	A	A	0.357283890247345
1439	HR56	Py17	A	A	0.3447967767715454
1440	HR56	Py19	A	A	0.4026278257369995
1441	HR56	Py25	A	A	0.4041196703910828
1442	HR56	Py27	A	A	0.3459569811820984
1443	HR56	Py29	A	A	0.3454209864139557
1444	HR56	Py31	A	A	0.3452107906341553
1445	HR56	Py33	A	A	0.3564364016056061
1446	HR56	Py35	A	A	0.3398095965385437
1447	HR56	Py37	A	A	0.3491705358028412
1448	HR56	Py39	A	A	0.3343815207481384
1449	HR56	Py41	A	A	0.3453875482082367
1450	HR56	Py43	A	A	0.3554001748561859
1451	HR56	Py45	A	A	0.3781697750091553
1452	HR56	Py47	A	A	0.3530633151531219
1453	HR56	Py51	A	A	0.3331556618213654
1454	HR56	Py55	A	A	0.3711296319961548
1455	HR56	Py57	A	A	0.3727310597896576
1456	HR56	Py59	A	A	0.4046843349933624
1457	HR56	Py61	A	A	0.4257777333259583
1458	HR56	Py63	A	A	0.345122754573822
1459	HR56	Py65	A	A	0.3394804298877716
1460	HR56	Py67	A	A	0.3419963121414185
1461	HR56	Py69	A	A	0.3523870706558228
1462	HR56	Py71	A	A	0.3486018776893616
1463	HR56	Py73	A	A	0.5110957622528076
1464	HR56	Py75	A	A	0.4946601688861847
1465	HR56	Py78	A	A	0.426292210817337
1466	HR56	Py80	A	A	0.4655007421970367
1467	HR56	Py82	A	A	0.4026623666286469
1468	HR56	Py84	A	A	0.4140467643737793
1469	HR56	Py86	A	A	0.4103327393531799
1470	HR56	Py88	A	A	0.4251213669776917
1471	HR56	HR05	A	A	0.2841733694076538
1472	HR56	HR07	A	A	0.3405444622039795
1473	HR56	HR09	A	A	0.3086027801036835
1474	HR56	HR11	A	A	0.2107772380113602
1475	HR56	HR15	A	A	0.3352222144603729
1476	HR56	HR19	A	A	0.2134642004966736
1477	HR56	HR21	A	A	0.1951141208410263
1478	HR56	HR25	A	A	0.3300162851810455
1479	HR56	HR31	A	A	0.3696544170379639
1480	HR56	HR33	A	A	0.1757437437772751
1481	HR56	HR37	A	A	0.3428493142127991
1482	HR56	HR47	A	A	0.4076476097106934
1483	HR56	HR50	A	A	0.1576018035411835
1484	HR56	HR52	A	A	0.2557103037834167
1485	HR60	Py1	A	A	0.3770187199115753
1486	HR60	Py3	A	A	0.3807590007781982
1487	HR60	Py5	A	A	0.4039055109024048
1488	HR60	Py7	A	A	0.3767031133174896
1489	HR60	Py9	A	A	0.375419557094574
1490	HR60	Py11	A	A	0.3919571936130524
1491	HR60	Py13	A	A	0.377929151058197
1492	HR60	Py15	A	A	0.3954679369926453
1493	HR60	Py17	A	A	0.3825352787971497
1494	HR60	Py19	A	A	0.4229016900062561
1495	HR60	Py25	A	A	0.4195937514305115
1496	HR60	Py27	A	A	0.3863373994827271
1497	HR60	Py29	A	A	0.3864959180355072
1498	HR60	Py31	A	A	0.381744384765625
1499	HR60	Py33	A	A	0.3921162784099579
1500	HR60	Py35	A	A	0.3801213204860687
1501	HR60	Py37	A	A	0.3552340865135193
1502	HR60	Py39	A	A	0.3562837541103363
1503	HR60	Py41	A	A	0.3480355739593506
1504	HR60	Py43	A	A	0.3700188398361206
1505	HR60	Py45	A	A	0.4041496217250824
1506	HR60	Py47	A	A	0.3803366124629974
1507	HR60	Py51	A	A	0.3518558144569397
1508	HR60	Py55	A	A	0.399215430021286
1509	HR60	Py57	A	A	0.3977747857570648
1510	HR60	Py59	A	A	0.3997218906879425
1511	HR60	Py61	A	A	0.3722864985466003
1512	HR60	Py63	A	A	0.3509432077407837
1513	HR60	Py65	A	A	0.3530498147010803
1514	HR60	Py67	A	A	0.3599505424499512
1515	HR60	Py69	A	A	0.3631187975406647
1516	HR60	Py71	A	A	0.352446049451828
1517	HR60	Py73	A	A	0.4558553397655487
1518	HR60	Py75	A	A	0.4099046587944031
1519	HR60	Py78	A	A	0.4504559338092804
1520	HR60	Py80	A	A	0.4611220359802246
1521	HR60	Py82	A	A	0.4109963774681091
1522	HR60	Py84	A	A	0.4552622437477112
1523	HR60	Py86	A	A	0.4312084317207336
1524	HR60	Py88	A	A	0.4084823429584503
1525	HR60	HR05	A	A	0.3580054640769958
1526	HR60	HR07	A	A	0.3961618840694427
1527	HR60	HR09	A	A	0.336866021156311
1528	HR60	HR11	A	A	0.3850526213645935
1529	HR60	HR15	A	A	0.4419372081756592
1530	HR60	HR19	A	A	0.3863747417926788
1531	HR60	HR21	A	A	0.3853656947612762
1532	HR60	HR25	A	A	0.4911614060401917
1533	HR60	HR31	A	A	0.4836088120937347
1534	HR60	HR33	A	A	0.3738298714160919
1535	HR60	HR37	A	A	0.4266111254692078
1536	HR60	HR47	A	A	0.4348209202289581
1537	HR60	HR50	A	A	0.4106575548648834
1538	HR60	HR52	A	A	0.4737350642681122
1539	HR60	HR56	A	A	0.3950533866882324
1540	HR62	Py1	A	A	0.3456749618053436
1541	HR62	Py3	A	A	0.3481901884078979
1542	HR62	Py5	A	A	0.3846890330314636
1543	HR62	Py7	A	A	0.3490345180034637
1544	HR62	Py9	A	A	0.3479802310466766
1545	HR62	Py11	A	A	0.3670215904712677
1546	HR62	Py13	A	A	0.3496751189231873
1547	HR62	Py15	A	A	0.3697305023670197
1548	HR62	Py17	A	A	0.3580395579338074
1549	HR62	Py19	A	A	0.4023304283618927
1550	HR62	Py25	A	A	0.3982402682304382
1551	HR62	Py27	A	A	0.3593409657478333
1552	HR62	Py29	A	A	0.3588966131210327
1553	HR62	Py31	A	A	0.3585230112075806
1554	HR62	Py33	A	A	0.3693147599697113
1555	HR62	Py35	A	A	0.3534604907035828
1556	HR62	Py37	A	A	0.3280507922172546
1557	HR62	Py39	A	A	0.3133729696273804
1558	HR62	Py41	A	A	0.3237861096858978
1559	HR62	Py43	A	A	0.3418538570404053
1560	HR62	Py45	A	A	0.3756216168403625
1561	HR62	Py47	A	A	0.3494459092617035
1562	HR62	Py51	A	A	0.3154406249523163
1563	HR62	Py55	A	A	0.3724542260169983
1564	HR62	Py57	A	A	0.3696700930595398
1565	HR62	Py59	A	A	0.3699512779712677
1566	HR62	Py61	A	A	0.3873433172702789
1567	HR62	Py63	A	A	0.325940728187561
1568	HR62	Py65	A	A	0.3251019716262817
1569	HR62	Py67	A	A	0.3319419026374817
1570	HR62	Py69	A	A	0.3373346030712128
1571	HR62	Py71	A	A	0.3293425142765045
1572	HR62	Py73	A	A	0.4310191869735718
1573	HR62	Py75	A	A	0.4157403111457825
1574	HR62	Py78	A	A	0.3856066465377808
1575	HR62	Py80	A	A	0.4029536843299866
1576	HR62	Py82	A	A	0.3470799922943115
1577	HR62	Py84	A	A	0.3898449242115021
1578	HR62	Py86	A	A	0.3622606694698334
1579	HR62	Py88	A	A	0.3666110634803772
1580	HR62	HR05	A	A	0.2404758036136627
1581	HR62	HR07	A	A	0.3025891482830048
1582	HR62	HR09	A	A	0.2427711635828018
1583	HR62	HR11	A	A	0.2267404347658157
1584	HR62	HR15	A	A	0.2942838370800018
1585	HR62	HR19	A	A	0.2177097797393799
1586	HR62	HR21	A	A	0.2245287001132965
1587	HR62	HR25	A	A	0.3990963995456696
1588	HR62	HR31	A	A	0.4135569036006927
1589	HR62	HR33	A	A	0.2045242637395859
1590	HR62	HR37	A	A	0.3201675415039062
1591	HR62	HR47	A	A	0.3726323246955872
1592	HR62	HR50	A	A	0.2474214732646942
1593	HR62	HR52	A	A	0.2973554134368896
1594	HR62	HR56	A	A	0.2515667676925659
1595	HR62	HR60	A	A	0.2849932610988617
1596	HR64	Py1	A	A	0.5096868276596069
1597	HR64	Py3	A	A	0.5094558000564575
1598	HR64	Py5	A	A	0.5154202580451965
1599	HR64	Py7	A	A	0.5000988245010376
1600	HR64	Py9	A	A	0.5005641579627991
1601	HR64	Py11	A	A	0.5103992223739624
1602	HR64	Py13	A	A	0.5057203769683838
1603	HR64	Py15	A	A	0.5128239393234253
1604	HR64	Py17	A	A	0.496085524559021
1605	HR64	Py19	A	A	0.5377669334411621
1606	HR64	Py25	A	A	0.5448565483093262
1607	HR64	Py27	A	A	0.4996777474880219
1608	HR64	Py29	A	A	0.4984744191169739
1609	HR64	Py31	A	A	0.4944075047969818
1610	HR64	Py33	A	A	0.5049909949302673
1611	HR64	Py35	A	A	0.4946743547916412
1612	HR64	Py37	A	A	0.5193895101547241
1613	HR64	Py39	A	A	0.5014963746070862
1614	HR64	Py41	A	A	0.5143893957138062
1615	HR64	Py43	A	A	0.5220327377319336
1616	HR64	Py45	A	A	0.5376014709472656
1617	HR64	Py47	A	A	0.5216283202171326
1618	HR64	Py51	A	A	0.5008448958396912
1619	HR64	Py55	A	A	0.5299550294876099
1620	HR64	Py57	A	A	0.5322912931442261
1621	HR64	Py59	A	A	0.5535262227058411
1622	HR64	Py61	A	A	0.5780733823776245
1623	HR64	Py63	A	A	0.5121734142303467
1624	HR64	Py65	A	A	0.5060288310050964
1625	HR64	Py67	A	A	0.5096282958984375
1626	HR64	Py69	A	A	0.5197277665138245
1627	HR64	Py71	A	A	0.5163114666938782
1628	HR64	Py73	A	A	0.6103352904319763
1629	HR64	Py75	A	A	0.5986109375953674
1630	HR64	Py78	A	A	0.5598753094673157
1631	HR64	Py80	A	A	0.5875887274742126
1632	HR64	Py82	A	A	0.5536009073257446
1633	HR64	Py84	A	A	0.553502082824707
1634	HR64	Py86	A	A	0.5568257570266724
1635	HR64	Py88	A	A	0.568706214427948
1636	HR64	HR05	A	A	0.4819633662700653
1637	HR64	HR07	A	A	0.5107296705245972
1638	HR64	HR09	A	A	0.4615608155727386
1639	HR64	HR11	A	A	0.4464487433433533
1640	HR64	HR15	A	A	0.5305718779563904
1641	HR64	HR19	A	A	0.4387127459049225
1642	HR64	HR21	A	A	0.3919014632701874
1643	HR64	HR25	A	A	0.1546293646097183
1644	HR64	HR31	A	A	0.1472941339015961
1645	HR64	HR33	A	A	0.3977281153202057
1646	HR64	HR37	A	A	0.2653970718383789
1647	HR64	HR47	A	A	0.3024685978889465
1648	HR64	HR50	A	A	0.3712176382541656
1649	HR64	HR52	A	A	0.2960191071033478
1650	HR64	HR56	A	A	0.3681097030639648
1651	HR64	HR60	A	A	0.515901505947113
1652	HR64	HR62	A	A	0.4381410777568817
1653	HR66	Py1	A	A	0.3995457291603088
1654	HR66	Py3	A	A	0.3995512425899506
1655	HR66	Py5	A	A	0.4315305948257446
1656	HR66	Py7	A	A	0.3956973850727081
1657	HR66	Py9	A	A	0.3956519365310669
1658	HR66	Py11	A	A	0.409849613904953
1659	HR66	Py13	A	A	0.3971742987632751
1660	HR66	Py15	A	A	0.4125159978866577
1661	HR66	Py17	A	A	0.3979098498821259
1662	HR66	Py19	A	A	0.4480176568031311
1663	HR66	Py25	A	A	0.4513290524482727
1664	HR66	Py27	A	A	0.3998700678348541
1665	HR66	Py29	A	A	0.3989534974098206
1666	HR66	Py31	A	A	0.3989726901054382
1667	HR66	Py33	A	A	0.4093009233474731
1668	HR66	Py35	A	A	0.394454151391983
1669	HR66	Py37	A	A	0.4059099555015564
1670	HR66	Py39	A	A	0.3887482285499573
1671	HR66	Py41	A	A	0.4008691608905792
1672	HR66	Py43	A	A	0.4081433415412903
1673	HR66	Py45	A	A	0.4282317757606506
1674	HR66	Py47	A	A	0.407304584980011
1675	HR66	Py51	A	A	0.3858833909034729
1676	HR66	Py55	A	A	0.4201675951480865
1677	HR66	Py57	A	A	0.4190928041934967
1678	HR66	Py59	A	A	0.4428611993789673
1679	HR66	Py61	A	A	0.4655812084674835
1680	HR66	Py63	A	A	0.3998680412769318
1681	HR66	Py65	A	A	0.3948521018028259
1682	HR66	Py67	A	A	0.3974290490150452
1683	HR66	Py69	A	A	0.4068958759307861
1684	HR66	Py71	A	A	0.4042053818702698
1685	HR66	Py73	A	A	0.4613431990146637
1686	HR66	Py75	A	A	0.4477340579032898
1687	HR66	Py78	A	A	0.4094415605068207
1688	HR66	Py80	A	A	0.422094464302063
1689	HR66	Py82	A	A	0.3882504999637604
1690	HR66	Py84	A	A	0.3974941670894623
1691	HR66	Py86	A	A	0.3890834152698517
1692	HR66	Py88	A	A	0.400630384683609
1693	HR66	HR05	A	A	0.2307704538106918
1694	HR66	HR07	A	A	0.2732055485248566
1695	HR66	HR09	A	A	0.2862521409988403
1696	HR66	HR11	A	A	0.2163461297750473
1697	HR66	HR15	A	A	0.2371036410331726
1698	HR66	HR19	A	A	0.2110337615013123
1699	HR66	HR21	A	A	0.1915758848190308
1700	HR66	HR25	A	A	0.3349633514881134
1701	HR66	HR31	A	A	0.341632217168808
1702	HR66	HR33	A	A	0.2377936393022537
1703	HR66	HR37	A	A	0.273173451423645
1704	HR66	HR47	A	A	0.3575645685195923
1705	HR66	HR50	A	A	0.2520966231822968
1706	HR66	HR52	A	A	0.2618896663188934
1707	HR66	HR56	A	A	0.2731115520000458
1708	HR66	HR60	A	A	0.415151983499527
1709	HR66	HR62	A	A	0.2389236092567444
1710	HR66	HR64	A	A	0.3632774651050568
1711	HR68	Py1	A	A	0.3486793637275696
1712	HR68	Py3	A	A	0.3499638736248016
1713	HR68	Py5	A	A	0.39967280626297
1714	HR68	Py7	A	A	0.3520718216896057
1715	HR68	Py9	A	A	0.3503767848014832
1716	HR68	Py11	A	A	0.3701207339763641
1717	HR68	Py13	A	A	0.3486433029174805
1718	HR68	Py15	A	A	0.3737334012985229
1719	HR68	Py17	A	A	0.3616259396076202
1720	HR68	Py19	A	A	0.4150266647338867
1721	HR68	Py25	A	A	0.4110592007637024
1722	HR68	Py27	A	A	0.3620239198207855
1723	HR68	Py29	A	A	0.3619542121887207
1724	HR68	Py31	A	A	0.3621544539928436
1725	HR68	Py33	A	A	0.3731623291969299
1726	HR68	Py35	A	A	0.3567226529121399
1727	HR68	Py37	A	A	0.3436007797718048
1728	HR68	Py39	A	A	0.3301018178462982
1729	HR68	Py41	A	A	0.3381615281105042
1730	HR68	Py43	A	A	0.3521515130996704
1731	HR68	Py45	A	A	0.3826015591621399
1732	HR68	Py47	A	A	0.3557619750499725
1733	HR68	Py51	A	A	0.326843649148941
1734	HR68	Py55	A	A	0.3756035268306732
1735	HR68	Py57	A	A	0.3716521263122559
1736	HR68	Py59	A	A	0.3878523707389832
1737	HR68	Py61	A	A	0.4064814746379852
1738	HR68	Py63	A	A	0.3376708030700684
1739	HR68	Py65	A	A	0.3357277512550354
1740	HR68	Py67	A	A	0.3428981006145477
1741	HR68	Py69	A	A	0.3494891822338104
1742	HR68	Py71	A	A	0.3417352437973022
1743	HR68	Py73	A	A	0.4116528332233429
1744	HR68	Py75	A	A	0.3968463838100433
1745	HR68	Py78	A	A	0.3798673748970032
1746	HR68	Py80	A	A	0.3810073435306549
1747	HR68	Py82	A	A	0.3362670540809631
1748	HR68	Py84	A	A	0.3811915516853333
1749	HR68	Py86	A	A	0.3609191477298737
1750	HR68	Py88	A	A	0.3665280342102051
1751	HR68	HR05	A	A	0.1485961675643921
1752	HR68	HR07	A	A	0.2105924934148788
1753	HR68	HR09	A	A	0.2361940443515778
1754	HR68	HR11	A	A	0.2256014049053192
1755	HR68	HR15	A	A	0.2251743525266647
1756	HR68	HR19	A	A	0.2156216353178024
1757	HR68	HR21	A	A	0.2051331549882889
1758	HR68	HR25	A	A	0.446144312620163
1759	HR68	HR31	A	A	0.4645871520042419
1760	HR68	HR33	A	A	0.2324864566326141
1761	HR68	HR37	A	A	0.3710228800773621
1762	HR68	HR47	A	A	0.4118370711803436
1763	HR68	HR50	A	A	0.2689583599567413
1764	HR68	HR52	A	A	0.3362176120281219
1765	HR68	HR56	A	A	0.2669009864330292
1766	HR68	HR60	A	A	0.3409554362297058
1767	HR68	HR62	A	A	0.1995148062705994
1768	HR68	HR64	A	A	0.4861617684364319
1769	HR68	HR66	A	A	0.2183042615652084
1770	H3	Py1	A	A	0.4132614433765411
1771	H3	Py3	A	A	0.4121770560741425
1772	H3	Py5	A	A	0.4485305547714233
1773	H3	Py7	A	A	0.4095748364925385
1774	H3	Py9	A	A	0.4094800055027008
1775	H3	Py11	A	A	0.4232280552387238
1776	H3	Py13	A	A	0.4132393002510071
1777	H3	Py15	A	A	0.4254214465618134
1778	H3	Py17	A	A	0.4117971658706665
1779	H3	Py19	A	A	0.4654997289180756
1780	H3	Py25	A	A	0.4694297611713409
1781	H3	Py27	A	A	0.4141283929347992
1782	H3	Py29	A	A	0.4131704568862915
1783	H3	Py31	A	A	0.4121189117431641
1784	H3	Py33	A	A	0.4229442477226257
1785	H3	Py35	A	A	0.4079897701740265
1786	H3	Py37	A	A	0.4220232367515564
1787	H3	Py39	A	A	0.4042918980121613
1788	H3	Py41	A	A	0.4196859896183014
1789	H3	Py43	A	A	0.4271580874919891
1790	H3	Py45	A	A	0.4481544196605682
1791	H3	Py47	A	A	0.4256370067596436
1792	H3	Py51	A	A	0.4048172533512115
1793	H3	Py55	A	A	0.435965359210968
1794	H3	Py57	A	A	0.4388290047645569
1795	H3	Py59	A	A	0.4692834615707397
1796	H3	Py61	A	A	0.4902708232402802
1797	H3	Py63	A	A	0.4178856909275055
1798	H3	Py65	A	A	0.4118400812149048
1799	H3	Py67	A	A	0.4151306450366974
1800	H3	Py69	A	A	0.4256179928779602
1801	H3	Py71	A	A	0.4214241206645966
1802	H3	Py73	A	A	0.5404702425003052
1803	H3	Py75	A	A	0.5238339900970459
1804	H3	Py78	A	A	0.4701029658317566
1805	H3	Py80	A	A	0.4984004497528076
1806	H3	Py82	A	A	0.4520678520202637
1807	H3	Py84	A	A	0.4608086943626404
1808	H3	Py86	A	A	0.4504104554653168
1809	H3	Py88	A	A	0.4634940922260284
1810	H3	HR05	A	A	0.3072631359100342
1811	H3	HR07	A	A	0.3559399843215942
1812	H3	HR09	A	A	0.3402959704399109
1813	H3	HR11	A	A	0.225032776594162
1814	H3	HR15	A	A	0.343403548002243
1815	H3	HR19	A	A	0.2169206887483597
1816	H3	HR21	A	A	0.1848528236150742
1817	H3	HR25	A	A	0.3244752883911133
1818	H3	HR31	A	A	0.3924461305141449
1819	H3	HR33	A	A	0.1746951788663864
1820	H3	HR37	A	A	0.3644300699234009
1821	H3	HR47	A	A	0.4290964007377625
1822	H3	HR50	A	A	0.143318384885788
1823	H3	HR52	A	A	0.2347153574228287
1824	H3	HR56	A	A	0.1631473451852798
1825	H3	HR60	A	A	0.4226548969745636
1826	H3	HR62	A	A	0.2662001848220825
1827	H3	HR64	A	A	0.3498588800430298
1828	H3	HR66	A	A	0.2748302221298218
1829	H3	HR68	A	A	0.2898855805397034
1830	H5	Py1	A	A	0.3622861504554749
1831	H5	Py3	A	A	0.3635881245136261
1832	H5	Py5	A	A	0.4144205451011658
1833	H5	Py7	A	A	0.3642621338367462
1834	H5	Py9	A	A	0.3636167049407959
1835	H5	Py11	A	A	0.38370481133461
1836	H5	Py13	A	A	0.3641551733016968
1837	H5	Py15	A	A	0.3864963054656982
1838	H5	Py17	A	A	0.374812126159668
1839	H5	Py19	A	A	0.4306639730930328
1840	H5	Py25	A	A	0.4267786145210266
1841	H5	Py27	A	A	0.3761891424655914
1842	H5	Py29	A	A	0.3749799728393555
1843	H5	Py31	A	A	0.375562995672226
1844	H5	Py33	A	A	0.3869676887989044
1845	H5	Py35	A	A	0.3698252737522125
1846	H5	Py37	A	A	0.3667352199554443
1847	H5	Py39	A	A	0.348500669002533
1848	H5	Py41	A	A	0.3651942014694214
1849	H5	Py43	A	A	0.3733623325824738
1850	H5	Py45	A	A	0.4008483588695526
1851	H5	Py47	A	A	0.3726111948490143
1852	H5	Py51	A	A	0.3497493863105774
1853	H5	Py55	A	A	0.3906157314777374
1854	H5	Py57	A	A	0.3882266581058502
1855	H5	Py59	A	A	0.4160407781600952
1856	H5	Py61	A	A	0.438597172498703
1857	H5	Py63	A	A	0.3643110394477844
1858	H5	Py65	A	A	0.3581156730651855
1859	H5	Py67	A	A	0.361087441444397
1860	H5	Py69	A	A	0.3718338012695312
1861	H5	Py71	A	A	0.3673768937587738
1862	H5	Py73	A	A	0.5043382048606873
1863	H5	Py75	A	A	0.4934612810611725
1864	H5	Py78	A	A	0.4395910203456879
1865	H5	Py80	A	A	0.4650698006153107
1866	H5	Py82	A	A	0.4163959920406342
1867	H5	Py84	A	A	0.4293735325336456
1868	H5	Py86	A	A	0.4213905930519104
1869	H5	Py88	A	A	0.4366811215877533
1870	H5	HR05	A	A	0.2705942392349243
1871	H5	HR07	A	A	0.3402906656265259
1872	H5	HR09	A	A	0.2997717559337616
1873	H5	HR11	A	A	0.2089675962924957
1874	H5	HR15	A	A	0.3366258442401886
1875	H5	HR19	A	A	0.2140882313251495
1876	H5	HR21	A	A	0.1805107295513153
1877	H5	HR25	A	A	0.3538607656955719
1878	H5	HR31	A	A	0.3699171841144562
1879	H5	HR33	A	A	0.1671843528747559
1880	H5	HR37	A	A	0.3433144688606262
1881	H5	HR47	A	A	0.4012440741062164
1882	H5	HR50	A	A	0.1774540990591049
1883	H5	HR52	A	A	0.2803580760955811
1884	H5	HR56	A	A	0.1658932566642761
1885	H5	HR60	A	A	0.3593221604824066
1886	H5	HR62	A	A	0.2227055728435516
1887	H5	HR64	A	A	0.3850877583026886
1888	H5	HR66	A	A	0.2704507410526276
1889	H5	HR68	A	A	0.2472631633281708
1890	H5	H3	A	A	0.1859572231769562
1891	H7	Py1	A	A	0.3185443580150604
1892	H7	Py3	A	A	0.3200178146362305
1893	H7	Py5	A	A	0.3832240104675293
1894	H7	Py7	A	A	0.3156094551086426
1895	H7	Py9	A	A	0.3157343864440918
1896	H7	Py11	A	A	0.3378907740116119
1897	H7	Py13	A	A	0.3149121105670929
1898	H7	Py15	A	A	0.3449533879756927
1899	H7	Py17	A	A	0.3195482492446899
1900	H7	Py19	A	A	0.3965180218219757
1901	H7	Py25	A	A	0.399433970451355
1902	H7	Py27	A	A	0.3265610337257385
1903	H7	Py29	A	A	0.319715142250061
1904	H7	Py31	A	A	0.3203799724578857
1905	H7	Py33	A	A	0.3395224213600159
1906	H7	Py35	A	A	0.3152817189693451
1907	H7	Py37	A	A	0.321196585893631
1908	H7	Py39	A	A	0.2977282702922821
1909	H7	Py41	A	A	0.3138063251972198
1910	H7	Py43	A	A	0.3258227407932281
1911	H7	Py45	A	A	0.3712015748023987
1912	H7	Py47	A	A	0.3334518074989319
1913	H7	Py51	A	A	0.2972574234008789
1914	H7	Py55	A	A	0.3561863899230957
1915	H7	Py57	A	A	0.3548284769058228
1916	H7	Py59	A	A	0.3812161684036255
1917	H7	Py61	A	A	0.4043104946613312
1918	H7	Py63	A	A	0.3134965002536774
1919	H7	Py65	A	A	0.3068920373916626
1920	H7	Py67	A	A	0.3111309707164764
1921	H7	Py69	A	A	0.324842244386673
1922	H7	Py71	A	A	0.3173933327198029
1923	H7	Py73	A	A	0.4678499698638916
1924	H7	Py75	A	A	0.4521675705909729
1925	H7	Py78	A	A	0.4069118499755859
1926	H7	Py80	A	A	0.4220021367073059
1927	H7	Py82	A	A	0.3726603984832764
1928	H7	Py84	A	A	0.4012184143066406
1929	H7	Py86	A	A	0.3905971944332123
1930	H7	Py88	A	A	0.3991957008838654
1931	H7	HR05	A	A	0.2361258715391159
1932	H7	HR07	A	A	0.2889408469200134
1933	H7	HR09	A	A	0.2525987029075623
1934	H7	HR11	A	A	0.1710005253553391
1935	H7	HR15	A	A	0.2884206473827362
1936	H7	HR19	A	A	0.1646338254213333
1937	H7	HR21	A	A	0.1978445500135422
1938	H7	HR25	A	A	0.4004975855350494
1939	H7	HR31	A	A	0.4163991510868073
1940	H7	HR33	A	A	0.2042911648750305
1941	H7	HR37	A	A	0.3352080881595612
1942	H7	HR47	A	A	0.3920471668243408
1943	H7	HR50	A	A	0.1953714042901993
1944	H7	HR52	A	A	0.2891744673252106
1945	H7	HR56	A	A	0.1959921717643738
1946	H7	HR60	A	A	0.3643971383571625
1947	H7	HR62	A	A	0.2106044888496399
1948	H7	HR64	A	A	0.4357483983039856
1949	H7	HR66	A	A	0.244221419095993
1950	H7	HR68	A	A	0.2251763045787811
1951	H7	H3	A	A	0.2153722643852234
1952	H7	H5	A	A	0.2017171233892441
1953	H11	Py1	A	A	0.3698467314243317
1954	H11	Py3	A	A	0.3738587498664856
1955	H11	Py5	A	A	0.4255164861679077
1956	H11	Py7	A	A	0.3783299624919891
1957	H11	Py9	A	A	0.3776286542415619
1958	H11	Py11	A	A	0.3975807726383209
1959	H11	Py13	A	A	0.3774256408214569
1960	H11	Py15	A	A	0.4007524251937866
1961	H11	Py17	A	A	0.3893020153045654
1962	H11	Py19	A	A	0.4428883194923401
1963	H11	Py25	A	A	0.4387657046318054
1964	H11	Py27	A	A	0.3898692727088928
1965	H11	Py29	A	A	0.3893678486347198
1966	H11	Py31	A	A	0.3899644911289215
1967	H11	Py33	A	A	0.4010742902755737
1968	H11	Py35	A	A	0.3837426006793976
1969	H11	Py37	A	A	0.362486720085144
1970	H11	Py39	A	A	0.3442115485668182
1971	H11	Py41	A	A	0.3598478138446808
1972	H11	Py43	A	A	0.3724354207515717
1973	H11	Py45	A	A	0.4081639349460602
1974	H11	Py47	A	A	0.37779301404953
1975	H11	Py51	A	A	0.3463322222232819
1976	H11	Py55	A	A	0.4029529094696045
1977	H11	Py57	A	A	0.3977566957473755
1978	H11	Py59	A	A	0.4079678952693939
1979	H11	Py61	A	A	0.429086446762085
1980	H11	Py63	A	A	0.3591490685939789
1981	H11	Py65	A	A	0.3549844324588776
1982	H11	Py67	A	A	0.3618560135364532
1983	H11	Py69	A	A	0.3686335980892181
1984	H11	Py71	A	A	0.3624489903450012
1985	H11	Py73	A	A	0.4654204845428467
1986	H11	Py75	A	A	0.4588388800621033
1987	H11	Py78	A	A	0.4226932525634766
1988	H11	Py80	A	A	0.4278522729873657
1989	H11	Py82	A	A	0.3885998129844666
1990	H11	Py84	A	A	0.4197254478931427
1991	H11	Py86	A	A	0.400485098361969
1992	H11	Py88	A	A	0.4046660363674164
1993	H11	HR05	A	A	0.2308016121387482
1994	H11	HR07	A	A	0.3048346042633057
1995	H11	HR09	A	A	0.2733124792575836
1996	H11	HR11	A	A	0.1734910011291504
1997	H11	HR15	A	A	0.2621127963066101
1998	H11	HR19	A	A	0.2057587057352066
1999	H11	HR21	A	A	0.2214992046356201
2000	H11	HR25	A	A	0.4327505528926849
2001	H11	HR31	A	A	0.4462297558784485
2002	H11	HR33	A	A	0.1928513199090958
2003	H11	HR37	A	A	0.3529805243015289
2004	H11	HR47	A	A	0.415741354227066
2005	H11	HR50	A	A	0.235912874341011
2006	H11	HR52	A	A	0.3186672925949097
2007	H11	HR56	A	A	0.2409661412239075
2008	H11	HR60	A	A	0.3369410634040833
2009	H11	HR62	A	A	0.179813489317894
2010	H11	HR64	A	A	0.4676112830638885
2011	H11	HR66	A	A	0.2360889613628387
2012	H11	HR68	A	A	0.1992711275815964
2013	H11	H3	A	A	0.2369277477264404
2014	H11	H5	A	A	0.2004906684160233
2015	H11	H7	A	A	0.1981474608182907
2016	H13	Py1	A	A	0.402199387550354
2017	H13	Py3	A	A	0.4031979143619537
2018	H13	Py5	A	A	0.4528657495975494
2019	H13	Py7	A	A	0.4031847417354584
2020	H13	Py9	A	A	0.4035193920135498
2021	H13	Py11	A	A	0.4214544296264648
2022	H13	Py13	A	A	0.4027621746063232
2023	H13	Py15	A	A	0.4243029654026031
2024	H13	Py17	A	A	0.413777619600296
2025	H13	Py19	A	A	0.4667497873306274
2026	H13	Py25	A	A	0.4629421830177307
2027	H13	Py27	A	A	0.4147016704082489
2028	H13	Py29	A	A	0.4134132564067841
2029	H13	Py31	A	A	0.4149531722068787
2030	H13	Py33	A	A	0.4258171021938324
2031	H13	Py35	A	A	0.4082120954990387
2032	H13	Py37	A	A	0.3911967873573303
2033	H13	Py39	A	A	0.3756825923919678
2034	H13	Py41	A	A	0.387801468372345
2035	H13	Py43	A	A	0.404831737279892
2036	H13	Py45	A	A	0.4336146116256714
2037	H13	Py47	A	A	0.4084280729293823
2038	H13	Py51	A	A	0.3785041272640228
2039	H13	Py55	A	A	0.4283791184425354
2040	H13	Py57	A	A	0.4246553182601929
2041	H13	Py59	A	A	0.4381735920906067
2042	H13	Py61	A	A	0.4541086852550507
2043	H13	Py63	A	A	0.3906651139259338
2044	H13	Py65	A	A	0.3885065913200378
2045	H13	Py67	A	A	0.3955464959144592
2046	H13	Py69	A	A	0.4018913209438324
2047	H13	Py71	A	A	0.3937416076660156
2048	H13	Py73	A	A	0.504907488822937
2049	H13	Py75	A	A	0.4901506900787354
2050	H13	Py78	A	A	0.4606375098228455
2051	H13	Py80	A	A	0.4680175483226776
2052	H13	Py82	A	A	0.4222093522548676
2053	H13	Py84	A	A	0.4481670260429382
2054	H13	Py86	A	A	0.4237672090530396
2055	H13	Py88	A	A	0.4360603392124176
2056	H13	HR05	A	A	0.3149285018444061
2057	H13	HR07	A	A	0.3620598018169403
2058	H13	HR09	A	A	0.3281955420970917
2059	H13	HR11	A	A	0.2461807131767273
2060	H13	HR15	A	A	0.3415185511112213
2061	H13	HR19	A	A	0.2187397181987762
2062	H13	HR21	A	A	0.2153798937797546
2063	H13	HR25	A	A	0.357884019613266
2064	H13	HR31	A	A	0.4130048453807831
2065	H13	HR33	A	A	0.1658324301242828
2066	H13	HR37	A	A	0.3853402733802795
2067	H13	HR47	A	A	0.4448388814926147
2068	H13	HR50	A	A	0.1482555717229843
2069	H13	HR52	A	A	0.2372533231973648
2070	H13	HR56	A	A	0.1758736222982407
2071	H13	HR60	A	A	0.3999443054199219
2072	H13	HR62	A	A	0.2372163236141205
2073	H13	HR64	A	A	0.3977135419845581
2074	H13	HR66	A	A	0.2855801284313202
2075	H13	HR68	A	A	0.2720342576503754
2076	H13	H3	A	A	0.1582658588886261
2077	H13	H5	A	A	0.189635157585144
2078	H13	H7	A	A	0.2064728438854218
2079	H13	H11	A	A	0.2359728515148163
2080	H15	Py1	A	A	0.4648257195949554
2081	H15	Py3	A	A	0.4655748307704926
2082	H15	Py5	A	A	0.4957093000411987
2083	H15	Py7	A	A	0.4628538191318512
2084	H15	Py9	A	A	0.4626029133796692
2085	H15	Py11	A	A	0.4769632518291473
2086	H15	Py13	A	A	0.4661685824394226
2087	H15	Py15	A	A	0.4796378910541534
2088	H15	Py17	A	A	0.465270072221756
2089	H15	Py19	A	A	0.5131943225860596
2090	H15	Py25	A	A	0.5163809061050415
2091	H15	Py27	A	A	0.4670523405075073
2092	H15	Py29	A	A	0.4662612676620483
2093	H15	Py31	A	A	0.4649620652198792
2094	H15	Py33	A	A	0.4759077429771423
2095	H15	Py35	A	A	0.4618307948112488
2096	H15	Py37	A	A	0.472650408744812
2097	H15	Py39	A	A	0.4561777710914612
2098	H15	Py41	A	A	0.469312310218811
2099	H15	Py43	A	A	0.4778892993927002
2100	H15	Py45	A	A	0.495204746723175
2101	H15	Py47	A	A	0.4771868288516998
2102	H15	Py51	A	A	0.4542286396026611
2103	H15	Py55	A	A	0.4873161017894745
2104	H15	Py57	A	A	0.4871285855770111
2105	H15	Py59	A	A	0.5109209418296814
2106	H15	Py61	A	A	0.5342522263526917
2107	H15	Py63	A	A	0.4684443771839142
2108	H15	Py65	A	A	0.4624097943305969
2109	H15	Py67	A	A	0.4653606414794922
2110	H15	Py69	A	A	0.4757237136363983
2111	H15	Py71	A	A	0.4712908864021301
2112	H15	Py73	A	A	0.5886573195457458
2113	H15	Py75	A	A	0.5707939267158508
2114	H15	Py78	A	A	0.5158105492591858
2115	H15	Py80	A	A	0.5508784055709839
2116	H15	Py82	A	A	0.4988122284412384
2117	H15	Py84	A	A	0.507341742515564
2118	H15	Py86	A	A	0.5001377463340759
2119	H15	Py88	A	A	0.5136516690254211
2120	H15	HR05	A	A	0.4059320390224457
2121	H15	HR07	A	A	0.4319652020931244
2122	H15	HR09	A	A	0.4107192754745483
2123	H15	HR11	A	A	0.3158288598060608
2124	H15	HR15	A	A	0.4194647669792175
2125	H15	HR19	A	A	0.2999542057514191
2126	H15	HR21	A	A	0.2796912789344788
2127	H15	HR25	A	A	0.390323132276535
2128	H15	HR31	A	A	0.4637047648429871
2129	H15	HR33	A	A	0.2703835070133209
2130	H15	HR37	A	A	0.4393726587295532
2131	H15	HR47	A	A	0.4987450242042542
2132	H15	HR50	A	A	0.2289516925811768
2133	H15	HR52	A	A	0.2763572037220001
2134	H15	HR56	A	A	0.2531047761440277
2135	H15	HR60	A	A	0.4966996312141418
2136	H15	HR62	A	A	0.353695273399353
2137	H15	HR64	A	A	0.4105063676834106
2138	H15	HR66	A	A	0.3553551733493805
2139	H15	HR68	A	A	0.3812732398509979
2140	H15	H3	A	A	0.2087914347648621
2141	H15	H5	A	A	0.2834400832653046
2142	H15	H7	A	A	0.3006099462509155
2143	H15	H11	A	A	0.3529495894908905
2144	H15	H13	A	A	0.2480689287185669
2145	Han01	Py1	A	A	0.4460982084274292
2146	Han01	Py3	A	A	0.4523724317550659
2147	Han01	Py5	A	A	0.4977189004421234
2148	Han01	Py7	A	A	0.4722102582454681
2149	Han01	Py9	A	A	0.4729463756084442
2150	Han01	Py11	A	A	0.4941281080245972
2151	Han01	Py13	A	A	0.4757661521434784
2152	Han01	Py15	A	A	0.4939257204532623
2153	Han01	Py17	A	A	0.4809829890727997
2154	Han01	Py19	A	A	0.5284056663513184
2155	Han01	Py25	A	A	0.521247386932373
2156	Han01	Py27	A	A	0.481248676776886
2157	Han01	Py29	A	A	0.4764658212661743
2158	Han01	Py31	A	A	0.4827502071857452
2159	Han01	Py33	A	A	0.4936622977256775
2160	Han01	Py35	A	A	0.4717236161231995
2161	Han01	Py37	A	A	0.4298650026321411
2162	Han01	Py39	A	A	0.4187416434288025
2163	Han01	Py41	A	A	0.4432858824729919
2164	Han01	Py43	A	A	0.4655604958534241
2165	Han01	Py45	A	A	0.4996602535247803
2166	Han01	Py47	A	A	0.4726658463478088
2167	Han01	Py51	A	A	0.4307877123355865
2168	Han01	Py55	A	A	0.5001012086868286
2169	Han01	Py57	A	A	0.4967784285545349
2170	Han01	Py59	A	A	0.4975871443748474
2171	Han01	Py61	A	A	0.520684540271759
2172	Han01	Py63	A	A	0.4444619417190552
2173	Han01	Py65	A	A	0.4419368803501129
2174	Han01	Py67	A	A	0.4428248107433319
2175	Han01	Py69	A	A	0.4530480206012726
2176	Han01	Py71	A	A	0.4468354284763336
2177	Han01	Py73	A	A	0.2277731448411942
2178	Han01	Py75	A	A	0.2778927683830261
2179	Han01	Py78	A	A	0.2816983163356781
2180	Han01	Py80	A	A	0.1507964432239532
2181	Han01	Py82	A	A	0.3325000703334808
2182	Han01	Py84	A	A	0.2571218907833099
2183	Han01	Py86	A	A	0.2476141601800919
2184	Han01	Py88	A	A	0.2735399603843689
2185	Han01	HR05	A	A	0.4585693776607513
2186	Han01	HR07	A	A	0.3954873085021973
2187	Han01	HR09	A	A	0.4440124034881592
2188	Han01	HR11	A	A	0.4733735024929047
2189	Han01	HR15	A	A	0.4909514784812927
2190	Han01	HR19	A	A	0.4594472944736481
2191	Han01	HR21	A	A	0.4576835632324219
2192	Han01	HR25	A	A	0.5634042620658875
2193	Han01	HR31	A	A	0.5634580254554749
2194	Han01	HR33	A	A	0.4882044494152069
2195	Han01	HR37	A	A	0.506828248500824
2196	Han01	HR47	A	A	0.53396075963974
2197	Han01	HR50	A	A	0.4937547445297241
2198	Han01	HR52	A	A	0.5441076755523682
2199	Han01	HR56	A	A	0.5011256337165833
2200	Han01	HR60	A	A	0.5022356510162354
2201	Han01	HR62	A	A	0.4473623335361481
2202	Han01	HR64	A	A	0.5920006036758423
2203	Han01	HR66	A	A	0.4545515477657318
2204	Han01	HR68	A	A	0.4309103786945343
2205	Han01	H3	A	A	0.522983193397522
2206	Han01	H5	A	A	0.4931681752204895
2207	Han01	H7	A	A	0.4614038169384003
2208	Han01	H11	A	A	0.4661085903644562
2209	Han01	H13	A	A	0.5100444555282593
2210	Han01	H15	A	A	0.574994683265686
2211	Han03	Py1	A	A	0.4250092804431915
2212	Han03	Py3	A	A	0.430924266576767
2213	Han03	Py5	A	A	0.4793363213539124
2214	Han03	Py7	A	A	0.4507571756839752
2215	Han03	Py9	A	A	0.4514554142951965
2216	Han03	Py11	A	A	0.4727027714252472
2217	Han03	Py13	A	A	0.4543140530586243
2218	Han03	Py15	A	A	0.4725356698036194
2219	Han03	Py17	A	A	0.4597592949867249
2220	Han03	Py19	A	A	0.509971559047699
2221	Han03	Py25	A	A	0.5029740333557129
2222	Han03	Py27	A	A	0.4598516523838043
2223	Han03	Py29	A	A	0.4552743434906006
2224	Han03	Py31	A	A	0.4614770412445068
2225	Han03	Py33	A	A	0.4723251760005951
2226	Han03	Py35	A	A	0.450363427400589
2227	Han03	Py37	A	A	0.4099520444869995
2228	Han03	Py39	A	A	0.3994786143302917
2229	Han03	Py41	A	A	0.4227207899093628
2230	Han03	Py43	A	A	0.4455911219120026
2231	Han03	Py45	A	A	0.477624922990799
2232	Han03	Py47	A	A	0.4505859911441803
2233	Han03	Py51	A	A	0.4104034304618835
2234	Han03	Py55	A	A	0.4775919318199158
2235	Han03	Py57	A	A	0.4742765426635742
2236	Han03	Py59	A	A	0.4812729954719543
2237	Han03	Py61	A	A	0.5031914114952087
2238	Han03	Py63	A	A	0.4239126145839691
2239	Han03	Py65	A	A	0.4215567111968994
2240	Han03	Py67	A	A	0.4210072755813599
2241	Han03	Py69	A	A	0.4318569302558899
2242	Han03	Py71	A	A	0.4254855215549469
2243	Han03	Py73	A	A	0.2640473246574402
2244	Han03	Py75	A	A	0.2708152532577515
2245	Han03	Py78	A	A	0.2613156735897064
2246	Han03	Py80	A	A	0.1877235621213913
2247	Han03	Py82	A	A	0.3147237300872803
2248	Han03	Py84	A	A	0.2126200497150421
2249	Han03	Py86	A	A	0.2227021306753159
2250	Han03	Py88	A	A	0.2525237500667572
2251	Han03	HR05	A	A	0.4468640387058258
2252	Han03	HR07	A	A	0.3801060616970062
2253	Han03	HR09	A	A	0.4323011040687561
2254	Han03	HR11	A	A	0.458839476108551
2255	Han03	HR15	A	A	0.4785551428794861
2256	Han03	HR19	A	A	0.4441713392734528
2257	Han03	HR21	A	A	0.4391630589962006
2258	Han03	HR25	A	A	0.5531213879585266
2259	Han03	HR31	A	A	0.5519025921821594
2260	Han03	HR33	A	A	0.4707705974578857
2261	Han03	HR37	A	A	0.4930660724639893
2262	Han03	HR47	A	A	0.5227921605110168
2263	Han03	HR50	A	A	0.4741361439228058
2264	Han03	HR52	A	A	0.5295826196670532
2265	Han03	HR56	A	A	0.4804108142852783
2266	Han03	HR60	A	A	0.4912267327308655
2267	Han03	HR62	A	A	0.4337946176528931
2268	Han03	HR64	A	A	0.5848680734634399
2269	Han03	HR66	A	A	0.4384719431400299
2270	Han03	HR68	A	A	0.4170880317687988
2271	Han03	H3	A	A	0.5044384002685547
2272	Han03	H5	A	A	0.4769388437271118
2273	Han03	H7	A	A	0.4452874362468719
2274	Han03	H11	A	A	0.4529492855072021
2275	Han03	H13	A	A	0.4912607669830322
2276	Han03	H15	A	A	0.5543942451477051
2277	Han03	Han01	A	A	0.08919518440961838
2278	Han05	Py1	A	A	0.4081109762191772
2279	Han05	Py3	A	A	0.4144561290740967
2280	Han05	Py5	A	A	0.4680304229259491
2281	Han05	Py7	A	A	0.4317504167556763
2282	Han05	Py9	A	A	0.4318761825561523
2283	Han05	Py11	A	A	0.4573946893215179
2284	Han05	Py13	A	A	0.4309898614883423
2285	Han05	Py15	A	A	0.4595241844654083
2286	Han05	Py17	A	A	0.4411617517471313
2287	Han05	Py19	A	A	0.4972235262393951
2288	Han05	Py25	A	A	0.4906052947044373
2289	Han05	Py27	A	A	0.4407629370689392
2290	Han05	Py29	A	A	0.4366874396800995
2291	Han05	Py31	A	A	0.4395119845867157
2292	Han05	Py33	A	A	0.4544270932674408
2293	Han05	Py35	A	A	0.4314980804920197
2294	Han05	Py37	A	A	0.3675557672977448
2295	Han05	Py39	A	A	0.3525148630142212
2296	Han05	Py41	A	A	0.3825496733188629
2297	Han05	Py43	A	A	0.4192261397838593
2298	Han05	Py45	A	A	0.4731482863426208
2299	Han05	Py47	A	A	0.4394367039203644
2300	Han05	Py51	A	A	0.3733481168746948
2301	Han05	Py55	A	A	0.4656129479408264
2302	Han05	Py57	A	A	0.4617234468460083
2303	Han05	Py59	A	A	0.4534653127193451
2304	Han05	Py61	A	A	0.4546667337417603
2305	Han05	Py63	A	A	0.3772724568843842
2306	Han05	Py65	A	A	0.3820028007030487
2307	Han05	Py67	A	A	0.3913742005825043
2308	Han05	Py69	A	A	0.3927208781242371
2309	Han05	Py71	A	A	0.3766672313213348
2310	Han05	Py73	A	A	0.4923678636550903
2311	Han05	Py75	A	A	0.4739521741867065
2312	Han05	Py78	A	A	0.3947612345218658
2313	Han05	Py80	A	A	0.4306535124778748
2314	Han05	Py82	A	A	0.3933175206184387
2315	Han05	Py84	A	A	0.3700377643108368
2316	Han05	Py86	A	A	0.3647018373012543
2317	Han05	Py88	A	A	0.3734211325645447
2318	Han05	HR05	A	A	0.4785312116146088
2319	Han05	HR07	A	A	0.5055396556854248
2320	Han05	HR09	A	A	0.4251827001571655
2321	Han05	HR11	A	A	0.480041891336441
2322	Han05	HR15	A	A	0.5568932294845581
2323	Han05	HR19	A	A	0.4854256212711334
2324	Han05	HR21	A	A	0.5018087029457092
2325	Han05	HR25	A	A	0.5984885692596436
2326	Han05	HR31	A	A	0.589948832988739
2327	Han05	HR33	A	A	0.516316831111908
2328	Han05	HR37	A	A	0.5336169600486755
2329	Han05	HR47	A	A	0.5418902039527893
2330	Han05	HR50	A	A	0.5105743408203125
2331	Han05	HR52	A	A	0.5761757493019104
2332	Han05	HR56	A	A	0.5078344345092773
2333	Han05	HR60	A	A	0.4778997898101807
2334	Han05	HR62	A	A	0.4557212591171265
2335	Han05	HR64	A	A	0.6230730414390564
2336	Han05	HR66	A	A	0.5221085548400879
2337	Han05	HR68	A	A	0.4633175730705261
2338	Han05	H3	A	A	0.5426348447799683
2339	Han05	H5	A	A	0.4960596561431885
2340	Han05	H7	A	A	0.4605626165866852
2341	Han05	H11	A	A	0.4775342643260956
2342	Han05	H13	A	A	0.5283693075180054
2343	Han05	H15	A	A	0.6051570177078247
2344	Han05	Han01	A	A	0.4347580075263977
2345	Han05	Han03	A	A	0.3946636021137238
2346	Han07	Py1	A	A	0.4506160914897919
2347	Han07	Py3	A	A	0.456748366355896
2348	Han07	Py5	A	A	0.5027164220809937
2349	Han07	Py7	A	A	0.4764717817306519
2350	Han07	Py9	A	A	0.4772144556045532
2351	Han07	Py11	A	A	0.4984272420406342
2352	Han07	Py13	A	A	0.480048269033432
2353	Han07	Py15	A	A	0.4982690811157227
2354	Han07	Py17	A	A	0.4854406416416168
2355	Han07	Py19	A	A	0.5332329869270325
2356	Han07	Py25	A	A	0.5261083245277405
2357	Han07	Py27	A	A	0.4855424165725708
2358	Han07	Py29	A	A	0.4808951020240784
2359	Han07	Py31	A	A	0.4871522486209869
2360	Han07	Py33	A	A	0.4980581700801849
2361	Han07	Py35	A	A	0.4760739803314209
2362	Han07	Py37	A	A	0.4409294724464417
2363	Han07	Py39	A	A	0.430418998003006
2364	Han07	Py41	A	A	0.4547787308692932
2365	Han07	Py43	A	A	0.4768730401992798
2366	Han07	Py45	A	A	0.5043797492980957
2367	Han07	Py47	A	A	0.4800559878349304
2368	Han07	Py51	A	A	0.4420156180858612
2369	Han07	Py55	A	A	0.5047932267189026
2370	Han07	Py57	A	A	0.5014504194259644
2371	Han07	Py59	A	A	0.5086540579795837
2372	Han07	Py61	A	A	0.5319662690162659
2373	Han07	Py63	A	A	0.4556971490383148
2374	Han07	Py65	A	A	0.4533759653568268
2375	Han07	Py67	A	A	0.4533872604370117
2376	Han07	Py69	A	A	0.4642833471298218
2377	Han07	Py71	A	A	0.4578761756420135
2378	Han07	Py73	A	A	0.2394595295190811
2379	Han07	Py75	A	A	0.2913597226142883
2380	Han07	Py78	A	A	0.2871585190296173
2381	Han07	Py80	A	A	0.1629449129104614
2382	Han07	Py82	A	A	0.3439549505710602
2383	Han07	Py84	A	A	0.2520962357521057
2384	Han07	Py86	A	A	0.2486400902271271
2385	Han07	Py88	A	A	0.2817359864711761
2386	Han07	HR05	A	A	0.4636949598789215
2387	Han07	HR07	A	A	0.3997838199138641
2388	Han07	HR09	A	A	0.4505094885826111
2389	Han07	HR11	A	A	0.4756571650505066
2390	Han07	HR15	A	A	0.4966554641723633
2391	Han07	HR19	A	A	0.4566121101379395
2392	Han07	HR21	A	A	0.4523410499095917
2393	Han07	HR25	A	A	0.5586360096931458
2394	Han07	HR31	A	A	0.5592706799507141
2395	Han07	HR33	A	A	0.4848691523075104
2396	Han07	HR37	A	A	0.5075531005859375
2397	Han07	HR47	A	A	0.5393255352973938
2398	Han07	HR50	A	A	0.4908619225025177
2399	Han07	HR52	A	A	0.5409941673278809
2400	Han07	HR56	A	A	0.4958124160766602
2401	Han07	HR60	A	A	0.5112819075584412
2402	Han07	HR62	A	A	0.4571850001811981
2403	Han07	HR64	A	A	0.587465763092041
2404	Han07	HR66	A	A	0.4502965211868286
2405	Han07	HR68	A	A	0.4380649626255035
2406	Han07	H3	A	A	0.5178025364875793
2407	Han07	H5	A	A	0.4891690909862518
2408	Han07	H7	A	A	0.4594787955284119
2409	Han07	H11	A	A	0.4706241190433502
2410	Han07	H13	A	A	0.5075728893280029
2411	Han07	H15	A	A	0.5695942640304565
2412	Han07	Han01	A	A	0.02428374439477921
2413	Han07	Han03	A	A	0.09046117216348648
2414	Han07	Han05	A	A	0.4459297955036163
2415	Han09	Py1	A	A	0.4396668076515198
2416	Han09	Py3	A	A	0.445889413356781
2417	Han09	Py5	A	A	0.4936382472515106
2418	Han09	Py7	A	A	0.4655007719993591
2419	Han09	Py9	A	A	0.4662147462368011
2420	Han09	Py11	A	A	0.4874540865421295
2421	Han09	Py13	A	A	0.4690399467945099
2422	Han09	Py15	A	A	0.4873084127902985
2423	Han09	Py17	A	A	0.4743473529815674
2424	Han09	Py19	A	A	0.5240956544876099
2425	Han09	Py25	A	A	0.5170462727546692
2426	Han09	Py27	A	A	0.4746313691139221
2427	Han09	Py29	A	A	0.4698629379272461
2428	Han09	Py31	A	A	0.4761220216751099
2429	Han09	Py33	A	A	0.4874783754348755
2430	Han09	Py35	A	A	0.4651128947734833
2431	Han09	Py37	A	A	0.4287164807319641
2432	Han09	Py39	A	A	0.4169900119304657
2433	Han09	Py41	A	A	0.4409914314746857
2434	Han09	Py43	A	A	0.4624074399471283
2435	Han09	Py45	A	A	0.4935919642448425
2436	Han09	Py47	A	A	0.4672945439815521
2437	Han09	Py51	A	A	0.4280185103416443
2438	Han09	Py55	A	A	0.4939114451408386
2439	Han09	Py57	A	A	0.4905059635639191
2440	Han09	Py59	A	A	0.4947275221347809
2441	Han09	Py61	A	A	0.5172258019447327
2442	Han09	Py63	A	A	0.441595047712326
2443	Han09	Py65	A	A	0.4388597011566162
2444	Han09	Py67	A	A	0.4399628937244415
2445	Han09	Py69	A	A	0.4505764842033386
2446	Han09	Py71	A	A	0.4445102214813232
2447	Han09	Py73	A	A	0.225970059633255
2448	Han09	Py75	A	A	0.2759786248207092
2449	Han09	Py78	A	A	0.2809086441993713
2450	Han09	Py80	A	A	0.1473039537668228
2451	Han09	Py82	A	A	0.3293830752372742
2452	Han09	Py84	A	A	0.2499689757823944
2453	Han09	Py86	A	A	0.2484417110681534
2454	Han09	Py88	A	A	0.2739274799823761
2455	Han09	HR05	A	A	0.453718364238739
2456	Han09	HR07	A	A	0.3915162980556488
2457	Han09	HR09	A	A	0.4387202858924866
2458	Han09	HR11	A	A	0.4713798761367798
2459	Han09	HR15	A	A	0.4873688220977783
2460	Han09	HR19	A	A	0.4592023193836212
2461	Han09	HR21	A	A	0.4564554989337921
2462	Han09	HR25	A	A	0.563877284526825
2463	Han09	HR31	A	A	0.5629902482032776
2464	Han09	HR33	A	A	0.4886721670627594
2465	Han09	HR37	A	A	0.5071072578430176
2466	Han09	HR47	A	A	0.5305235385894775
2467	Han09	HR50	A	A	0.4936931133270264
2468	Han09	HR52	A	A	0.5450544357299805
2469	Han09	HR56	A	A	0.4997012317180634
2470	Han09	HR60	A	A	0.5011897683143616
2471	Han09	HR62	A	A	0.4467853605747223
2472	Han09	HR64	A	A	0.5926763415336609
2473	Han09	HR66	A	A	0.4533151090145111
2474	Han09	HR68	A	A	0.427939236164093
2475	Han09	H3	A	A	0.5220856070518494
2476	Han09	H5	A	A	0.491973876953125
2477	Han09	H7	A	A	0.4602947533130646
2478	Han09	H11	A	A	0.4654757380485535
2479	Han09	H13	A	A	0.510729193687439
2480	Han09	H15	A	A	0.5737125277519226
2481	Han09	Han01	A	A	0.02715916000306606
2482	Han09	Han03	A	A	0.08260837942361832
2483	Han09	Han05	A	A	0.4265846610069275
2484	Han09	Han07	A	A	0.03497583419084549
2485	Han11	Py1	A	A	0.441821277141571
2486	Han11	Py3	A	A	0.4479362964630127
2487	Han11	Py5	A	A	0.4953866600990295
2488	Han11	Py7	A	A	0.4677704274654388
2489	Han11	Py9	A	A	0.4685112535953522
2490	Han11	Py11	A	A	0.4897031784057617
2491	Han11	Py13	A	A	0.4711796045303345
2492	Han11	Py15	A	A	0.4895501434803009
2493	Han11	Py17	A	A	0.4765516817569733
2494	Han11	Py19	A	A	0.5257776379585266
2495	Han11	Py25	A	A	0.5185354948043823
2496	Han11	Py27	A	A	0.476671040058136
2497	Han11	Py29	A	A	0.4720838963985443
2498	Han11	Py31	A	A	0.478272944688797
2499	Han11	Py33	A	A	0.4891824126243591
2500	Han11	Py35	A	A	0.4674635529518127
2501	Han11	Py37	A	A	0.4267536699771881
2502	Han11	Py39	A	A	0.415179044008255
2503	Han11	Py41	A	A	0.439355880022049
2504	Han11	Py43	A	A	0.46065753698349
2505	Han11	Py45	A	A	0.4952144622802734
2506	Han11	Py47	A	A	0.4680353999137878
2507	Han11	Py51	A	A	0.4264961779117584
2508	Han11	Py55	A	A	0.4953914880752563
2509	Han11	Py57	A	A	0.4921725690364838
2510	Han11	Py59	A	A	0.4930256307125092
2511	Han11	Py61	A	A	0.5152327418327332
2512	Han11	Py63	A	A	0.4403755068778992
2513	Han11	Py65	A	A	0.4373013377189636
2514	Han11	Py67	A	A	0.4390259683132172
2515	Han11	Py69	A	A	0.4492428302764893
2516	Han11	Py71	A	A	0.4429140090942383
2517	Han11	Py73	A	A	0.2356938123703003
2518	Han11	Py75	A	A	0.2772014141082764
2519	Han11	Py78	A	A	0.2797254025936127
2520	Han11	Py80	A	A	0.1585832387208939
2521	Han11	Py82	A	A	0.3284235000610352
2522	Han11	Py84	A	A	0.2341864705085754
2523	Han11	Py86	A	A	0.2360581606626511
2524	Han11	Py88	A	A	0.265107274055481
2525	Han11	HR05	A	A	0.4566048085689545
2526	Han11	HR07	A	A	0.3928459882736206
2527	Han11	HR09	A	A	0.4433101415634155
2528	Han11	HR11	A	A	0.4692019820213318
2529	Han11	HR15	A	A	0.4876163601875305
2530	Han11	HR19	A	A	0.4504556059837341
2531	Han11	HR21	A	A	0.4474552273750305
2532	Han11	HR25	A	A	0.5565961003303528
2533	Han11	HR31	A	A	0.5558282136917114
2534	Han11	HR33	A	A	0.4770819842815399
2535	Han11	HR37	A	A	0.502491295337677
2536	Han11	HR47	A	A	0.534151017665863
2537	Han11	HR50	A	A	0.4832057952880859
2538	Han11	HR52	A	A	0.5339744687080383
2539	Han11	HR56	A	A	0.4903243780136108
2540	Han11	HR60	A	A	0.5008215308189392
2541	Han11	HR62	A	A	0.4450817108154297
2542	Han11	HR64	A	A	0.5857668519020081
2543	Han11	HR66	A	A	0.4450359642505646
2544	Han11	HR68	A	A	0.4277749061584473
2545	Han11	H3	A	A	0.5124224424362183
2546	Han11	H5	A	A	0.4833351969718933
2547	Han11	H7	A	A	0.451917827129364
2548	Han11	H11	A	A	0.4613028168678284
2549	Han11	H13	A	A	0.4995783567428589
2550	Han11	H15	A	A	0.5647811889648438
2551	Han11	Han01	A	A	0.05021210014820099
2552	Han11	Han03	A	A	0.05958933383226395
2553	Han11	Han05	A	A	0.4211090207099915
2554	Han11	Han07	A	A	0.05080962181091309
2555	Han11	Han09	A	A	0.0453563816845417
2556	Han13	Py1	A	A	0.4343094527721405
2557	Han13	Py3	A	A	0.4404690861701965
2558	Han13	Py5	A	A	0.4898411631584167
2559	Han13	Py7	A	A	0.4606762230396271
2560	Han13	Py9	A	A	0.4614638686180115
2561	Han13	Py11	A	A	0.4826824367046356
2562	Han13	Py13	A	A	0.4643412828445435
2563	Han13	Py15	A	A	0.4823828339576721
2564	Han13	Py17	A	A	0.4693915843963623
2565	Han13	Py19	A	A	0.5204294323921204
2566	Han13	Py25	A	A	0.5131397843360901
2567	Han13	Py27	A	A	0.469660758972168
2568	Han13	Py29	A	A	0.464949756860733
2569	Han13	Py31	A	A	0.471185177564621
2570	Han13	Py33	A	A	0.4824606776237488
2571	Han13	Py35	A	A	0.4601331949234009
2572	Han13	Py37	A	A	0.4140317738056183
2573	Han13	Py39	A	A	0.4022515714168549
2574	Han13	Py41	A	A	0.4275802373886108
2575	Han13	Py43	A	A	0.4502328336238861
2576	Han13	Py45	A	A	0.4871682524681091
2577	Han13	Py47	A	A	0.4597567319869995
2578	Han13	Py51	A	A	0.4155232906341553
2579	Han13	Py55	A	A	0.4879609644412994
2580	Han13	Py57	A	A	0.4849158823490143
2581	Han13	Py59	A	A	0.4832680225372314
2582	Han13	Py61	A	A	0.5045286417007446
2583	Han13	Py63	A	A	0.4293427467346191
2584	Han13	Py65	A	A	0.4267515540122986
2585	Han13	Py67	A	A	0.4280326068401337
2586	Han13	Py69	A	A	0.4375953078269958
2587	Han13	Py71	A	A	0.4309671521186829
2588	Han13	Py73	A	A	0.2839520871639252
2589	Han13	Py75	A	A	0.2731898427009583
2590	Han13	Py78	A	A	0.2732346653938293
2591	Han13	Py80	A	A	0.2068112641572952
2592	Han13	Py82	A	A	0.3181604146957397
2593	Han13	Py84	A	A	0.2127829790115356
2594	Han13	Py86	A	A	0.2150859236717224
2595	Han13	Py88	A	A	0.2540141642093658
2596	Han13	HR05	A	A	0.4502401351928711
2597	Han13	HR07	A	A	0.3845739364624023
2598	Han13	HR09	A	A	0.441628485918045
2599	Han13	HR11	A	A	0.4617585837841034
2600	Han13	HR15	A	A	0.4789106547832489
2601	Han13	HR19	A	A	0.4313468933105469
2602	Han13	HR21	A	A	0.4281995296478271
2603	Han13	HR25	A	A	0.5402354598045349
2604	Han13	HR31	A	A	0.5430659055709839
2605	Han13	HR33	A	A	0.4577959477901459
2606	Han13	HR37	A	A	0.4949882924556732
2607	Han13	HR47	A	A	0.529507040977478
2608	Han13	HR50	A	A	0.4613409042358398
2609	Han13	HR52	A	A	0.5136276483535767
2610	Han13	HR56	A	A	0.4682313799858093
2611	Han13	HR60	A	A	0.4927783608436584
2612	Han13	HR62	A	A	0.4324157536029816
2613	Han13	HR64	A	A	0.5730735063552856
2614	Han13	HR66	A	A	0.4274315237998962
2615	Han13	HR68	A	A	0.4194085299968719
2616	Han13	H3	A	A	0.4916875958442688
2617	Han13	H5	A	A	0.465657114982605
2618	Han13	H7	A	A	0.4416059553623199
2619	Han13	H11	A	A	0.4525529146194458
2620	Han13	H13	A	A	0.4786199927330017
2621	Han13	H15	A	A	0.5421419143676758
2622	Han13	Han01	A	A	0.1030170768499374
2623	Han13	Han03	A	A	0.05688606947660446
2624	Han13	Han05	A	A	0.4079310595989227
2625	Han13	Han07	A	A	0.09642882645130157
2626	Han13	Han09	A	A	0.1007462441921234
2627	Han13	Han11	A	A	0.06753340363502502
2628	Han15	Py1	A	A	0.4256919026374817
2629	Han15	Py3	A	A	0.4323424100875854
2630	Han15	Py5	A	A	0.4857494533061981
2631	Han15	Py7	A	A	0.4503181278705597
2632	Han15	Py9	A	A	0.4511512517929077
2633	Han15	Py11	A	A	0.4761381149291992
2634	Han15	Py13	A	A	0.4506586790084839
2635	Han15	Py15	A	A	0.4780821204185486
2636	Han15	Py17	A	A	0.4597605168819427
2637	Han15	Py19	A	A	0.5168676376342773
2638	Han15	Py25	A	A	0.5102440118789673
2639	Han15	Py27	A	A	0.4593862593173981
2640	Han15	Py29	A	A	0.4552869200706482
2641	Han15	Py31	A	A	0.4580515623092651
2642	Han15	Py33	A	A	0.4732858836650848
2643	Han15	Py35	A	A	0.4498262703418732
2644	Han15	Py37	A	A	0.3669579923152924
2645	Han15	Py39	A	A	0.3565855324268341
2646	Han15	Py41	A	A	0.3903046846389771
2647	Han15	Py43	A	A	0.4377098381519318
2648	Han15	Py45	A	A	0.4925959706306458
2649	Han15	Py47	A	A	0.4579046964645386
2650	Han15	Py51	A	A	0.3886589407920837
2651	Han15	Py55	A	A	0.4856597781181335
2652	Han15	Py57	A	A	0.4820042252540588
2653	Han15	Py59	A	A	0.4739740490913391
2654	Han15	Py61	A	A	0.4601466953754425
2655	Han15	Py63	A	A	0.3928794860839844
2656	Han15	Py65	A	A	0.399161159992218
2657	Han15	Py67	A	A	0.4079639613628387
2658	Han15	Py69	A	A	0.4097760021686554
2659	Han15	Py71	A	A	0.3894408941268921
2660	Han15	Py73	A	A	0.4513779580593109
2661	Han15	Py75	A	A	0.4315586686134338
2662	Han15	Py78	A	A	0.36147740483284
2663	Han15	Py80	A	A	0.3932486772537231
2664	Han15	Py82	A	A	0.3605797588825226
2665	Han15	Py84	A	A	0.3402132391929626
2666	Han15	Py86	A	A	0.3214742541313171
2667	Han15	Py88	A	A	0.3286904394626617
2668	Han15	HR05	A	A	0.4602374136447906
2669	Han15	HR07	A	A	0.4858739674091339
2670	Han15	HR09	A	A	0.4281558692455292
2671	Han15	HR11	A	A	0.4751872420310974
2672	Han15	HR15	A	A	0.5350067019462585
2673	Han15	HR19	A	A	0.4630235135555267
2674	Han15	HR21	A	A	0.4792092144489288
2675	Han15	HR25	A	A	0.5973525643348694
2676	Han15	HR31	A	A	0.5974271893501282
2677	Han15	HR33	A	A	0.5019375681877136
2678	Han15	HR37	A	A	0.5386070609092712
2679	Han15	HR47	A	A	0.5509963035583496
2680	Han15	HR50	A	A	0.5037360787391663
2681	Han15	HR52	A	A	0.5650228261947632
2682	Han15	HR56	A	A	0.5082667469978333
2683	Han15	HR60	A	A	0.4738805592060089
2684	Han15	HR62	A	A	0.4399990141391754
2685	Han15	HR64	A	A	0.6256004571914673
2686	Han15	HR66	A	A	0.499777764081955
2687	Han15	HR68	A	A	0.4409697353839874
2688	Han15	H3	A	A	0.5365399718284607
2689	Han15	H5	A	A	0.496813952922821
2690	Han15	H7	A	A	0.4567517340183258
2691	Han15	H11	A	A	0.4659379124641418
2692	Han15	H13	A	A	0.5151681303977966
2693	Han15	H15	A	A	0.6014279723167419
2694	Han15	Han01	A	A	0.4036070108413696
2695	Han15	Han03	A	A	0.3659144043922424
2696	Han15	Han05	A	A	0.095648393034935
2697	Han15	Han07	A	A	0.4138740599155426
2698	Han15	Han09	A	A	0.3992205560207367
2699	Han15	Han11	A	A	0.3909793198108673
2700	Han15	Han13	A	A	0.3741805553436279
2701	Han17	Py1	A	A	0.4313539862632751
2702	Han17	Py3	A	A	0.4375362992286682
2703	Han17	Py5	A	A	0.4881885647773743
2704	Han17	Py7	A	A	0.4576427936553955
2705	Han17	Py9	A	A	0.4584701955318451
2706	Han17	Py11	A	A	0.479686439037323
2707	Han17	Py13	A	A	0.4614939093589783
2708	Han17	Py15	A	A	0.4794371128082275
2709	Han17	Py17	A	A	0.4665537774562836
2710	Han17	Py19	A	A	0.5187975764274597
2711	Han17	Py25	A	A	0.5116053819656372
2712	Han17	Py27	A	A	0.4667894244194031
2713	Han17	Py29	A	A	0.4620858132839203
2714	Han17	Py31	A	A	0.4683442711830139
2715	Han17	Py33	A	A	0.4798935055732727
2716	Han17	Py35	A	A	0.4572395980358124
2717	Han17	Py37	A	A	0.4064285457134247
2718	Han17	Py39	A	A	0.3943691849708557
2719	Han17	Py41	A	A	0.4196947515010834
2720	Han17	Py43	A	A	0.4420272707939148
2721	Han17	Py45	A	A	0.4845980703830719
2722	Han17	Py47	A	A	0.4567130208015442
2723	Han17	Py51	A	A	0.4079089760780334
2724	Han17	Py55	A	A	0.4847857654094696
2725	Han17	Py57	A	A	0.481820821762085
2726	Han17	Py59	A	A	0.4769524335861206
2727	Han17	Py61	A	A	0.4977526068687439
2728	Han17	Py63	A	A	0.4210155308246613
2729	Han17	Py65	A	A	0.4193454384803772
2730	Han17	Py67	A	A	0.4213126599788666
2731	Han17	Py69	A	A	0.4301625192165375
2732	Han17	Py71	A	A	0.4229932427406311
2733	Han17	Py73	A	A	0.2464778423309326
2734	Han17	Py75	A	A	0.2650339007377625
2735	Han17	Py78	A	A	0.270754486322403
2736	Han17	Py80	A	A	0.1653531491756439
2737	Han17	Py82	A	A	0.3094188570976257
2738	Han17	Py84	A	A	0.2229199856519699
2739	Han17	Py86	A	A	0.2208238840103149
2740	Han17	Py88	A	A	0.2481655925512314
2741	Han17	HR05	A	A	0.4466855823993683
2742	Han17	HR07	A	A	0.3831527233123779
2743	Han17	HR09	A	A	0.4352590441703796
2744	Han17	HR11	A	A	0.461525559425354
2745	Han17	HR15	A	A	0.4779151380062103
2746	Han17	HR19	A	A	0.4456385970115662
2747	Han17	HR21	A	A	0.4451083540916443
2748	Han17	HR25	A	A	0.5597394108772278
2749	Han17	HR31	A	A	0.5600132942199707
2750	Han17	HR33	A	A	0.4749591946601868
2751	Han17	HR37	A	A	0.5009670257568359
2752	Han17	HR47	A	A	0.5268535017967224
2753	Han17	HR50	A	A	0.4781382083892822
2754	Han17	HR52	A	A	0.53174889087677
2755	Han17	HR56	A	A	0.4880122542381287
2756	Han17	HR60	A	A	0.4887955188751221
2757	Han17	HR62	A	A	0.4308409094810486
2758	Han17	HR64	A	A	0.5885607600212097
2759	Han17	HR66	A	A	0.4426934719085693
2760	Han17	HR68	A	A	0.4151565432548523
2761	Han17	H3	A	A	0.5100181102752686
2762	Han17	H5	A	A	0.4813608229160309
2763	Han17	H7	A	A	0.4461703896522522
2764	Han17	H11	A	A	0.451680988073349
2765	Han17	H13	A	A	0.4941819906234741
2766	Han17	H15	A	A	0.562160849571228
2767	Han17	Han01	A	A	0.07550401240587234
2768	Han17	Han03	A	A	0.04769450426101685
2769	Han17	Han05	A	A	0.3814907670021057
2770	Han17	Han07	A	A	0.08382125943899155
2771	Han17	Han09	A	A	0.0717751532793045
2772	Han17	Han11	A	A	0.05445156991481781
2773	Han17	Han13	A	A	0.061323132365942
2774	Han17	Han15	A	A	0.3511557877063751
2775	Han19	Py1	A	A	0.4339362382888794
2776	Han19	Py3	A	A	0.4401786327362061
2777	Han19	Py5	A	A	0.4894915819168091
2778	Han19	Py7	A	A	0.4600865244865417
2779	Han19	Py9	A	A	0.4608238339424133
2780	Han19	Py11	A	A	0.4820502400398254
2781	Han19	Py13	A	A	0.4636797904968262
2782	Han19	Py15	A	A	0.4818236529827118
2783	Han19	Py17	A	A	0.4688977003097534
2784	Han19	Py19	A	A	0.5197953581809998
2785	Han19	Py25	A	A	0.5126535296440125
2786	Han19	Py27	A	A	0.4691653549671173
2787	Han19	Py29	A	A	0.4644705951213837
2788	Han19	Py31	A	A	0.4706827104091644
2789	Han19	Py33	A	A	0.4819740653038025
2790	Han19	Py35	A	A	0.4597246050834656
2791	Han19	Py37	A	A	0.4193017482757568
2792	Han19	Py39	A	A	0.4080312252044678
2793	Han19	Py41	A	A	0.4326788187026978
2794	Han19	Py43	A	A	0.4551969468593597
2795	Han19	Py45	A	A	0.4876776337623596
2796	Han19	Py47	A	A	0.46064093708992
2797	Han19	Py51	A	A	0.4201564490795135
2798	Han19	Py55	A	A	0.4880223274230957
2799	Han19	Py57	A	A	0.4843528568744659
2800	Han19	Py59	A	A	0.4888679981231689
2801	Han19	Py61	A	A	0.5104067921638489
2802	Han19	Py63	A	A	0.4338529706001282
2803	Han19	Py65	A	A	0.4311406314373016
2804	Han19	Py67	A	A	0.4317175149917603
2805	Han19	Py69	A	A	0.4425093531608582
2806	Han19	Py71	A	A	0.4358797967433929
2807	Han19	Py73	A	A	0.2319046854972839
2808	Han19	Py75	A	A	0.271942138671875
2809	Han19	Py78	A	A	0.2750821113586426
2810	Han19	Py80	A	A	0.1544523239135742
2811	Han19	Py82	A	A	0.3232714533805847
2812	Han19	Py84	A	A	0.2288711369037628
2813	Han19	Py86	A	A	0.238914430141449
2814	Han19	Py88	A	A	0.2660714387893677
2815	Han19	HR05	A	A	0.4483892023563385
2816	Han19	HR07	A	A	0.3848939538002014
2817	Han19	HR09	A	A	0.4352580904960632
2818	Han19	HR11	A	A	0.4628313183784485
2819	Han19	HR15	A	A	0.4805251657962799
2820	Han19	HR19	A	A	0.4512457251548767
2821	Han19	HR21	A	A	0.4478782713413239
2822	Han19	HR25	A	A	0.559169590473175
2823	Han19	HR31	A	A	0.5584660768508911
2824	Han19	HR33	A	A	0.4798676073551178
2825	Han19	HR37	A	A	0.5017526745796204
2826	Han19	HR47	A	A	0.5288258790969849
2827	Han19	HR50	A	A	0.4850198328495026
2828	Han19	HR52	A	A	0.5371084213256836
2829	Han19	HR56	A	A	0.4911882281303406
2830	Han19	HR60	A	A	0.4956369698047638
2831	Han19	HR62	A	A	0.4401317536830902
2832	Han19	HR64	A	A	0.5879858136177063
2833	Han19	HR66	A	A	0.444749653339386
2834	Han19	HR68	A	A	0.4206490218639374
2835	Han19	H3	A	A	0.5135137438774109
2836	Han19	H5	A	A	0.4838984608650208
2837	Han19	H7	A	A	0.451429694890976
2838	Han19	H11	A	A	0.4570133090019226
2839	Han19	H13	A	A	0.5013393759727478
2840	Han19	H15	A	A	0.5651637315750122
2841	Han19	Han01	A	A	0.05439470335841179
2842	Han19	Han03	A	A	0.05408864095807076
2843	Han19	Han05	A	A	0.4082204401493073
2844	Han19	Han07	A	A	0.06354129314422607
2845	Han19	Han09	A	A	0.04310464859008789
2846	Han19	Han11	A	A	0.0285806842148304
2847	Han19	Han13	A	A	0.07181676477193832
2848	Han19	Han15	A	A	0.3767983913421631
2849	Han19	Han17	A	A	0.04497275874018669
2850	Han21	Py1	A	A	0.4290092289447784
2851	Han21	Py3	A	A	0.4349172413349152
2852	Han21	Py5	A	A	0.4807256162166595
2853	Han21	Py7	A	A	0.454463392496109
2854	Han21	Py9	A	A	0.4548796415328979
2855	Han21	Py11	A	A	0.4753090143203735
2856	Han21	Py13	A	A	0.456877589225769
2857	Han21	Py15	A	A	0.4753725528717041
2858	Han21	Py17	A	A	0.462236762046814
2859	Han21	Py19	A	A	0.5113360285758972
2860	Han21	Py25	A	A	0.5040695071220398
2861	Han21	Py27	A	A	0.4624278545379639
2862	Han21	Py29	A	A	0.4578035771846771
2863	Han21	Py31	A	A	0.4639912247657776
2864	Han21	Py33	A	A	0.4748851656913757
2865	Han21	Py35	A	A	0.4529410302639008
2866	Han21	Py37	A	A	0.4165868163108826
2867	Han21	Py39	A	A	0.4059955477714539
2868	Han21	Py41	A	A	0.4299099743366241
2869	Han21	Py43	A	A	0.4527782797813416
2870	Han21	Py45	A	A	0.4817293882369995
2871	Han21	Py47	A	A	0.4570849537849426
2872	Han21	Py51	A	A	0.417108565568924
2873	Han21	Py55	A	A	0.4808964431285858
2874	Han21	Py57	A	A	0.4778072834014893
2875	Han21	Py59	A	A	0.4848384261131287
2876	Han21	Py61	A	A	0.5072381496429443
2877	Han21	Py63	A	A	0.4307983219623566
2878	Han21	Py65	A	A	0.4282203018665314
2879	Han21	Py67	A	A	0.4283370077610016
2880	Han21	Py69	A	A	0.4391220510005951
2881	Han21	Py71	A	A	0.4328492879867554
2882	Han21	Py73	A	A	0.23050257563591
2883	Han21	Py75	A	A	0.2786727547645569
2884	Han21	Py78	A	A	0.2702831923961639
2885	Han21	Py80	A	A	0.1530450284481049
2886	Han21	Py82	A	A	0.3197983205318451
2887	Han21	Py84	A	A	0.2297255396842957
2888	Han21	Py86	A	A	0.2423616945743561
2889	Han21	Py88	A	A	0.2687447965145111
2890	Han21	HR05	A	A	0.4489431381225586
2891	Han21	HR07	A	A	0.3828585147857666
2892	Han21	HR09	A	A	0.4364950656890869
2893	Han21	HR11	A	A	0.4668969511985779
2894	Han21	HR15	A	A	0.4828724265098572
2895	Han21	HR19	A	A	0.4561811983585358
2896	Han21	HR21	A	A	0.4489452242851257
2897	Han21	HR25	A	A	0.5606025457382202
2898	Han21	HR31	A	A	0.5610814094543457
2899	Han21	HR33	A	A	0.4825508892536163
2900	Han21	HR37	A	A	0.5016933083534241
2901	Han21	HR47	A	A	0.5254650115966797
2902	Han21	HR50	A	A	0.4868876039981842
2903	Han21	HR52	A	A	0.5392434000968933
2904	Han21	HR56	A	A	0.4904904067516327
2905	Han21	HR60	A	A	0.4954069852828979
2906	Han21	HR62	A	A	0.4376625716686249
2907	Han21	HR64	A	A	0.5904809832572937
2908	Han21	HR66	A	A	0.449834018945694
2909	Han21	HR68	A	A	0.4210189282894135
2910	Han21	H3	A	A	0.5134691596031189
2911	Han21	H5	A	A	0.487720400094986
2912	Han21	H7	A	A	0.4576277136802673
2913	Han21	H11	A	A	0.4633026123046875
2914	Han21	H13	A	A	0.5037559270858765
2915	Han21	H15	A	A	0.5633951425552368
2916	Han21	Han01	A	A	0.05393004789948463
2917	Han21	Han03	A	A	0.06260626018047333
2918	Han21	Han05	A	A	0.4135811030864716
2919	Han21	Han07	A	A	0.05699671059846878
2920	Han21	Han09	A	A	0.04752527549862862
2921	Han21	Han11	A	A	0.03724382817745209
2922	Han21	Han13	A	A	0.07812439650297165
2923	Han21	Han15	A	A	0.3828076422214508
2924	Han21	Han17	A	A	0.05301912873983383
2925	Han21	Han19	A	A	0.03446206450462341
2926	Han23	Py1	A	A	0.4229596257209778
2927	Han23	Py3	A	A	0.4291704893112183
2928	Han23	Py5	A	A	0.4795239269733429
2929	Han23	Py7	A	A	0.4489738941192627
2930	Han23	Py9	A	A	0.4497173726558685
2931	Han23	Py11	A	A	0.4709526002407074
2932	Han23	Py13	A	A	0.4525472819805145
2933	Han23	Py15	A	A	0.4707670211791992
2934	Han23	Py17	A	A	0.4578356146812439
2935	Han23	Py19	A	A	0.5100383162498474
2936	Han23	Py25	A	A	0.50274658203125
2937	Han23	Py27	A	A	0.4580972790718079
2938	Han23	Py29	A	A	0.4533684551715851
2939	Han23	Py31	A	A	0.459694504737854
2940	Han23	Py33	A	A	0.4712727665901184
2941	Han23	Py35	A	A	0.4485405087471008
2942	Han23	Py37	A	A	0.4078829884529114
2943	Han23	Py39	A	A	0.3970170021057129
2944	Han23	Py41	A	A	0.421800822019577
2945	Han23	Py43	A	A	0.4439583122730255
2946	Han23	Py45	A	A	0.4758797585964203
2947	Han23	Py47	A	A	0.4495550394058228
2948	Han23	Py51	A	A	0.4096149206161499
2949	Han23	Py55	A	A	0.4765141904354095
2950	Han23	Py57	A	A	0.4733743667602539
2951	Han23	Py59	A	A	0.4776225090026855
2952	Han23	Py61	A	A	0.4991275370121002
2953	Han23	Py63	A	A	0.423418253660202
2954	Han23	Py65	A	A	0.4205929338932037
2955	Han23	Py67	A	A	0.4208720326423645
2956	Han23	Py69	A	A	0.4316301047801971
2957	Han23	Py71	A	A	0.4250711798667908
2958	Han23	Py73	A	A	0.2807885706424713
2959	Han23	Py75	A	A	0.2676407098770142
2960	Han23	Py78	A	A	0.2606010138988495
2961	Han23	Py80	A	A	0.2046181559562683
2962	Han23	Py82	A	A	0.3111206293106079
2963	Han23	Py84	A	A	0.203627347946167
2964	Han23	Py86	A	A	0.2122071534395218
2965	Han23	Py88	A	A	0.2471824735403061
2966	Han23	HR05	A	A	0.4375468790531158
2967	Han23	HR07	A	A	0.3740326762199402
2968	Han23	HR09	A	A	0.4300857782363892
2969	Han23	HR11	A	A	0.4478143453598022
2970	Han23	HR15	A	A	0.4681117832660675
2971	Han23	HR19	A	A	0.4266934394836426
2972	Han23	HR21	A	A	0.4225797951221466
2973	Han23	HR25	A	A	0.5397849678993225
2974	Han23	HR31	A	A	0.5438952445983887
2975	Han23	HR33	A	A	0.4530547559261322
2976	Han23	HR37	A	A	0.4871679246425629
2977	Han23	HR47	A	A	0.5218939781188965
2978	Han23	HR50	A	A	0.4584324657917023
2979	Han23	HR52	A	A	0.5119441151618958
2980	Han23	HR56	A	A	0.4627664089202881
2981	Han23	HR60	A	A	0.4855178892612457
2982	Han23	HR62	A	A	0.4236554503440857
2983	Han23	HR64	A	A	0.5728369355201721
2984	Han23	HR66	A	A	0.4230586886405945
2985	Han23	HR68	A	A	0.4076345264911652
2986	Han23	H3	A	A	0.486013263463974
2987	Han23	H5	A	A	0.4594644606113434
2988	Han23	H7	A	A	0.4294788241386414
2989	Han23	H11	A	A	0.441117137670517
2990	Han23	H13	A	A	0.4744641780853271
2991	Han23	H15	A	A	0.535500168800354
2992	Han23	Han01	A	A	0.1021505147218704
2993	Han23	Han03	A	A	0.05318329483270645
2994	Han23	Han05	A	A	0.4023221731185913
2995	Han23	Han07	A	A	0.09237120300531387
2996	Han23	Han09	A	A	0.0953199714422226
2997	Han23	Han11	A	A	0.0663248747587204
2998	Han23	Han13	A	A	0.02910649217665195
2999	Han23	Han15	A	A	0.3691488802433014
3000	Han23	Han17	A	A	0.06044115871191025
3001	Han23	Han19	A	A	0.06603991240262985
3002	Han23	Han21	A	A	0.07384700328111649
3003	Han25	Py1	A	A	0.4421142041683197
3004	Han25	Py3	A	A	0.4483796656131744
3005	Han25	Py5	A	A	0.4980419278144836
3006	Han25	Py7	A	A	0.4683011472225189
3007	Han25	Py9	A	A	0.4690377712249756
3008	Han25	Py11	A	A	0.4902766346931458
3009	Han25	Py13	A	A	0.471930205821991
3010	Han25	Py15	A	A	0.4900557696819305
3011	Han25	Py17	A	A	0.477169394493103
3012	Han25	Py19	A	A	0.5285513997077942
3013	Han25	Py25	A	A	0.5212529897689819
3014	Han25	Py27	A	A	0.4776291847229004
3015	Han25	Py29	A	A	0.472651481628418
3016	Han25	Py31	A	A	0.4793630540370941
3017	Han25	Py33	A	A	0.4909438192844391
3018	Han25	Py35	A	A	0.4678591787815094
3019	Han25	Py37	A	A	0.4180799722671509
3020	Han25	Py39	A	A	0.4072555303573608
3021	Han25	Py41	A	A	0.4322591125965118
3022	Han25	Py43	A	A	0.4535501301288605
3023	Han25	Py45	A	A	0.4943438172340393
3024	Han25	Py47	A	A	0.4670119881629944
3025	Han25	Py51	A	A	0.4193187057971954
3026	Han25	Py55	A	A	0.4950644075870514
3027	Han25	Py57	A	A	0.4919528663158417
3028	Han25	Py59	A	A	0.4861661791801453
3029	Han25	Py61	A	A	0.5081862211227417
3030	Han25	Py63	A	A	0.4334697723388672
3031	Han25	Py65	A	A	0.4301161766052246
3032	Han25	Py67	A	A	0.432860255241394
3033	Han25	Py69	A	A	0.4423578977584839
3034	Han25	Py71	A	A	0.4354537129402161
3035	Han25	Py73	A	A	0.2867353558540344
3036	Han25	Py75	A	A	0.2753268182277679
3037	Han25	Py78	A	A	0.280089795589447
3038	Han25	Py80	A	A	0.2087657600641251
3039	Han25	Py82	A	A	0.3204725980758667
3040	Han25	Py84	A	A	0.2305343002080917
3041	Han25	Py86	A	A	0.2182163298130035
3042	Han25	Py88	A	A	0.2568002939224243
3043	Han25	HR05	A	A	0.4502065181732178
3044	Han25	HR07	A	A	0.3875844776630402
3045	Han25	HR09	A	A	0.4457899034023285
3046	Han25	HR11	A	A	0.4600768387317657
3047	Han25	HR15	A	A	0.4783669412136078
3048	Han25	HR19	A	A	0.4271672368049622
3049	Han25	HR21	A	A	0.4173221290111542
3050	Han25	HR25	A	A	0.5314412117004395
3051	Han25	HR31	A	A	0.5375205874443054
3052	Han25	HR33	A	A	0.4444021582603455
3053	Han25	HR37	A	A	0.5001716017723083
3054	Han25	HR47	A	A	0.5342997908592224
3055	Han25	HR50	A	A	0.4483481049537659
3056	Han25	HR52	A	A	0.4988670647144318
3057	Han25	HR56	A	A	0.4576897025108337
3058	Han25	HR60	A	A	0.4904842674732208
3059	Han25	HR62	A	A	0.4294336438179016
3060	Han25	HR64	A	A	0.565082311630249
3061	Han25	HR66	A	A	0.4286145269870758
3062	Han25	HR68	A	A	0.4174085855484009
3063	Han25	H3	A	A	0.4810777008533478
3064	Han25	H5	A	A	0.4537140130996704
3065	Han25	H7	A	A	0.4391283094882965
3066	Han25	H11	A	A	0.4494191706180573
3067	Han25	H13	A	A	0.4647960960865021
3068	Han25	H15	A	A	0.5318807363510132
3069	Han25	Han01	A	A	0.1154421344399452
3070	Han25	Han03	A	A	0.08175495266914368
3071	Han25	Han05	A	A	0.4219950139522552
3072	Han25	Han07	A	A	0.1069439575076103
3073	Han25	Han09	A	A	0.1121925339102745
3074	Han25	Han11	A	A	0.08405247330665588
3075	Han25	Han13	A	A	0.04368487745523453
3076	Han25	Han15	A	A	0.3886614739894867
3077	Han25	Han17	A	A	0.0770188495516777
3078	Han25	Han19	A	A	0.09541591256856918
3079	Han25	Han21	A	A	0.09694352000951767
3080	Han25	Han23	A	A	0.04832781106233597
3081	Han27	Py1	A	A	0.4362427890300751
3082	Han27	Py3	A	A	0.4423706531524658
3083	Han27	Py5	A	A	0.4879530072212219
3084	Han27	Py7	A	A	0.4623539745807648
3085	Han27	Py9	A	A	0.4630028605461121
3086	Han27	Py11	A	A	0.4841894507408142
3087	Han27	Py13	A	A	0.4657090306282043
3088	Han27	Py15	A	A	0.484015166759491
3089	Han27	Py17	A	A	0.4711130261421204
3090	Han27	Py19	A	A	0.5187390446662903
3091	Han27	Py25	A	A	0.511485755443573
3092	Han27	Py27	A	A	0.471236377954483
3093	Han27	Py29	A	A	0.4666258692741394
3094	Han27	Py31	A	A	0.4728554487228394
3095	Han27	Py33	A	A	0.4837588667869568
3096	Han27	Py35	A	A	0.4618686437606812
3097	Han27	Py37	A	A	0.4179976284503937
3098	Han27	Py39	A	A	0.4078110456466675
3099	Han27	Py41	A	A	0.432117760181427
3100	Han27	Py43	A	A	0.4535994827747345
3101	Han27	Py45	A	A	0.4882413148880005
3102	Han27	Py47	A	A	0.4611035287380219
3103	Han27	Py51	A	A	0.4185371398925781
3104	Han27	Py55	A	A	0.4890327453613281
3105	Han27	Py57	A	A	0.4857502579689026
3106	Han27	Py59	A	A	0.4847187995910645
3107	Han27	Py61	A	A	0.5083252787590027
3108	Han27	Py63	A	A	0.4326069056987762
3109	Han27	Py65	A	A	0.4296000003814697
3110	Han27	Py67	A	A	0.4303931891918182
3111	Han27	Py69	A	A	0.44150310754776
3112	Han27	Py71	A	A	0.4345549643039703
3113	Han27	Py73	A	A	0.2924600541591644
3114	Han27	Py75	A	A	0.2807349264621735
3115	Han27	Py78	A	A	0.2712683379650116
3116	Han27	Py80	A	A	0.2172389179468155
3117	Han27	Py82	A	A	0.3215416669845581
3118	Han27	Py84	A	A	0.2355813235044479
3119	Han27	Py86	A	A	0.2237545102834702
3120	Han27	Py88	A	A	0.2588634490966797
3121	Han27	HR05	A	A	0.4445874989032745
3122	Han27	HR07	A	A	0.3809481263160706
3123	Han27	HR09	A	A	0.4410886466503143
3124	Han27	HR11	A	A	0.4526427686214447
3125	Han27	HR15	A	A	0.4721794724464417
3126	Han27	HR19	A	A	0.4198949337005615
3127	Han27	HR21	A	A	0.4175005257129669
3128	Han27	HR25	A	A	0.5338237285614014
3129	Han27	HR31	A	A	0.5404322147369385
3130	Han27	HR33	A	A	0.446449875831604
3131	Han27	HR37	A	A	0.4931803941726685
3132	Han27	HR47	A	A	0.5278744697570801
3133	Han27	HR50	A	A	0.4492647349834442
3134	Han27	HR52	A	A	0.5001937747001648
3135	Han27	HR56	A	A	0.4562157392501831
3136	Han27	HR60	A	A	0.4835857152938843
3137	Han27	HR62	A	A	0.4209543764591217
3138	Han27	HR64	A	A	0.5691705942153931
3139	Han27	HR66	A	A	0.4249675869941711
3140	Han27	HR68	A	A	0.4126380980014801
3141	Han27	H3	A	A	0.4805174171924591
3142	Han27	H5	A	A	0.4549005627632141
3143	Han27	H7	A	A	0.4336633384227753
3144	Han27	H11	A	A	0.4439876079559326
3145	Han27	H13	A	A	0.4674387574195862
3146	Han27	H15	A	A	0.5302286148071289
3147	Han27	Han01	A	A	0.1181585863232613
3148	Han27	Han03	A	A	0.0815451443195343
3149	Han27	Han05	A	A	0.4357349574565887
3150	Han27	Han07	A	A	0.1098226755857468
3151	Han27	Han09	A	A	0.1243177205324173
3152	Han27	Han11	A	A	0.09707892686128616
3153	Han27	Han13	A	A	0.05385107174515724
3154	Han27	Han15	A	A	0.4011149406433105
3155	Han27	Han17	A	A	0.09855707734823227
3156	Han27	Han19	A	A	0.1100410148501396
3157	Han27	Han21	A	A	0.1055954396724701
3158	Han27	Han23	A	A	0.05855979025363922
3159	Han27	Han25	A	A	0.05042415484786034
3160	Han29	Py1	A	A	0.4450700283050537
3161	Han29	Py3	A	A	0.4493613243103027
3162	Han29	Py5	A	A	0.4915310740470886
3163	Han29	Py7	A	A	0.4687286615371704
3164	Han29	Py9	A	A	0.4690470397472382
3165	Han29	Py11	A	A	0.4896942377090454
3166	Han29	Py13	A	A	0.4712237417697906
3167	Han29	Py15	A	A	0.4897832870483398
3168	Han29	Py17	A	A	0.476721316576004
3169	Han29	Py19	A	A	0.52334064245224
3170	Han29	Py25	A	A	0.5148136019706726
3171	Han29	Py27	A	A	0.4765815436840057
3172	Han29	Py29	A	A	0.4721417427062988
3173	Han29	Py31	A	A	0.4782481491565704
3174	Han29	Py33	A	A	0.4890699684619904
3175	Han29	Py35	A	A	0.467210054397583
3176	Han29	Py37	A	A	0.4359271824359894
3177	Han29	Py39	A	A	0.4259148836135864
3178	Han29	Py41	A	A	0.4498903155326843
3179	Han29	Py43	A	A	0.4707563519477844
3180	Han29	Py45	A	A	0.4953912794589996
3181	Han29	Py47	A	A	0.4730265140533447
3182	Han29	Py51	A	A	0.4357659518718719
3183	Han29	Py55	A	A	0.4947186410427094
3184	Han29	Py57	A	A	0.4919583797454834
3185	Han29	Py59	A	A	0.502250075340271
3186	Han29	Py61	A	A	0.5256625413894653
3187	Han29	Py63	A	A	0.4500498175621033
3188	Han29	Py65	A	A	0.4462779462337494
3189	Han29	Py67	A	A	0.4469667673110962
3190	Han29	Py69	A	A	0.457785576581955
3191	Han29	Py71	A	A	0.4511467516422272
3192	Han29	Py73	A	A	0.2690374255180359
3193	Han29	Py75	A	A	0.2987691760063171
3194	Han29	Py78	A	A	0.2870339751243591
3195	Han29	Py80	A	A	0.1924947947263718
3196	Han29	Py82	A	A	0.3366009891033173
3197	Han29	Py84	A	A	0.2559535205364227
3198	Han29	Py86	A	A	0.2530945539474487
3199	Han29	Py88	A	A	0.2780642211437225
3200	Han29	HR05	A	A	0.4575897753238678
3201	Han29	HR07	A	A	0.3922324776649475
3202	Han29	HR09	A	A	0.450859934091568
3203	Han29	HR11	A	A	0.4651566445827484
3204	Han29	HR15	A	A	0.4882285296916962
3205	Han29	HR19	A	A	0.4370860755443573
3206	Han29	HR21	A	A	0.4248203933238983
3207	Han29	HR25	A	A	0.5360422134399414
3208	Han29	HR31	A	A	0.5417000651359558
3209	Han29	HR33	A	A	0.4565748572349548
3210	Han29	HR37	A	A	0.5018683671951294
3211	Han29	HR47	A	A	0.5378825664520264
3212	Han29	HR50	A	A	0.4606764316558838
3213	Han29	HR52	A	A	0.5090738534927368
3214	Han29	HR56	A	A	0.4622950553894043
3215	Han29	HR60	A	A	0.5018875598907471
3216	Han29	HR62	A	A	0.4413483142852783
3217	Han29	HR64	A	A	0.5707571506500244
3218	Han29	HR66	A	A	0.4371930956840515
3219	Han29	HR68	A	A	0.4291704893112183
3220	Han29	H3	A	A	0.4871664047241211
3221	Han29	H5	A	A	0.4635751247406006
3222	Han29	H7	A	A	0.4511342346668243
3223	Han29	H11	A	A	0.4632844030857086
3224	Han29	H13	A	A	0.4786497950553894
3225	Han29	H15	A	A	0.5347703695297241
3226	Han29	Han01	A	A	0.1069623902440071
3227	Han29	Han03	A	A	0.09738389402627945
3228	Han29	Han05	A	A	0.4686075448989868
3229	Han29	Han07	A	A	0.09414410591125488
3230	Han29	Han09	A	A	0.1128318756818771
3231	Han29	Han11	A	A	0.08999897539615631
3232	Han29	Han13	A	A	0.08997045457363129
3233	Han29	Han15	A	A	0.433560311794281
3234	Han29	Han17	A	A	0.1068506166338921
3235	Han29	Han19	A	A	0.1000563949346542
3236	Han29	Han21	A	A	0.08945752680301666
3237	Han29	Han23	A	A	0.09174777567386627
3238	Han29	Han25	A	A	0.0776684582233429
3239	Han29	Han27	A	A	0.06209047138690948
3240	Han31	Py1	A	A	0.4363915920257568
3241	Han31	Py3	A	A	0.4412712454795837
3242	Han31	Py5	A	A	0.4861888289451599
3243	Han31	Py7	A	A	0.4609398245811462
3244	Han31	Py9	A	A	0.4615913927555084
3245	Han31	Py11	A	A	0.4827847480773926
3246	Han31	Py13	A	A	0.4641705453395844
3247	Han31	Py15	A	A	0.4826667904853821
3248	Han31	Py17	A	A	0.4698191285133362
3249	Han31	Py19	A	A	0.5169499516487122
3250	Han31	Py25	A	A	0.5097318887710571
3251	Han31	Py27	A	A	0.4698933660984039
3252	Han31	Py29	A	A	0.4653321504592896
3253	Han31	Py31	A	A	0.4714703559875488
3254	Han31	Py33	A	A	0.4823161363601685
3255	Han31	Py35	A	A	0.4604386687278748
3256	Han31	Py37	A	A	0.4316969215869904
3257	Han31	Py39	A	A	0.4212521612644196
3258	Han31	Py41	A	A	0.4454503953456879
3259	Han31	Py43	A	A	0.4659401774406433
3260	Han31	Py45	A	A	0.4881327152252197
3261	Han31	Py47	A	A	0.468005508184433
3262	Han31	Py51	A	A	0.4322424530982971
3263	Han31	Py55	A	A	0.4884683787822723
3264	Han31	Py57	A	A	0.4857991635799408
3265	Han31	Py59	A	A	0.498192310333252
3266	Han31	Py61	A	A	0.5216638445854187
3267	Han31	Py63	A	A	0.4461059272289276
3268	Han31	Py65	A	A	0.4428167343139648
3269	Han31	Py67	A	A	0.443142294883728
3270	Han31	Py69	A	A	0.4539847075939178
3271	Han31	Py71	A	A	0.4476513564586639
3272	Han31	Py73	A	A	0.239414319396019
3273	Han31	Py75	A	A	0.2877546846866608
3274	Han31	Py78	A	A	0.2764782309532166
3275	Han31	Py80	A	A	0.1603388786315918
3276	Han31	Py82	A	A	0.3346368670463562
3277	Han31	Py84	A	A	0.2510764002799988
3278	Han31	Py86	A	A	0.2512084245681763
3279	Han31	Py88	A	A	0.2802247703075409
3280	Han31	HR05	A	A	0.4538869261741638
3281	Han31	HR07	A	A	0.38625568151474
3282	Han31	HR09	A	A	0.4408443570137024
3283	Han31	HR11	A	A	0.4647687673568726
3284	Han31	HR15	A	A	0.4870747029781342
3285	Han31	HR19	A	A	0.454626590013504
3286	Han31	HR21	A	A	0.4467452764511108
3287	Han31	HR25	A	A	0.5561038851737976
3288	Han31	HR31	A	A	0.5562346577644348
3289	Han31	HR33	A	A	0.4811103343963623
3290	Han31	HR37	A	A	0.4984785914421082
3291	Han31	HR47	A	A	0.5274316668510437
3292	Han31	HR50	A	A	0.4865837097167969
3293	Han31	HR52	A	A	0.5370916128158569
3294	Han31	HR56	A	A	0.4888373017311096
3295	Han31	HR60	A	A	0.5017488598823547
3296	Han31	HR62	A	A	0.4440286457538605
3297	Han31	HR64	A	A	0.5867956280708313
3298	Han31	HR66	A	A	0.4477920532226562
3299	Han31	HR68	A	A	0.425645112991333
3300	Han31	H3	A	A	0.511290967464447
3301	Han31	H5	A	A	0.4868668913841248
3302	Han31	H7	A	A	0.4571501612663269
3303	Han31	H11	A	A	0.4651564955711365
3304	Han31	H13	A	A	0.5034757852554321
3305	Han31	H15	A	A	0.5606083869934082
3306	Han31	Han01	A	A	0.04588385298848152
3307	Han31	Han03	A	A	0.07222885638475418
3308	Han31	Han05	A	A	0.4395583271980286
3309	Han31	Han07	A	A	0.0451139360666275
3310	Han31	Han09	A	A	0.04512370005249977
3311	Han31	Han11	A	A	0.05191930383443832
3312	Han31	Han13	A	A	0.09078420698642731
3313	Han31	Han15	A	A	0.4079096019268036
3314	Han31	Han17	A	A	0.07502428442239761
3315	Han31	Han19	A	A	0.05451852455735207
3316	Han31	Han21	A	A	0.04366075247526169
3317	Han31	Han23	A	A	0.08444029092788696
3318	Han31	Han25	A	A	0.1017739325761795
3319	Han31	Han27	A	A	0.09961993992328644
3320	Han31	Han29	A	A	0.07922105491161346
3321	Han33	Py1	A	A	0.4556413888931274
3322	Han33	Py3	A	A	0.4601616263389587
3323	Han33	Py5	A	A	0.503658652305603
3324	Han33	Py7	A	A	0.4796680212020874
3325	Han33	Py9	A	A	0.4803271293640137
3326	Han33	Py11	A	A	0.5015498399734497
3327	Han33	Py13	A	A	0.4829989671707153
3328	Han33	Py15	A	A	0.5014339685440063
3329	Han33	Py17	A	A	0.488529771566391
3330	Han33	Py19	A	A	0.5348004102706909
3331	Han33	Py25	A	A	0.5272421836853027
3332	Han33	Py27	A	A	0.4887643456459045
3333	Han33	Py29	A	A	0.4840144515037537
3334	Han33	Py31	A	A	0.490304172039032
3335	Han33	Py33	A	A	0.5013786554336548
3336	Han33	Py35	A	A	0.479322075843811
3337	Han33	Py37	A	A	0.4528329074382782
3338	Han33	Py39	A	A	0.4420732259750366
3339	Han33	Py41	A	A	0.4662150740623474
3340	Han33	Py43	A	A	0.4857363104820251
3341	Han33	Py45	A	A	0.5075360536575317
3342	Han33	Py47	A	A	0.4871767461299896
3343	Han33	Py51	A	A	0.4522801637649536
3344	Han33	Py55	A	A	0.508074939250946
3345	Han33	Py57	A	A	0.5050910711288452
3346	Han33	Py59	A	A	0.5181605815887451
3347	Han33	Py61	A	A	0.5417498350143433
3348	Han33	Py63	A	A	0.4662658274173737
3349	Han33	Py65	A	A	0.4625446796417236
3350	Han33	Py67	A	A	0.463886171579361
3351	Han33	Py69	A	A	0.4748330116271973
3352	Han33	Py71	A	A	0.4685898423194885
3353	Han33	Py73	A	A	0.2418341040611267
3354	Han33	Py75	A	A	0.2960644662380219
3355	Han33	Py78	A	A	0.3060586154460907
3356	Han33	Py80	A	A	0.1721151918172836
3357	Han33	Py82	A	A	0.3540931344032288
3358	Han33	Py84	A	A	0.2873179018497467
3359	Han33	Py86	A	A	0.2870420515537262
3360	Han33	Py88	A	A	0.3091718554496765
3361	Han33	HR05	A	A	0.463702529668808
3362	Han33	HR07	A	A	0.4013455808162689
3363	Han33	HR09	A	A	0.4503735899925232
3364	Han33	HR11	A	A	0.4864241182804108
3365	Han33	HR15	A	A	0.4995520412921906
3366	Han33	HR19	A	A	0.4761434495449066
3367	Han33	HR21	A	A	0.4712818562984467
3368	Han33	HR25	A	A	0.5737920999526978
3369	Han33	HR31	A	A	0.5732090473175049
3370	Han33	HR33	A	A	0.5073071122169495
3371	Han33	HR37	A	A	0.5193018317222595
3372	Han33	HR47	A	A	0.5382396578788757
3373	Han33	HR50	A	A	0.5118097066879272
3374	Han33	HR52	A	A	0.5629368424415588
3375	Han33	HR56	A	A	0.5159246325492859
3376	Han33	HR60	A	A	0.5119117498397827
3377	Han33	HR62	A	A	0.4650954902172089
3378	Han33	HR64	A	A	0.6016328930854797
3379	Han33	HR66	A	A	0.4692730009555817
3380	Han33	HR68	A	A	0.4412289559841156
3381	Han33	H3	A	A	0.5365285277366638
3382	Han33	H5	A	A	0.5095168948173523
3383	Han33	H7	A	A	0.4789358675479889
3384	Han33	H11	A	A	0.48513263463974
3385	Han33	H13	A	A	0.5293151140213013
3386	Han33	H15	A	A	0.5886552929878235
3387	Han33	Han01	A	A	0.05550063028931618
3388	Han33	Han03	A	A	0.1224772855639458
3389	Han33	Han05	A	A	0.458663284778595
3390	Han33	Han07	A	A	0.0625741258263588
3391	Han33	Han09	A	A	0.05981996655464172
3392	Han33	Han11	A	A	0.09176778048276901
3393	Han33	Han13	A	A	0.1446783542633057
3394	Han33	Han15	A	A	0.4269959032535553
3395	Han33	Han17	A	A	0.1178065538406372
3396	Han33	Han19	A	A	0.08793585002422333
3397	Han33	Han21	A	A	0.0858631506562233
3398	Han33	Han23	A	A	0.1386617124080658
3399	Han33	Han25	A	A	0.1550297737121582
3400	Han33	Han27	A	A	0.1527960449457169
3401	Han33	Han29	A	A	0.1330699175596237
3402	Han33	Han31	A	A	0.0674394890666008
3403	Han35	Py1	A	A	0.4416587352752686
3404	Han35	Py3	A	A	0.4467190206050873
3405	Han35	Py5	A	A	0.4938703179359436
3406	Han35	Py7	A	A	0.4663674235343933
3407	Han35	Py9	A	A	0.4670377969741821
3408	Han35	Py11	A	A	0.488215297460556
3409	Han35	Py13	A	A	0.4696854650974274
3410	Han35	Py15	A	A	0.4881182312965393
3411	Han35	Py17	A	A	0.4752208292484283
3412	Han35	Py19	A	A	0.5244473814964294
3413	Han35	Py25	A	A	0.5171979665756226
3414	Han35	Py27	A	A	0.4754429757595062
3415	Han35	Py29	A	A	0.4707590341567993
3416	Han35	Py31	A	A	0.4769538044929504
3417	Han35	Py33	A	A	0.4878554940223694
3418	Han35	Py35	A	A	0.4659723937511444
3419	Han35	Py37	A	A	0.4334281086921692
3420	Han35	Py39	A	A	0.4232207238674164
3421	Han35	Py41	A	A	0.4479587376117706
3422	Han35	Py43	A	A	0.468818336725235
3423	Han35	Py45	A	A	0.4934592247009277
3424	Han35	Py47	A	A	0.4704325795173645
3425	Han35	Py51	A	A	0.434467077255249
3426	Han35	Py55	A	A	0.4937929213047028
3427	Han35	Py57	A	A	0.4905644655227661
3428	Han35	Py59	A	A	0.5018327236175537
3429	Han35	Py61	A	A	0.5243722200393677
3430	Han35	Py63	A	A	0.4484202861785889
3431	Han35	Py65	A	A	0.4451762139797211
3432	Han35	Py67	A	A	0.4453937709331512
3433	Han35	Py69	A	A	0.4563705325126648
3434	Han35	Py71	A	A	0.4498000144958496
3435	Han35	Py73	A	A	0.2757951617240906
3436	Han35	Py75	A	A	0.295072615146637
3437	Han35	Py78	A	A	0.2792432010173798
3438	Han35	Py80	A	A	0.1982226818799973
3439	Han35	Py82	A	A	0.3367123007774353
3440	Han35	Py84	A	A	0.2332871854305267
3441	Han35	Py86	A	A	0.2362245619297028
3442	Han35	Py88	A	A	0.2761748433113098
3443	Han35	HR05	A	A	0.4518821835517883
3444	Han35	HR07	A	A	0.3861639797687531
3445	Han35	HR09	A	A	0.4470782577991486
3446	Han35	HR11	A	A	0.4608621001243591
3447	Han35	HR15	A	A	0.4836668968200684
3448	Han35	HR19	A	A	0.4339650273323059
3449	Han35	HR21	A	A	0.4254552721977234
3450	Han35	HR25	A	A	0.5387336611747742
3451	Han35	HR31	A	A	0.5435675382614136
3452	Han35	HR33	A	A	0.458417534828186
3453	Han35	HR37	A	A	0.4993875324726105
3454	Han35	HR47	A	A	0.5332646369934082
3455	Han35	HR50	A	A	0.4637724757194519
3456	Han35	HR52	A	A	0.5141738057136536
3457	Han35	HR56	A	A	0.4674204885959625
3458	Han35	HR60	A	A	0.5005291104316711
3459	Han35	HR62	A	A	0.4424724280834198
3460	Han35	HR64	A	A	0.5723411440849304
3461	Han35	HR66	A	A	0.4310879707336426
3462	Han35	HR68	A	A	0.4244215786457062
3463	Han35	H3	A	A	0.4901148676872253
3464	Han35	H5	A	A	0.4646925330162048
3465	Han35	H7	A	A	0.4466018676757812
3466	Han35	H11	A	A	0.4593592286109924
3467	Han35	H13	A	A	0.4811429381370544
3468	Han35	H15	A	A	0.540298581123352
3469	Han35	Han01	A	A	0.09355057775974274
3470	Han35	Han03	A	A	0.05822658538818359
3471	Han35	Han05	A	A	0.4345849752426147
3472	Han35	Han07	A	A	0.0774623304605484
3473	Han35	Han09	A	A	0.08825601637363434
3474	Han35	Han11	A	A	0.06171568483114243
3475	Han35	Han13	A	A	0.05244621634483337
3476	Han35	Han15	A	A	0.4021273255348206
3477	Han35	Han17	A	A	0.06661198288202286
3478	Han35	Han19	A	A	0.07057865709066391
3479	Han35	Han21	A	A	0.06682278215885162
3480	Han35	Han23	A	A	0.05668861418962479
3481	Han35	Han25	A	A	0.05247654765844345
3482	Han35	Han27	A	A	0.05686450004577637
3483	Han35	Han29	A	A	0.05069482326507568
3484	Han35	Han31	A	A	0.06132777035236359
3485	Han35	Han33	A	A	0.1189576983451843
3486	Han37	Py1	A	A	0.4525305926799774
3487	Han37	Py3	A	A	0.4578589797019958
3488	Han37	Py5	A	A	0.5025971531867981
3489	Han37	Py7	A	A	0.4774996936321259
3490	Han37	Py9	A	A	0.4782326817512512
3491	Han37	Py11	A	A	0.4994189441204071
3492	Han37	Py13	A	A	0.4808689951896667
3493	Han37	Py15	A	A	0.4991908073425293
3494	Han37	Py17	A	A	0.4862212538719177
3495	Han37	Py19	A	A	0.534025251865387
3496	Han37	Py25	A	A	0.526036262512207
3497	Han37	Py27	A	A	0.486508309841156
3498	Han37	Py29	A	A	0.4817706942558289
3499	Han37	Py31	A	A	0.4879686236381531
3500	Han37	Py33	A	A	0.4988932311534882
3501	Han37	Py35	A	A	0.4769921004772186
3502	Han37	Py37	A	A	0.4478446841239929
3503	Han37	Py39	A	A	0.4373923242092133
3504	Han37	Py41	A	A	0.4616719484329224
3505	Han37	Py43	A	A	0.4819748997688293
3506	Han37	Py45	A	A	0.5051906108856201
3507	Han37	Py47	A	A	0.4838426113128662
3508	Han37	Py51	A	A	0.4476532340049744
3509	Han37	Py55	A	A	0.5056421756744385
3510	Han37	Py57	A	A	0.5022295117378235
3511	Han37	Py59	A	A	0.5144132971763611
3512	Han37	Py61	A	A	0.5379045605659485
3513	Han37	Py63	A	A	0.4619037508964539
3514	Han37	Py65	A	A	0.4584992229938507
3515	Han37	Py67	A	A	0.4595842659473419
3516	Han37	Py69	A	A	0.4704855680465698
3517	Han37	Py71	A	A	0.4642088711261749
3518	Han37	Py73	A	A	0.2370126247406006
3519	Han37	Py75	A	A	0.289425790309906
3520	Han37	Py78	A	A	0.3039952516555786
3521	Han37	Py80	A	A	0.1687636077404022
3522	Han37	Py82	A	A	0.350460410118103
3523	Han37	Py84	A	A	0.2864555418491364
3524	Han37	Py86	A	A	0.2835599184036255
3525	Han37	Py88	A	A	0.3000480532646179
3526	Han37	HR05	A	A	0.4626937508583069
3527	Han37	HR07	A	A	0.4000147581100464
3528	Han37	HR09	A	A	0.449629157781601
3529	Han37	HR11	A	A	0.4810331165790558
3530	Han37	HR15	A	A	0.4973863959312439
3531	Han37	HR19	A	A	0.4701546430587769
3532	Han37	HR21	A	A	0.4653899073600769
3533	Han37	HR25	A	A	0.5671981573104858
3534	Han37	HR31	A	A	0.567371129989624
3535	Han37	HR33	A	A	0.5007009506225586
3536	Han37	HR37	A	A	0.5129489302635193
3537	Han37	HR47	A	A	0.5370001196861267
3538	Han37	HR50	A	A	0.5056381225585938
3539	Han37	HR52	A	A	0.5568151473999023
3540	Han37	HR56	A	A	0.5092321634292603
3541	Han37	HR60	A	A	0.5107495188713074
3542	Han37	HR62	A	A	0.458844393491745
3543	Han37	HR64	A	A	0.5952099561691284
3544	Han37	HR66	A	A	0.4632247984409332
3545	Han37	HR68	A	A	0.4390079975128174
3546	Han37	H3	A	A	0.5307698249816895
3547	Han37	H5	A	A	0.5034056305885315
3548	Han37	H7	A	A	0.4718998074531555
3549	Han37	H11	A	A	0.4788057804107666
3550	Han37	H13	A	A	0.5224627256393433
3551	Han37	H15	A	A	0.5827196836471558
3552	Han37	Han01	A	A	0.05030915513634682
3553	Han37	Han03	A	A	0.1177756562829018
3554	Han37	Han05	A	A	0.4630349278450012
3555	Han37	Han07	A	A	0.05646401643753052
3556	Han37	Han09	A	A	0.05288712680339813
3557	Han37	Han11	A	A	0.0849803239107132
3558	Han37	Han13	A	A	0.1376858949661255
3559	Han37	Han15	A	A	0.4318493902683258
3560	Han37	Han17	A	A	0.1128220111131668
3561	Han37	Han19	A	A	0.0824633538722992
3562	Han37	Han21	A	A	0.08019569516181946
3563	Han37	Han23	A	A	0.1329192817211151
3564	Han37	Han25	A	A	0.1497787684202194
3565	Han37	Han27	A	A	0.146707147359848
3566	Han37	Han29	A	A	0.1221243590116501
3567	Han37	Han31	A	A	0.06531770527362823
3568	Han37	Han33	A	A	0.0215635634958744
3569	Han37	Han35	A	A	0.1154986247420311
3570	Han39	Py1	A	A	0.4331527352333069
3571	Han39	Py3	A	A	0.4380275309085846
3572	Han39	Py5	A	A	0.4835317432880402
3573	Han39	Py7	A	A	0.4578977525234222
3574	Han39	Py9	A	A	0.4585807919502258
3575	Han39	Py11	A	A	0.4797711372375488
3576	Han39	Py13	A	A	0.4613706171512604
3577	Han39	Py15	A	A	0.4795703589916229
3578	Han39	Py17	A	A	0.4667149782180786
3579	Han39	Py19	A	A	0.5142779350280762
3580	Han39	Py25	A	A	0.5070331692695618
3581	Han39	Py27	A	A	0.4668260216712952
3582	Han39	Py29	A	A	0.4621740877628326
3583	Han39	Py31	A	A	0.4684953689575195
3584	Han39	Py33	A	A	0.4793941974639893
3585	Han39	Py35	A	A	0.4574372172355652
3586	Han39	Py37	A	A	0.422453373670578
3587	Han39	Py39	A	A	0.4132005572319031
3588	Han39	Py41	A	A	0.4365755617618561
3589	Han39	Py43	A	A	0.4582912921905518
3590	Han39	Py45	A	A	0.4845827519893646
3591	Han39	Py47	A	A	0.4604207277297974
3592	Han39	Py51	A	A	0.4244667291641235
3593	Han39	Py55	A	A	0.4849178493022919
3594	Han39	Py57	A	A	0.4818103611469269
3595	Han39	Py59	A	A	0.4912299811840057
3596	Han39	Py61	A	A	0.5147905349731445
3597	Han39	Py63	A	A	0.4377971887588501
3598	Han39	Py65	A	A	0.4356012940406799
3599	Han39	Py67	A	A	0.4331917464733124
3600	Han39	Py69	A	A	0.4440004229545593
3601	Han39	Py71	A	A	0.4379809498786926
3602	Han39	Py73	A	A	0.2749723196029663
3603	Han39	Py75	A	A	0.2890056371688843
3604	Han39	Py78	A	A	0.2696463465690613
3605	Han39	Py80	A	A	0.201925590634346
3606	Han39	Py82	A	A	0.3285454213619232
3607	Han39	Py84	A	A	0.2342289388179779
3608	Han39	Py86	A	A	0.2298257648944855
3609	Han39	Py88	A	A	0.2677204608917236
3610	Han39	HR05	A	A	0.4589692652225494
3611	Han39	HR07	A	A	0.3919782042503357
3612	Han39	HR09	A	A	0.4444731473922729
3613	Han39	HR11	A	A	0.469213604927063
3614	Han39	HR15	A	A	0.490157276391983
3615	Han39	HR19	A	A	0.4414011240005493
3616	Han39	HR21	A	A	0.4291390180587769
3617	Han39	HR25	A	A	0.5397361516952515
3618	Han39	HR31	A	A	0.5391572713851929
3619	Han39	HR33	A	A	0.4611959755420685
3620	Han39	HR37	A	A	0.4971507489681244
3621	Han39	HR47	A	A	0.5301396250724792
3622	Han39	HR50	A	A	0.4654905498027802
3623	Han39	HR52	A	A	0.5176385641098022
3624	Han39	HR56	A	A	0.4660402238368988
3625	Han39	HR60	A	A	0.5029411911964417
3626	Han39	HR62	A	A	0.4432998895645142
3627	Han39	HR64	A	A	0.571936845779419
3628	Han39	HR66	A	A	0.4370229542255402
3629	Han39	HR68	A	A	0.4305299818515778
3630	Han39	H3	A	A	0.4923633337020874
3631	Han39	H5	A	A	0.4682388305664062
3632	Han39	H7	A	A	0.4541607797145844
3633	Han39	H11	A	A	0.4658451974391937
3634	Han39	H13	A	A	0.4830476045608521
3635	Han39	H15	A	A	0.54067063331604
3636	Han39	Han01	A	A	0.1006913036108017
3637	Han39	Han03	A	A	0.05817293003201485
3638	Han39	Han05	A	A	0.4403091967105865
3639	Han39	Han07	A	A	0.08978872746229172
3640	Han39	Han09	A	A	0.1022378355264664
3641	Han39	Han11	A	A	0.08049304038286209
3642	Han39	Han13	A	A	0.07241138070821762
3643	Han39	Han15	A	A	0.4127245843410492
3644	Han39	Han17	A	A	0.08616409450769424
3645	Han39	Han19	A	A	0.08998334407806396
3646	Han39	Han21	A	A	0.08651430159807205
3647	Han39	Han23	A	A	0.07784569263458252
3648	Han39	Han25	A	A	0.0757337287068367
3649	Han39	Han27	A	A	0.0666835606098175
3650	Han39	Han29	A	A	0.06092359498143196
3651	Han39	Han31	A	A	0.07977938652038574
3652	Han39	Han33	A	A	0.1273210346698761
3653	Han39	Han35	A	A	0.04683712497353554
3654	Han39	Han37	A	A	0.1247218325734138
3655	Han41	Py1	A	A	0.4200736582279205
3656	Han41	Py3	A	A	0.4263768196105957
3657	Han41	Py5	A	A	0.473164975643158
3658	Han41	Py7	A	A	0.4461514055728912
3659	Han41	Py9	A	A	0.4468178749084473
3660	Han41	Py11	A	A	0.4680670201778412
3661	Han41	Py13	A	A	0.4495792984962463
3662	Han41	Py15	A	A	0.467925637960434
3663	Han41	Py17	A	A	0.4551370739936829
3664	Han41	Py19	A	A	0.5039878487586975
3665	Han41	Py25	A	A	0.4967853724956512
3666	Han41	Py27	A	A	0.4552510678768158
3667	Han41	Py29	A	A	0.4506130814552307
3668	Han41	Py31	A	A	0.4568646848201752
3669	Han41	Py33	A	A	0.4677714705467224
3670	Han41	Py35	A	A	0.4457894265651703
3671	Han41	Py37	A	A	0.4040190279483795
3672	Han41	Py39	A	A	0.394886702299118
3673	Han41	Py41	A	A	0.4167084991931915
3674	Han41	Py43	A	A	0.439340353012085
3675	Han41	Py45	A	A	0.4727068543434143
3676	Han41	Py47	A	A	0.4458037614822388
3677	Han41	Py51	A	A	0.4052616357803345
3678	Han41	Py55	A	A	0.4730045795440674
3679	Han41	Py57	A	A	0.4698522388935089
3680	Han41	Py59	A	A	0.4734781980514526
3681	Han41	Py61	A	A	0.4953418374061584
3682	Han41	Py63	A	A	0.4185786545276642
3683	Han41	Py65	A	A	0.4167370200157166
3684	Han41	Py67	A	A	0.414992481470108
3685	Han41	Py69	A	A	0.4260684847831726
3686	Han41	Py71	A	A	0.419992595911026
3687	Han41	Py73	A	A	0.3043704330921173
3688	Han41	Py75	A	A	0.2791475057601929
3689	Han41	Py78	A	A	0.2573363780975342
3690	Han41	Py80	A	A	0.2284140139818192
3691	Han41	Py82	A	A	0.3107533752918243
3692	Han41	Py84	A	A	0.1961729675531387
3693	Han41	Py86	A	A	0.2073914259672165
3694	Han41	Py88	A	A	0.2474852949380875
3695	Han41	HR05	A	A	0.4474626183509827
3696	Han41	HR07	A	A	0.3808712363243103
3697	Han41	HR09	A	A	0.4340183734893799
3698	Han41	HR11	A	A	0.4591116309165955
3699	Han41	HR15	A	A	0.4779559969902039
3700	Han41	HR19	A	A	0.4338999688625336
3701	Han41	HR21	A	A	0.4291087090969086
3702	Han41	HR25	A	A	0.5461055040359497
3703	Han41	HR31	A	A	0.5450316667556763
3704	Han41	HR33	A	A	0.4592316746711731
3705	Han41	HR37	A	A	0.4922862946987152
3706	Han41	HR47	A	A	0.5247542262077332
3707	Han41	HR50	A	A	0.4629895985126495
3708	Han41	HR52	A	A	0.5197414755821228
3709	Han41	HR56	A	A	0.4653629660606384
3710	Han41	HR60	A	A	0.4886362850666046
3711	Han41	HR62	A	A	0.429376482963562
3712	Han41	HR64	A	A	0.5778498649597168
3713	Han41	HR66	A	A	0.4306724071502686
3714	Han41	HR68	A	A	0.4174718260765076
3715	Han41	H3	A	A	0.4924351274967194
3716	Han41	H5	A	A	0.4671523869037628
3717	Han41	H7	A	A	0.442049652338028
3718	Han41	H11	A	A	0.4523886740207672
3719	Han41	H13	A	A	0.4807524085044861
3720	Han41	H15	A	A	0.5397726893424988
3721	Han41	Han01	A	A	0.1271272748708725
3722	Han41	Han03	A	A	0.05449268966913223
3723	Han41	Han05	A	A	0.393942654132843
3724	Han41	Han07	A	A	0.1194364503026009
3725	Han41	Han09	A	A	0.1247538626194
3726	Han41	Han11	A	A	0.09340920299291611
3727	Han41	Han13	A	A	0.05531000345945358
3728	Han41	Han15	A	A	0.3689353168010712
3729	Han41	Han17	A	A	0.08258704096078873
3730	Han41	Han19	A	A	0.09582328051328659
3731	Han41	Han21	A	A	0.09893505275249481
3732	Han41	Han23	A	A	0.05384207889437675
3733	Han41	Han25	A	A	0.07665637135505676
3734	Han41	Han27	A	A	0.0703078955411911
3735	Han41	Han29	A	A	0.1064070239663124
3736	Han41	Han31	A	A	0.1059025228023529
3737	Han41	Han33	A	A	0.161069318652153
3738	Han41	Han35	A	A	0.07459484785795212
3739	Han41	Han37	A	A	0.160590261220932
3740	Han41	Han39	A	A	0.06366564333438873
3741	Han43	Py1	A	A	0.420013040304184
3742	Han43	Py3	A	A	0.4261722266674042
3743	Han43	Py5	A	A	0.4740682244300842
3744	Han43	Py7	A	A	0.4459708333015442
3745	Han43	Py9	A	A	0.4466969668865204
3746	Han43	Py11	A	A	0.4678698182106018
3747	Han43	Py13	A	A	0.4494120478630066
3748	Han43	Py15	A	A	0.4677523970603943
3749	Han43	Py17	A	A	0.4549016952514648
3750	Han43	Py19	A	A	0.5046825408935547
3751	Han43	Py25	A	A	0.4974666237831116
3752	Han43	Py27	A	A	0.4549680650234222
3753	Han43	Py29	A	A	0.4504911303520203
3754	Han43	Py31	A	A	0.4566777944564819
3755	Han43	Py33	A	A	0.4675208926200867
3756	Han43	Py35	A	A	0.4455559551715851
3757	Han43	Py37	A	A	0.3892970979213715
3758	Han43	Py39	A	A	0.378637284040451
3759	Han43	Py41	A	A	0.4036393761634827
3760	Han43	Py43	A	A	0.427924245595932
3761	Han43	Py45	A	A	0.4722835421562195
3762	Han43	Py47	A	A	0.4453121721744537
3763	Han43	Py51	A	A	0.392658919095993
3764	Han43	Py55	A	A	0.4724737405776978
3765	Han43	Py57	A	A	0.4693114161491394
3766	Han43	Py59	A	A	0.46143639087677
3767	Han43	Py61	A	A	0.4814053177833557
3768	Han43	Py63	A	A	0.4055246114730835
3769	Han43	Py65	A	A	0.404226690530777
3770	Han43	Py67	A	A	0.4073574542999268
3771	Han43	Py69	A	A	0.4134606420993805
3772	Han43	Py71	A	A	0.4062446057796478
3773	Han43	Py73	A	A	0.2704347670078278
3774	Han43	Py75	A	A	0.2563553750514984
3775	Han43	Py78	A	A	0.2575633823871613
3776	Han43	Py80	A	A	0.1937575936317444
3777	Han43	Py82	A	A	0.2973347306251526
3778	Han43	Py84	A	A	0.2126355767250061
3779	Han43	Py86	A	A	0.2034601271152496
3780	Han43	Py88	A	A	0.2324385941028595
3781	Han43	HR05	A	A	0.4442842304706573
3782	Han43	HR07	A	A	0.3778131604194641
3783	Han43	HR09	A	A	0.4312004745006561
3784	Han43	HR11	A	A	0.4569532573223114
3785	Han43	HR15	A	A	0.4751099646091461
3786	Han43	HR19	A	A	0.4392966330051422
3787	Han43	HR21	A	A	0.4368368685245514
3788	Han43	HR25	A	A	0.5515902042388916
3789	Han43	HR31	A	A	0.5519060492515564
3790	Han43	HR33	A	A	0.4653300046920776
3791	Han43	HR37	A	A	0.4886687099933624
3792	Han43	HR47	A	A	0.5217266082763672
3793	Han43	HR50	A	A	0.4684638977050781
3794	Han43	HR52	A	A	0.5223936438560486
3795	Han43	HR56	A	A	0.4747012555599213
3796	Han43	HR60	A	A	0.4781602025032043
3797	Han43	HR62	A	A	0.4199022948741913
3798	Han43	HR64	A	A	0.583204448223114
3799	Han43	HR66	A	A	0.4366895854473114
3800	Han43	HR68	A	A	0.4100883305072784
3801	Han43	H3	A	A	0.5004869103431702
3802	Han43	H5	A	A	0.4749467968940735
3803	Han43	H7	A	A	0.4407279193401337
3804	Han43	H11	A	A	0.4449962079524994
3805	Han43	H13	A	A	0.483776330947876
3806	Han43	H15	A	A	0.5485246181488037
3807	Han43	Han01	A	A	0.1064041405916214
3808	Han43	Han03	A	A	0.04608164355158806
3809	Han43	Han05	A	A	0.3880442976951599
3810	Han43	Han07	A	A	0.1105054840445518
3811	Han43	Han09	A	A	0.1040249988436699
3812	Han43	Han11	A	A	0.07703818380832672
3813	Han43	Han13	A	A	0.0539092980325222
3814	Han43	Han15	A	A	0.3593437969684601
3815	Han43	Han17	A	A	0.06228099018335342
3816	Han43	Han19	A	A	0.0796113982796669
3817	Han43	Han21	A	A	0.08179813623428345
3818	Han43	Han23	A	A	0.05217178910970688
3819	Han43	Han25	A	A	0.06998559087514877
3820	Han43	Han27	A	A	0.07161854952573776
3821	Han43	Han29	A	A	0.1107240468263626
3822	Han43	Han31	A	A	0.090923972427845
3823	Han43	Han33	A	A	0.1435091495513916
3824	Han43	Han35	A	A	0.07577988505363464
3825	Han43	Han37	A	A	0.1408402621746063
3826	Han43	Han39	A	A	0.06747166812419891
3827	Han43	Han41	A	A	0.0444423146545887
3828	Han45	Py1	A	A	0.4227072596549988
3829	Han45	Py3	A	A	0.4284561276435852
3830	Han45	Py5	A	A	0.4749366343021393
3831	Han45	Py7	A	A	0.4465230405330658
3832	Han45	Py9	A	A	0.4466989040374756
3833	Han45	Py11	A	A	0.4670881927013397
3834	Han45	Py13	A	A	0.4487999081611633
3835	Han45	Py15	A	A	0.4678447544574738
3836	Han45	Py17	A	A	0.4540498852729797
3837	Han45	Py19	A	A	0.5054683089256287
3838	Han45	Py25	A	A	0.498309850692749
3839	Han45	Py27	A	A	0.4540804028511047
3840	Han45	Py29	A	A	0.4493453502655029
3841	Han45	Py31	A	A	0.4558908343315125
3842	Han45	Py33	A	A	0.4675383269786835
3843	Han45	Py35	A	A	0.4445900917053223
3844	Han45	Py37	A	A	0.4011543393135071
3845	Han45	Py39	A	A	0.3902029693126678
3846	Han45	Py41	A	A	0.4125571846961975
3847	Han45	Py43	A	A	0.4365784525871277
3848	Han45	Py45	A	A	0.473793089389801
3849	Han45	Py47	A	A	0.4480251669883728
3850	Han45	Py51	A	A	0.4007994532585144
3851	Han45	Py55	A	A	0.4727969467639923
3852	Han45	Py57	A	A	0.4695846736431122
3853	Han45	Py59	A	A	0.4687663912773132
3854	Han45	Py61	A	A	0.490236759185791
3855	Han45	Py63	A	A	0.4141183495521545
3856	Han45	Py65	A	A	0.4120944142341614
3857	Han45	Py67	A	A	0.4124993085861206
3858	Han45	Py69	A	A	0.4223501980304718
3859	Han45	Py71	A	A	0.4158293604850769
3860	Han45	Py73	A	A	0.2365931272506714
3861	Han45	Py75	A	A	0.2621933817863464
3862	Han45	Py78	A	A	0.2586168944835663
3863	Han45	Py80	A	A	0.1605421751737595
3864	Han45	Py82	A	A	0.3054361939430237
3865	Han45	Py84	A	A	0.226432740688324
3866	Han45	Py86	A	A	0.2161784321069717
3867	Han45	Py88	A	A	0.2443658858537674
3868	Han45	HR05	A	A	0.4423739314079285
3869	Han45	HR07	A	A	0.3769197762012482
3870	Han45	HR09	A	A	0.4273149967193604
3871	Han45	HR11	A	A	0.4546677768230438
3872	Han45	HR15	A	A	0.4734714925289154
3873	Han45	HR19	A	A	0.4410130083560944
3874	Han45	HR21	A	A	0.4368460774421692
3875	Han45	HR25	A	A	0.5521804690361023
3876	Han45	HR31	A	A	0.5542635917663574
3877	Han45	HR33	A	A	0.4678553342819214
3878	Han45	HR37	A	A	0.4920374751091003
3879	Han45	HR47	A	A	0.5226593613624573
3880	Han45	HR50	A	A	0.4721871316432953
3881	Han45	HR52	A	A	0.5257096290588379
3882	Han45	HR56	A	A	0.4795669913291931
3883	Han45	HR60	A	A	0.4863601326942444
3884	Han45	HR62	A	A	0.4266950488090515
3885	Han45	HR64	A	A	0.5826805830001831
3886	Han45	HR66	A	A	0.4359084665775299
3887	Han45	HR68	A	A	0.411115825176239
3888	Han45	H3	A	A	0.5026190280914307
3889	Han45	H5	A	A	0.4743624329566956
3890	Han45	H7	A	A	0.4413072168827057
3891	Han45	H11	A	A	0.4474010467529297
3892	Han45	H13	A	A	0.4887571334838867
3893	Han45	H15	A	A	0.5500560998916626
3894	Han45	Han01	A	A	0.06298412382602692
3895	Han45	Han03	A	A	0.05793925374746323
3896	Han45	Han05	A	A	0.4074093103408813
3897	Han45	Han07	A	A	0.06824500113725662
3898	Han45	Han09	A	A	0.06153449043631554
3899	Han45	Han11	A	A	0.04678912088274956
3900	Han45	Han13	A	A	0.06668583303689957
3901	Han45	Han15	A	A	0.3765990436077118
3902	Han45	Han17	A	A	0.04663806408643723
3903	Han45	Han19	A	A	0.04923711717128754
3904	Han45	Han21	A	A	0.0497642308473587
3905	Han45	Han23	A	A	0.06289184838533401
3906	Han45	Han25	A	A	0.07552572339773178
3907	Han45	Han27	A	A	0.08825235813856125
3908	Han45	Han29	A	A	0.08750059455633163
3909	Han45	Han31	A	A	0.05683387815952301
3910	Han45	Han33	A	A	0.1075415015220642
3911	Han45	Han35	A	A	0.0599929466843605
3912	Han45	Han37	A	A	0.1023395210504532
3913	Han45	Han39	A	A	0.0755765438079834
3914	Han45	Han41	A	A	0.09203334897756577
3915	Han45	Han43	A	A	0.06948119401931763
3916	Han47	Py1	A	A	0.4192422032356262
3917	Han47	Py3	A	A	0.4259219467639923
3918	Han47	Py5	A	A	0.479507178068161
3919	Han47	Py7	A	A	0.4432294368743896
3920	Han47	Py9	A	A	0.443274199962616
3921	Han47	Py11	A	A	0.4687266647815704
3922	Han47	Py13	A	A	0.4434429109096527
3923	Han47	Py15	A	A	0.4707479774951935
3924	Han47	Py17	A	A	0.4529133141040802
3925	Han47	Py19	A	A	0.5110649466514587
3926	Han47	Py25	A	A	0.5044029951095581
3927	Han47	Py27	A	A	0.4548944532871246
3928	Han47	Py29	A	A	0.4482648968696594
3929	Han47	Py31	A	A	0.4530430138111115
3930	Han47	Py33	A	A	0.4682921469211578
3931	Han47	Py35	A	A	0.4426875710487366
3932	Han47	Py37	A	A	0.4016623497009277
3933	Han47	Py39	A	A	0.386132538318634
3934	Han47	Py41	A	A	0.4173133075237274
3935	Han47	Py43	A	A	0.4408184885978699
3936	Han47	Py45	A	A	0.4852445721626282
3937	Han47	Py47	A	A	0.4513738453388214
3938	Han47	Py51	A	A	0.3999800682067871
3939	Han47	Py55	A	A	0.4802431464195251
3940	Han47	Py57	A	A	0.4763745367527008
3941	Han47	Py59	A	A	0.4821082353591919
3942	Han47	Py61	A	A	0.5099759697914124
3943	Han47	Py63	A	A	0.4140577018260956
3944	Han47	Py65	A	A	0.4108827710151672
3945	Han47	Py67	A	A	0.4121499359607697
3946	Han47	Py69	A	A	0.421568751335144
3947	Han47	Py71	A	A	0.4133988618850708
3948	Han47	Py73	A	A	0.5564697980880737
3949	Han47	Py75	A	A	0.5439592003822327
3950	Han47	Py78	A	A	0.4319800734519958
3951	Han47	Py80	A	A	0.4882506728172302
3952	Han47	Py82	A	A	0.4503072500228882
3953	Han47	Py84	A	A	0.4104330241680145
3954	Han47	Py86	A	A	0.4285509288311005
3955	Han47	Py88	A	A	0.4530473351478577
3956	Han47	HR05	A	A	0.4910200834274292
3957	Han47	HR07	A	A	0.5223666429519653
3958	Han47	HR09	A	A	0.4375579953193665
3959	Han47	HR11	A	A	0.4986429512500763
3960	Han47	HR15	A	A	0.5758424997329712
3961	Han47	HR19	A	A	0.506835401058197
3962	Han47	HR21	A	A	0.519576907157898
3963	Han47	HR25	A	A	0.6123394966125488
3964	Han47	HR31	A	A	0.6060751080513
3965	Han47	HR33	A	A	0.5380786657333374
3966	Han47	HR37	A	A	0.5463845133781433
3967	Han47	HR47	A	A	0.5504663586616516
3968	Han47	HR50	A	A	0.532065212726593
3969	Han47	HR52	A	A	0.602885365486145
3970	Han47	HR56	A	A	0.5184332728385925
3971	Han47	HR60	A	A	0.5050907135009766
3972	Han47	HR62	A	A	0.4904403984546661
3973	Han47	HR64	A	A	0.6370324492454529
3974	Han47	HR66	A	A	0.541684091091156
3975	Han47	HR68	A	A	0.4913666546344757
3976	Han47	H3	A	A	0.5608663558959961
3977	Han47	H5	A	A	0.5075123906135559
3978	Han47	H7	A	A	0.4790613949298859
3979	Han47	H11	A	A	0.5027284026145935
3980	Han47	H13	A	A	0.5524945259094238
3981	Han47	H15	A	A	0.6232054829597473
3982	Han47	Han01	A	A	0.4784952402114868
3983	Han47	Han03	A	A	0.4390819370746613
3984	Han47	Han05	A	A	0.1254710108041763
3985	Han47	Han07	A	A	0.4874753654003143
3986	Han47	Han09	A	A	0.4723487496376038
3987	Han47	Han11	A	A	0.4667599499225616
3988	Han47	Han13	A	A	0.4532655477523804
3989	Han47	Han15	A	A	0.1606705188751221
3990	Han47	Han17	A	A	0.4328587353229523
3991	Han47	Han19	A	A	0.4512424767017365
3992	Han47	Han21	A	A	0.4553187787532806
3993	Han47	Han23	A	A	0.4446892738342285
3994	Han47	Han25	A	A	0.4717054665088654
3995	Han47	Han27	A	A	0.4811310768127441
3996	Han47	Han29	A	A	0.5081666707992554
3997	Han47	Han31	A	A	0.4806051552295685
3998	Han47	Han33	A	A	0.4977478086948395
3999	Han47	Han35	A	A	0.4777596592903137
4000	Han47	Han37	A	A	0.5036011338233948
4001	Han47	Han39	A	A	0.4827370047569275
4002	Han47	Han41	A	A	0.44085294008255
4003	Han47	Han43	A	A	0.4442378878593445
4004	Han47	Han45	A	A	0.4561271071434021
4005	Han51	Py1	A	A	0.3759946525096893
4006	Han51	Py3	A	A	0.379705399274826
4007	Han51	Py5	A	A	0.4077220261096954
4008	Han51	Py7	A	A	0.3906832337379456
4009	Han51	Py9	A	A	0.3911240100860596
4010	Han51	Py11	A	A	0.4063653349876404
4011	Han51	Py13	A	A	0.3902824819087982
4012	Han51	Py15	A	A	0.4081154763698578
4013	Han51	Py17	A	A	0.3932348787784576
4014	Han51	Py19	A	A	0.4280993044376373
4015	Han51	Py25	A	A	0.4090054631233215
4016	Han51	Py27	A	A	0.3891541063785553
4017	Han51	Py29	A	A	0.3904310762882233
4018	Han51	Py31	A	A	0.3899491131305695
4019	Han51	Py33	A	A	0.3970834612846375
4020	Han51	Py35	A	A	0.3873513638973236
4021	Han51	Py37	A	A	0.3718376159667969
4022	Han51	Py39	A	A	0.3858131468296051
4023	Han51	Py41	A	A	0.3695004880428314
4024	Han51	Py43	A	A	0.3866068422794342
4025	Han51	Py45	A	A	0.42019122838974
4026	Han51	Py47	A	A	0.3974897265434265
4027	Han51	Py51	A	A	0.3737815618515015
4028	Han51	Py55	A	A	0.4048890471458435
4029	Han51	Py57	A	A	0.399336040019989
4030	Han51	Py59	A	A	0.3998547494411469
4031	Han51	Py61	A	A	0.4204517006874084
4032	Han51	Py63	A	A	0.3588966727256775
4033	Han51	Py65	A	A	0.3583201169967651
4034	Han51	Py67	A	A	0.367003321647644
4035	Han51	Py69	A	A	0.3606046736240387
4036	Han51	Py71	A	A	0.365702360868454
4037	Han51	Py73	A	A	0.3709147870540619
4038	Han51	Py75	A	A	0.3474174439907074
4039	Han51	Py78	A	A	0.3266894817352295
4040	Han51	Py80	A	A	0.3158252835273743
4041	Han51	Py82	A	A	0.305836021900177
4042	Han51	Py84	A	A	0.3176006972789764
4043	Han51	Py86	A	A	0.2996200323104858
4044	Han51	Py88	A	A	0.3120658993721008
4045	Han51	HR05	A	A	0.4218262434005737
4046	Han51	HR07	A	A	0.3779983818531036
4047	Han51	HR09	A	A	0.4037961959838867
4048	Han51	HR11	A	A	0.4587255120277405
4049	Han51	HR15	A	A	0.476199746131897
4050	Han51	HR19	A	A	0.4476384520530701
4051	Han51	HR21	A	A	0.4382664561271667
4052	Han51	HR25	A	A	0.55866539478302
4053	Han51	HR31	A	A	0.5547803640365601
4054	Han51	HR33	A	A	0.4727846384048462
4055	Han51	HR37	A	A	0.4938271641731262
4056	Han51	HR47	A	A	0.5109269022941589
4057	Han51	HR50	A	A	0.4794363975524902
4058	Han51	HR52	A	A	0.5400483012199402
4059	Han51	HR56	A	A	0.4803571403026581
4060	Han51	HR60	A	A	0.4292642176151276
4061	Han51	HR62	A	A	0.4196124672889709
4062	Han51	HR64	A	A	0.5899268388748169
4063	Han51	HR66	A	A	0.4455757439136505
4064	Han51	HR68	A	A	0.3907913565635681
4065	Han51	H3	A	A	0.5061410069465637
4066	Han51	H5	A	A	0.4811329543590546
4067	Han51	H7	A	A	0.4519394338130951
4068	Han51	H11	A	A	0.4554582238197327
4069	Han51	H13	A	A	0.4978776872158051
4070	Han51	H15	A	A	0.5591316223144531
4071	Han51	Han01	A	A	0.3491619825363159
4072	Han51	Han03	A	A	0.3321534395217896
4073	Han51	Han05	A	A	0.4616217017173767
4074	Han51	Han07	A	A	0.3600391447544098
4075	Han51	Han09	A	A	0.3484227061271667
4076	Han51	Han11	A	A	0.3467400074005127
4077	Han51	Han13	A	A	0.3409701883792877
4078	Han51	Han15	A	A	0.4418243169784546
4079	Han51	Han17	A	A	0.3334110975265503
4080	Han51	Han19	A	A	0.3437459170818329
4081	Han51	Han21	A	A	0.3342336416244507
4082	Han51	Han23	A	A	0.3354111015796661
4083	Han51	Han25	A	A	0.3448213338851929
4084	Han51	Han27	A	A	0.3388552665710449
4085	Han51	Han29	A	A	0.3528497815132141
4086	Han51	Han31	A	A	0.3501592576503754
4087	Han51	Han33	A	A	0.3661547303199768
4088	Han51	Han35	A	A	0.3529821336269379
4089	Han51	Han37	A	A	0.3637799918651581
4090	Han51	Han39	A	A	0.3416366577148438
4091	Han51	Han41	A	A	0.3257069885730743
4092	Han51	Han43	A	A	0.3178676664829254
4093	Han51	Han45	A	A	0.3266289234161377
4094	Han51	Han47	A	A	0.5182698965072632
4095	Py1	Py2	A	B	0.02230710908770561
4096	Py1	Py4	A	B	0.03835319355130196
4097	Py1	Py6	A	B	0.0996662825345993
4098	Py1	Py8	A	B	0.06933915615081787
4099	Py1	Py10	A	B	0.0924805998802185
4100	Py1	Py12	A	B	0.06177163869142532
4101	Py1	Py14	A	B	0.1471747159957886
4102	Py1	Py16	A	B	0.05083202198147774
4103	Py1	Py18	A	B	0.1525911539793015
4104	Py1	Py20	A	B	0.1746117621660233
4105	Py1	Py22	A	B	0.1495819985866547
4106	Py1	Py24	A	B	0.1843628883361816
4107	Py1	Py26	A	B	0.05219033733010292
4108	Py1	Py28	A	B	0.07959885895252228
4109	Py1	Py30	A	B	0.08455841988325119
4110	Py1	Py32	A	B	0.0855279266834259
4111	Py1	Py34	A	B	0.06273553520441055
4112	Py1	Py36	A	B	0.06631980836391449
4113	Py1	Py38	A	B	0.1047517880797386
4114	Py1	Py40	A	B	0.08045969903469086
4115	Py1	Py42	A	B	0.1030222475528717
4116	Py1	Py44	A	B	0.0812092050909996
4117	Py1	Py46	A	B	0.07576622068881989
4118	Py1	Py48	A	B	0.1217698380351067
4119	Py1	Py52	A	B	0.1225504949688911
4120	Py1	Py54	A	B	0.09208743274211884
4121	Py1	Py56	A	B	0.1220777705311775
4122	Py1	Py58	A	B	0.1271546930074692
4123	Py1	Py62	A	B	0.0955798327922821
4124	Py1	Py64	A	B	0.1063210591673851
4125	Py1	Py66	A	B	0.1113566011190414
4126	Py1	Py68	A	B	0.09306219220161438
4127	Py1	Py70	A	B	0.1004240661859512
4128	Py1	Py72	A	B	0.1086413487792015
4129	Py1	Py79	A	B	0.313068300485611
4130	Py1	Py81	A	B	0.3172776997089386
4131	Py1	Py83	A	B	0.3491917252540588
4132	Py1	Py85	A	B	0.3418940901756287
4133	Py1	Py87	A	B	0.3405043482780457
4134	Py1	P1extneg	A	B	0.3467664122581482
4135	Py1	P1NTC2	A	B	0.4849275946617126
4136	Py1	P1PCRpos	A	B	0.3954910337924957
4137	Py1	HR02	A	B	0.3409277498722076
4138	Py1	HR06	A	B	0.3429307043552399
4139	Py1	HR08	A	B	0.3941250145435333
4140	Py1	HR10	A	B	0.3615845143795013
4141	Py1	HR12	A	B	0.4152165651321411
4142	Py1	HR18	A	B	0.3530274629592896
4143	Py1	HR20	A	B	0.3287557363510132
4144	Py1	HR22	A	B	0.3336701691150665
4145	Py1	HR24	A	B	0.3660371005535126
4146	Py1	HR30	A	B	0.4490346610546112
4147	Py1	HR36	A	B	0.3808577954769135
4148	Py1	HR38	A	B	0.4562208354473114
4149	Py1	HR42	A	B	0.4267907738685608
4150	Py1	HR57	A	B	0.3804675340652466
4151	Py1	HR59	A	B	0.415404200553894
4152	Py1	HR61	A	B	0.4681617021560669
4153	Py1	HR67	A	B	0.5020930767059326
4154	Py1	HR71	A	B	0.7318763136863708
4155	Py1	H1	A	B	0.4588126838207245
4156	Py1	H8	A	B	0.3463703691959381
4157	Py1	H12	A	B	0.4511986970901489
4158	Py1	H16	A	B	0.4511768519878387
4159	Py1	P2PCRpos	A	B	0.385574609041214
4160	Py1	Han02	A	B	0.4358730018138885
4161	Py1	Han04	A	B	0.4297702312469482
4162	Py1	Han06	A	B	0.4378457069396973
4163	Py1	Han08	A	B	0.4275791347026825
4164	Py1	Han10	A	B	0.4302638173103333
4165	Py1	Han12	A	B	0.4356264770030975
4166	Py1	Han14	A	B	0.4083605706691742
4167	Py1	Han16	A	B	0.4303835034370422
4168	Py1	Han18	A	B	0.4314161539077759
4169	Py1	Han20	A	B	0.4220871925354004
4170	Py1	Han22	A	B	0.3826805651187897
4171	Py1	Han26	A	B	0.421102374792099
4172	Py1	Han28	A	B	0.4049970507621765
4173	Py1	Han30	A	B	0.4206890463829041
4174	Py1	Han32	A	B	0.4013946652412415
4175	Py1	Han34	A	B	0.4173971712589264
4176	Py1	Han36	A	B	0.4203947782516479
4177	Py1	Han38	A	B	0.4464820325374603
4178	Py1	Han40	A	B	0.4182896018028259
4179	Py1	Han42	A	B	0.4182760417461395
4180	Py1	Han44	A	B	0.420604795217514
4181	Py1	Han46	A	B	0.435104101896286
4182	Py1	Han48	A	B	0.413396030664444
4183	Py1	P3PCRpos	A	B	0.3867451250553131
4184	Py3	Py2	A	B	0.01203045342117548
4185	Py3	Py4	A	B	0.03046033158898354
4186	Py3	Py6	A	B	0.09170712530612946
4187	Py3	Py8	A	B	0.06485318392515182
4188	Py3	Py10	A	B	0.08542905747890472
4189	Py3	Py12	A	B	0.06442733108997345
4190	Py3	Py14	A	B	0.1409994065761566
4191	Py3	Py16	A	B	0.04700690135359764
4192	Py3	Py18	A	B	0.1467214077711105
4193	Py3	Py20	A	B	0.1690880805253983
4194	Py3	Py22	A	B	0.1451466828584671
4195	Py3	Py24	A	B	0.1809633076190948
4196	Py3	Py26	A	B	0.04759876430034637
4197	Py3	Py28	A	B	0.07419400662183762
4198	Py3	Py30	A	B	0.08025570958852768
4199	Py3	Py32	A	B	0.0814003124833107
4200	Py3	Py34	A	B	0.05874039605259895
4201	Py3	Py36	A	B	0.0617525652050972
4202	Py3	Py38	A	B	0.1116273254156113
4203	Py3	Py40	A	B	0.08501262962818146
4204	Py3	Py42	A	B	0.1033079549670219
4205	Py3	Py44	A	B	0.08166943490505219
4206	Py3	Py46	A	B	0.07492532581090927
4207	Py3	Py48	A	B	0.1225441619753838
4208	Py3	Py52	A	B	0.1282553821802139
4209	Py3	Py54	A	B	0.08867427706718445
4210	Py3	Py56	A	B	0.1184904724359512
4211	Py3	Py58	A	B	0.1225141733884811
4212	Py3	Py62	A	B	0.09926417469978333
4213	Py3	Py64	A	B	0.1126357614994049
4214	Py3	Py66	A	B	0.1174435466527939
4215	Py3	Py68	A	B	0.09711579233407974
4216	Py3	Py70	A	B	0.1066413819789886
4217	Py3	Py72	A	B	0.1144869104027748
4218	Py3	Py79	A	B	0.3157174289226532
4219	Py3	Py81	A	B	0.3197412192821503
4220	Py3	Py83	A	B	0.3544817268848419
4221	Py3	Py85	A	B	0.3473041653633118
4222	Py3	Py87	A	B	0.3451176881790161
4223	Py3	P1extneg	A	B	0.3517372310161591
4224	Py3	P1NTC2	A	B	0.4862025678157806
4225	Py3	P1PCRpos	A	B	0.3949156701564789
4226	Py3	HR02	A	B	0.3416892886161804
4227	Py3	HR06	A	B	0.3445906639099121
4228	Py3	HR08	A	B	0.3952378332614899
4229	Py3	HR10	A	B	0.3605267703533173
4230	Py3	HR12	A	B	0.4160417914390564
4231	Py3	HR18	A	B	0.3539040982723236
4232	Py3	HR20	A	B	0.3295397460460663
4233	Py3	HR22	A	B	0.3385817408561707
4234	Py3	HR24	A	B	0.3646588623523712
4235	Py3	HR30	A	B	0.4490306973457336
4236	Py3	HR36	A	B	0.3803408145904541
4237	Py3	HR38	A	B	0.4561209678649902
4238	Py3	HR42	A	B	0.4261777997016907
4239	Py3	HR57	A	B	0.3832297623157501
4240	Py3	HR59	A	B	0.4148287773132324
4241	Py3	HR61	A	B	0.4648659229278564
4242	Py3	HR67	A	B	0.5025137662887573
4243	Py3	HR71	A	B	0.7307483553886414
4244	Py3	H1	A	B	0.4597881436347961
4245	Py3	H8	A	B	0.3471390306949615
4246	Py3	H12	A	B	0.451546311378479
4247	Py3	H16	A	B	0.4521128237247467
4248	Py3	P2PCRpos	A	B	0.3848223090171814
4249	Py3	Han02	A	B	0.4416681230068207
4250	Py3	Han04	A	B	0.4364139437675476
4251	Py3	Han06	A	B	0.4440582990646362
4252	Py3	Han08	A	B	0.434333860874176
4253	Py3	Han10	A	B	0.4359816312789917
4254	Py3	Han12	A	B	0.4420627355575562
4255	Py3	Han14	A	B	0.4146842956542969
4256	Py3	Han16	A	B	0.4365624487400055
4257	Py3	Han18	A	B	0.4375559091567993
4258	Py3	Han20	A	B	0.4281841516494751
4259	Py3	Han22	A	B	0.3886010944843292
4260	Py3	Han26	A	B	0.4209817349910736
4261	Py3	Han28	A	B	0.4098683893680573
4262	Py3	Han30	A	B	0.4271818995475769
4263	Py3	Han32	A	B	0.4005761742591858
4264	Py3	Han34	A	B	0.4240281879901886
4265	Py3	Han36	A	B	0.4268558025360107
4266	Py3	Han38	A	B	0.4464496374130249
4267	Py3	Han40	A	B	0.4250467121601105
4268	Py3	Han42	A	B	0.424862265586853
4269	Py3	Han44	A	B	0.4272267818450928
4270	Py3	Han46	A	B	0.4413366317749023
4271	Py3	Han48	A	B	0.4200569689273834
4272	Py3	P3PCRpos	A	B	0.3860402405261993
4273	Py5	Py2	A	B	0.1403606534004211
4274	Py5	Py4	A	B	0.1312539875507355
4275	Py5	Py6	A	B	0.07909780740737915
4276	Py5	Py8	A	B	0.1074036881327629
4277	Py5	Py10	A	B	0.0989149808883667
4278	Py5	Py12	A	B	0.1434729695320129
4279	Py5	Py14	A	B	0.09677497297525406
4280	Py5	Py16	A	B	0.1176182180643082
4281	Py5	Py18	A	B	0.1095574498176575
4282	Py5	Py20	A	B	0.1119465902447701
4283	Py5	Py22	A	B	0.1104662418365479
4284	Py5	Py24	A	B	0.1291015446186066
4285	Py5	Py26	A	B	0.1349072456359863
4286	Py5	Py28	A	B	0.1152564063668251
4287	Py5	Py30	A	B	0.1251765191555023
4288	Py5	Py32	A	B	0.1316080838441849
4289	Py5	Py34	A	B	0.1303819715976715
4290	Py5	Py36	A	B	0.1297300457954407
4291	Py5	Py38	A	B	0.2397154569625854
4292	Py5	Py40	A	B	0.1910174638032913
4293	Py5	Py42	A	B	0.1967806965112686
4294	Py5	Py44	A	B	0.1511233001947403
4295	Py5	Py46	A	B	0.149500697851181
4296	Py5	Py48	A	B	0.1625495105981827
4297	Py5	Py52	A	B	0.2455343455076218
4298	Py5	Py54	A	B	0.1464972943067551
4299	Py5	Py56	A	B	0.1573486626148224
4300	Py5	Py58	A	B	0.1544867753982544
4301	Py5	Py62	A	B	0.1965357959270477
4302	Py5	Py64	A	B	0.2105611264705658
4303	Py5	Py66	A	B	0.2212831377983093
4304	Py5	Py68	A	B	0.1873682588338852
4305	Py5	Py70	A	B	0.2033092379570007
4306	Py5	Py72	A	B	0.2148635983467102
4307	Py5	Py79	A	B	0.3539762496948242
4308	Py5	Py81	A	B	0.3609851002693176
4309	Py5	Py83	A	B	0.4006190299987793
4310	Py5	Py85	A	B	0.3929596841335297
4311	Py5	Py87	A	B	0.4052291810512543
4312	Py5	P1extneg	A	B	0.4030345678329468
4313	Py5	P1NTC2	A	B	0.4994398951530457
4314	Py5	P1PCRpos	A	B	0.3934734463691711
4315	Py5	HR02	A	B	0.382294625043869
4316	Py5	HR06	A	B	0.4058486223220825
4317	Py5	HR08	A	B	0.4451977014541626
4318	Py5	HR10	A	B	0.4048306345939636
4319	Py5	HR12	A	B	0.4596527218818665
4320	Py5	HR18	A	B	0.4015576243400574
4321	Py5	HR20	A	B	0.3917884230613708
4322	Py5	HR22	A	B	0.4222931563854218
4323	Py5	HR24	A	B	0.3981174826622009
4324	Py5	HR30	A	B	0.4797776639461517
4325	Py5	HR36	A	B	0.3874814808368683
4326	Py5	HR38	A	B	0.4650248885154724
4327	Py5	HR42	A	B	0.45541051030159
4328	Py5	HR57	A	B	0.4409960508346558
4329	Py5	HR59	A	B	0.4242847263813019
4330	Py5	HR61	A	B	0.4873590171337128
4331	Py5	HR67	A	B	0.5144625902175903
4332	Py5	HR71	A	B	0.7483396530151367
4333	Py5	H1	A	B	0.4931156933307648
4334	Py5	H8	A	B	0.4011915326118469
4335	Py5	H12	A	B	0.4770046472549438
4336	Py5	H16	A	B	0.4949190020561218
4337	Py5	P2PCRpos	A	B	0.3828309774398804
4338	Py5	Han02	A	B	0.4937946796417236
4339	Py5	Han04	A	B	0.4917252361774445
4340	Py5	Han06	A	B	0.491322249174118
4341	Py5	Han08	A	B	0.4864490926265717
4342	Py5	Han10	A	B	0.486859142780304
4343	Py5	Han12	A	B	0.4996507167816162
4344	Py5	Han14	A	B	0.4665110409259796
4345	Py5	Han16	A	B	0.4866539239883423
4346	Py5	Han18	A	B	0.4874238073825836
4347	Py5	Han20	A	B	0.4792933166027069
4348	Py5	Han22	A	B	0.4356717765331268
4349	Py5	Han26	A	B	0.4561684131622314
4350	Py5	Han28	A	B	0.4617183208465576
4351	Py5	Han30	A	B	0.4801368415355682
4352	Py5	Han32	A	B	0.4339425563812256
4353	Py5	Han34	A	B	0.4771759212017059
4354	Py5	Han36	A	B	0.4794644713401794
4355	Py5	Han38	A	B	0.473456472158432
4356	Py5	Han40	A	B	0.4786302149295807
4357	Py5	Han42	A	B	0.4780462086200714
4358	Py5	Han44	A	B	0.4805364310741425
4359	Py5	Han46	A	B	0.4869517087936401
4360	Py5	Han48	A	B	0.4724109172821045
4361	Py5	P3PCRpos	A	B	0.3840753436088562
4362	Py7	Py2	A	B	0.04317016154527664
4363	Py7	Py4	A	B	0.03535539284348488
4364	Py7	Py6	A	B	0.09826087951660156
4365	Py7	Py8	A	B	0.04703317582607269
4366	Py7	Py10	A	B	0.0725877434015274
4367	Py7	Py12	A	B	0.02612878754734993
4368	Py7	Py14	A	B	0.1284753382205963
4369	Py7	Py16	A	B	0.03832760080695152
4370	Py7	Py18	A	B	0.1354929208755493
4371	Py7	Py20	A	B	0.159364178776741
4372	Py7	Py22	A	B	0.1359585672616959
4373	Py7	Py24	A	B	0.1698338985443115
4374	Py7	Py26	A	B	0.03551535308361053
4375	Py7	Py28	A	B	0.05667988583445549
4376	Py7	Py30	A	B	0.046356201171875
4377	Py7	Py32	A	B	0.04405247792601585
4378	Py7	Py34	A	B	0.03361273556947708
4379	Py7	Py36	A	B	0.03565222024917603
4380	Py7	Py38	A	B	0.1257515847682953
4381	Py7	Py40	A	B	0.07344315946102142
4382	Py7	Py42	A	B	0.0996260792016983
4383	Py7	Py44	A	B	0.07983604818582535
4384	Py7	Py46	A	B	0.07384556531906128
4385	Py7	Py48	A	B	0.1241322606801987
4386	Py7	Py52	A	B	0.1150430664420128
4387	Py7	Py54	A	B	0.08504264056682587
4388	Py7	Py56	A	B	0.1163860633969307
4389	Py7	Py58	A	B	0.1197932213544846
4390	Py7	Py62	A	B	0.0895499661564827
4391	Py7	Py64	A	B	0.09095758199691772
4392	Py7	Py66	A	B	0.09409621357917786
4393	Py7	Py68	A	B	0.0925646647810936
4394	Py7	Py70	A	B	0.08495250344276428
4395	Py7	Py72	A	B	0.09540558606386185
4396	Py7	Py79	A	B	0.3370402753353119
4397	Py7	Py81	A	B	0.3415866494178772
4398	Py7	Py83	A	B	0.3725425899028778
4399	Py7	Py85	A	B	0.3651968240737915
4400	Py7	Py87	A	B	0.3664771318435669
4401	Py7	P1extneg	A	B	0.3644437193870544
4402	Py7	P1NTC2	A	B	0.4875662624835968
4403	Py7	P1PCRpos	A	B	0.3807690441608429
4404	Py7	HR02	A	B	0.3399939835071564
4405	Py7	HR06	A	B	0.3420149087905884
4406	Py7	HR08	A	B	0.3854420185089111
4407	Py7	HR10	A	B	0.3578645586967468
4408	Py7	HR12	A	B	0.4139478206634521
4409	Py7	HR18	A	B	0.3530759215354919
4410	Py7	HR20	A	B	0.3297217488288879
4411	Py7	HR22	A	B	0.3466041088104248
4412	Py7	HR24	A	B	0.3599533438682556
4413	Py7	HR30	A	B	0.4483686983585358
4414	Py7	HR36	A	B	0.3693286776542664
4415	Py7	HR38	A	B	0.4485558569431305
4416	Py7	HR42	A	B	0.4228870570659637
4417	Py7	HR57	A	B	0.3869468867778778
4418	Py7	HR59	A	B	0.4078460335731506
4419	Py7	HR61	A	B	0.4593082368373871
4420	Py7	HR67	A	B	0.4966176748275757
4421	Py7	HR71	A	B	0.724790632724762
4422	Py7	H1	A	B	0.4578441679477692
4423	Py7	H8	A	B	0.3471811711788177
4424	Py7	H12	A	B	0.449664443731308
4425	Py7	H16	A	B	0.4522071182727814
4426	Py7	P2PCRpos	A	B	0.3711017370223999
4427	Py7	Han02	A	B	0.4617371559143066
4428	Py7	Han04	A	B	0.4510325789451599
4429	Py7	Han06	A	B	0.4639988541603088
4430	Py7	Han08	A	B	0.4495822787284851
4431	Py7	Han10	A	B	0.4559869170188904
4432	Py7	Han12	A	B	0.4589355885982513
4433	Py7	Han14	A	B	0.4346674084663391
4434	Py7	Han16	A	B	0.4566139578819275
4435	Py7	Han18	A	B	0.4575523734092712
4436	Py7	Han20	A	B	0.4481786489486694
4437	Py7	Han22	A	B	0.4080282747745514
4438	Py7	Han26	A	B	0.4254569113254547
4439	Py7	Han28	A	B	0.4266937971115112
4440	Py7	Han30	A	B	0.4450805485248566
4441	Py7	Han32	A	B	0.4079221487045288
4442	Py7	Han34	A	B	0.4417746067047119
4443	Py7	Han36	A	B	0.4444783329963684
4444	Py7	Han38	A	B	0.4511531889438629
4445	Py7	Han40	A	B	0.4429910182952881
4446	Py7	Han42	A	B	0.4427691400051117
4447	Py7	Han44	A	B	0.4449637234210968
4448	Py7	Han46	A	B	0.4612062275409698
4449	Py7	Han48	A	B	0.437614381313324
4450	Py7	P3PCRpos	A	B	0.372272253036499
4451	Py9	Py2	A	B	0.05337607860565186
4452	Py9	Py4	A	B	0.04450804740190506
4453	Py9	Py6	A	B	0.104486308991909
4454	Py9	Py8	A	B	0.05267449095845222
4455	Py9	Py10	A	B	0.07764318585395813
4456	Py9	Py12	A	B	0.01932263933122158
4457	Py9	Py14	A	B	0.1309109777212143
4458	Py9	Py16	A	B	0.04757464304566383
4459	Py9	Py18	A	B	0.1377144157886505
4460	Py9	Py20	A	B	0.1618496179580688
4461	Py9	Py22	A	B	0.1385442465543747
4462	Py9	Py24	A	B	0.1714392900466919
4463	Py9	Py26	A	B	0.0460469089448452
4464	Py9	Py28	A	B	0.06400412321090698
4465	Py9	Py30	A	B	0.05164023488759995
4466	Py9	Py32	A	B	0.0480838418006897
4467	Py9	Py34	A	B	0.04307055473327637
4468	Py9	Py36	A	B	0.04469754546880722
4469	Py9	Py38	A	B	0.1264381557703018
4470	Py9	Py40	A	B	0.07154946029186249
4471	Py9	Py42	A	B	0.1001137793064117
4472	Py9	Py44	A	B	0.0797719731926918
4473	Py9	Py46	A	B	0.07418008148670197
4474	Py9	Py48	A	B	0.1222668066620827
4475	Py9	Py52	A	B	0.1132183596491814
4476	Py9	Py54	A	B	0.08499760180711746
4477	Py9	Py56	A	B	0.115487203001976
4478	Py9	Py58	A	B	0.1187490150332451
4479	Py9	Py62	A	B	0.09123646467924118
4480	Py9	Py64	A	B	0.09150650352239609
4481	Py9	Py66	A	B	0.09072820842266083
4482	Py9	Py68	A	B	0.09466572105884552
4483	Py9	Py70	A	B	0.08102943003177643
4484	Py9	Py72	A	B	0.09503224492073059
4485	Py9	Py79	A	B	0.3395086228847504
4486	Py9	Py81	A	B	0.3439102470874786
4487	Py9	Py83	A	B	0.3732619285583496
4488	Py9	Py85	A	B	0.3656312823295593
4489	Py9	Py87	A	B	0.3692683577537537
4490	Py9	P1extneg	A	B	0.3662603199481964
4491	Py9	P1NTC2	A	B	0.4857635498046875
4492	Py9	P1PCRpos	A	B	0.3794655501842499
4493	Py9	HR02	A	B	0.3399655818939209
4494	Py9	HR06	A	B	0.3419840633869171
4495	Py9	HR08	A	B	0.3846262097358704
4496	Py9	HR10	A	B	0.3575853407382965
4497	Py9	HR12	A	B	0.4136800765991211
4498	Py9	HR18	A	B	0.353024423122406
4499	Py9	HR20	A	B	0.3308300375938416
4500	Py9	HR22	A	B	0.3455598950386047
4501	Py9	HR24	A	B	0.360809713602066
4502	Py9	HR30	A	B	0.448410302400589
4503	Py9	HR36	A	B	0.3699634969234467
4504	Py9	HR38	A	B	0.4486318528652191
4505	Py9	HR42	A	B	0.4238159656524658
4506	Py9	HR57	A	B	0.3857309520244598
4507	Py9	HR59	A	B	0.4084648191928864
4508	Py9	HR61	A	B	0.4587827324867249
4509	Py9	HR67	A	B	0.4966406226158142
4510	Py9	HR71	A	B	0.7245270013809204
4511	Py9	H1	A	B	0.4568098187446594
4512	Py9	H8	A	B	0.3473250269889832
4513	Py9	H12	A	B	0.449325293302536
4514	Py9	H16	A	B	0.4524383544921875
4515	Py9	P2PCRpos	A	B	0.3699108362197876
4516	Py9	Han02	A	B	0.4621574282646179
4517	Py9	Han04	A	B	0.450739324092865
4518	Py9	Han06	A	B	0.4647387564182281
4519	Py9	Han08	A	B	0.4494272470474243
4520	Py9	Han10	A	B	0.4564999341964722
4521	Py9	Han12	A	B	0.4593175649642944
4522	Py9	Han14	A	B	0.4354325532913208
4523	Py9	Han16	A	B	0.4573552906513214
4524	Py9	Han18	A	B	0.4583287835121155
4525	Py9	Han20	A	B	0.4489238858222961
4526	Py9	Han22	A	B	0.4086526334285736
4527	Py9	Han26	A	B	0.4267677962779999
4528	Py9	Han28	A	B	0.4266457855701447
4529	Py9	Han30	A	B	0.4452982544898987
4530	Py9	Han32	A	B	0.4091979563236237
4531	Py9	Han34	A	B	0.442008376121521
4532	Py9	Han36	A	B	0.4447295665740967
4533	Py9	Han38	A	B	0.4540579915046692
4534	Py9	Han40	A	B	0.4433453977108002
4535	Py9	Han42	A	B	0.4429163038730621
4536	Py9	Han44	A	B	0.4450702667236328
4537	Py9	Han46	A	B	0.4619442224502563
4538	Py9	Han48	A	B	0.4379233717918396
4539	Py9	P3PCRpos	A	B	0.3710813820362091
4540	Py11	Py2	A	B	0.06938914954662323
4541	Py11	Py4	A	B	0.05407668277621269
4542	Py11	Py6	A	B	0.07302767038345337
4543	Py11	Py8	A	B	0.01121103577315807
4544	Py11	Py10	A	B	0.02904984541237354
4545	Py11	Py12	A	B	0.05363442003726959
4546	Py11	Py14	A	B	0.082330621778965
4547	Py11	Py16	A	B	0.02980953268706799
4548	Py11	Py18	A	B	0.09201113879680634
4549	Py11	Py20	A	B	0.1140512526035309
4550	Py11	Py22	A	B	0.09181304275989532
4551	Py11	Py24	A	B	0.1300438195466995
4552	Py11	Py26	A	B	0.05876419320702553
4553	Py11	Py28	A	B	0.05214373767375946
4554	Py11	Py30	A	B	0.05550646036863327
4555	Py11	Py32	A	B	0.05998599156737328
4556	Py11	Py34	A	B	0.05800218135118484
4557	Py11	Py36	A	B	0.06096052378416061
4558	Py11	Py38	A	B	0.1633021831512451
4559	Py11	Py40	A	B	0.1045906543731689
4560	Py11	Py42	A	B	0.1194263771176338
4561	Py11	Py44	A	B	0.07052624970674515
4562	Py11	Py46	A	B	0.06536515802145004
4563	Py11	Py48	A	B	0.09845597296953201
4564	Py11	Py52	A	B	0.1593351662158966
4565	Py11	Py54	A	B	0.05951004102826118
4566	Py11	Py56	A	B	0.08725547045469284
4567	Py11	Py58	A	B	0.09146711230278015
4568	Py11	Py62	A	B	0.1101183667778969
4569	Py11	Py64	A	B	0.12623430788517
4570	Py11	Py66	A	B	0.134896844625473
4571	Py11	Py68	A	B	0.1094974055886269
4572	Py11	Py70	A	B	0.1217501908540726
4573	Py11	Py72	A	B	0.1330284625291824
4574	Py11	Py79	A	B	0.3506513833999634
4575	Py11	Py81	A	B	0.3565953969955444
4576	Py11	Py83	A	B	0.3931882679462433
4577	Py11	Py85	A	B	0.3856477737426758
4578	Py11	Py87	A	B	0.3908795416355133
4579	Py11	P1extneg	A	B	0.3879339098930359
4580	Py11	P1NTC2	A	B	0.481142520904541
4581	Py11	P1PCRpos	A	B	0.3859511315822601
4582	Py11	HR02	A	B	0.3542380928993225
4583	Py11	HR06	A	B	0.3618912696838379
4584	Py11	HR08	A	B	0.4082016944885254
4585	Py11	HR10	A	B	0.3718767762184143
4586	Py11	HR12	A	B	0.428117573261261
4587	Py11	HR18	A	B	0.3681231439113617
4588	Py11	HR20	A	B	0.349579781293869
4589	Py11	HR22	A	B	0.3696716129779816
4590	Py11	HR24	A	B	0.3713440895080566
4591	Py11	HR30	A	B	0.4624766409397125
4592	Py11	HR36	A	B	0.3794232606887817
4593	Py11	HR38	A	B	0.4599711298942566
4594	Py11	HR42	A	B	0.4372338354587555
4595	Py11	HR57	A	B	0.4070351719856262
4596	Py11	HR59	A	B	0.4180992841720581
4597	Py11	HR61	A	B	0.4719626605510712
4598	Py11	HR67	A	B	0.5090222954750061
4599	Py11	HR71	A	B	0.7381593585014343
4600	Py11	H1	A	B	0.4750792980194092
4601	Py11	H8	A	B	0.3651915490627289
4602	Py11	H12	A	B	0.462776392698288
4603	Py11	H16	A	B	0.468779981136322
4604	Py11	P2PCRpos	A	B	0.3753086924552917
4605	Py11	Han02	A	B	0.4824686348438263
4606	Py11	Han04	A	B	0.4759679734706879
4607	Py11	Han06	A	B	0.485949844121933
4608	Py11	Han08	A	B	0.4748288094997406
4609	Py11	Han10	A	B	0.4777282476425171
4610	Py11	Han12	A	B	0.4837314486503601
4611	Py11	Han14	A	B	0.4566135108470917
4612	Py11	Han16	A	B	0.478575587272644
4613	Py11	Han18	A	B	0.4795605540275574
4614	Py11	Han20	A	B	0.4701652824878693
4615	Py11	Han22	A	B	0.4284714162349701
4616	Py11	Han26	A	B	0.4477952420711517
4617	Py11	Han28	A	B	0.4521927833557129
4618	Py11	Han30	A	B	0.4708094596862793
4619	Py11	Han32	A	B	0.427634060382843
4620	Py11	Han34	A	B	0.467478334903717
4621	Py11	Han36	A	B	0.470237672328949
4622	Py11	Han38	A	B	0.4686774611473083
4623	Py11	Han40	A	B	0.4687409400939941
4624	Py11	Han42	A	B	0.4683571457862854
4625	Py11	Han44	A	B	0.4706362783908844
4626	Py11	Han46	A	B	0.4831589460372925
4627	Py11	Han48	A	B	0.4632646143436432
4628	Py11	P3PCRpos	A	B	0.3765530586242676
4629	Py13	Py2	A	B	0.0695488378405571
4630	Py13	Py4	A	B	0.06834659725427628
4631	Py13	Py6	A	B	0.1241815090179443
4632	Py13	Py8	A	B	0.0814376175403595
4633	Py13	Py10	A	B	0.1025421917438507
4634	Py13	Py12	A	B	0.03110498934984207
4635	Py13	Py14	A	B	0.1401133835315704
4636	Py13	Py16	A	B	0.0708727240562439
4637	Py13	Py18	A	B	0.147870272397995
4638	Py13	Py20	A	B	0.1702060550451279
4639	Py13	Py22	A	B	0.1475486904382706
4640	Py13	Py24	A	B	0.1762632429599762
4641	Py13	Py26	A	B	0.06593859940767288
4642	Py13	Py28	A	B	0.07876318693161011
4643	Py13	Py30	A	B	0.07235506922006607
4644	Py13	Py32	A	B	0.0698540210723877
4645	Py13	Py34	A	B	0.07005514949560165
4646	Py13	Py36	A	B	0.06894207745790482
4647	Py13	Py38	A	B	0.1197667792439461
4648	Py13	Py40	A	B	0.07806122303009033
4649	Py13	Py42	A	B	0.1068842634558678
4650	Py13	Py44	A	B	0.08818145841360092
4651	Py13	Py46	A	B	0.08219482004642487
4652	Py13	Py48	A	B	0.1153375878930092
4653	Py13	Py52	A	B	0.1159109696745872
4654	Py13	Py54	A	B	0.08074350655078888
4655	Py13	Py56	A	B	0.1044448986649513
4656	Py13	Py58	A	B	0.11109708994627
4657	Py13	Py62	A	B	0.0991913229227066
4658	Py13	Py64	A	B	0.09786168485879898
4659	Py13	Py66	A	B	0.09545695781707764
4660	Py13	Py68	A	B	0.1065099686384201
4661	Py13	Py70	A	B	0.09111040085554123
4662	Py13	Py72	A	B	0.100555032491684
4663	Py13	Py79	A	B	0.3427302837371826
4664	Py13	Py81	A	B	0.348046600818634
4665	Py13	Py83	A	B	0.373642235994339
4666	Py13	Py85	A	B	0.3663326501846313
4667	Py13	Py87	A	B	0.3684403598308563
4668	Py13	P1extneg	A	B	0.3533288836479187
4669	Py13	P1NTC2	A	B	0.4862335324287415
4670	Py13	P1PCRpos	A	B	0.376361757516861
4671	Py13	HR02	A	B	0.3432024717330933
4672	Py13	HR06	A	B	0.341028094291687
4673	Py13	HR08	A	B	0.3881387710571289
4674	Py13	HR10	A	B	0.3606725037097931
4675	Py13	HR12	A	B	0.4166157841682434
4676	Py13	HR18	A	B	0.3529736995697021
4677	Py13	HR20	A	B	0.3306626379489899
4678	Py13	HR22	A	B	0.3419902324676514
4679	Py13	HR24	A	B	0.3655188381671906
4680	Py13	HR30	A	B	0.4486207962036133
4681	Py13	HR36	A	B	0.3757190704345703
4682	Py13	HR38	A	B	0.4535092115402222
4683	Py13	HR42	A	B	0.4256595075130463
4684	Py13	HR57	A	B	0.3808615505695343
4685	Py13	HR59	A	B	0.4135702252388
4686	Py13	HR61	A	B	0.4708433449268341
4687	Py13	HR67	A	B	0.5013933181762695
4688	Py13	HR71	A	B	0.7269797325134277
4689	Py13	H1	A	B	0.4600720405578613
4690	Py13	H8	A	B	0.3489870131015778
4691	Py13	H12	A	B	0.4529895484447479
4692	Py13	H16	A	B	0.453359067440033
4693	Py13	P2PCRpos	A	B	0.3670785129070282
4694	Py13	Han02	A	B	0.46250119805336
4695	Py13	Han04	A	B	0.4494527578353882
4696	Py13	Han06	A	B	0.4677712023258209
4697	Py13	Han08	A	B	0.4489363133907318
4698	Py13	Han10	A	B	0.4596565067768097
4699	Py13	Han12	A	B	0.4586929976940155
4700	Py13	Han14	A	B	0.4381235241889954
4701	Py13	Han16	A	B	0.4601201415061951
4702	Py13	Han18	A	B	0.4612199068069458
4703	Py13	Han20	A	B	0.4518889188766479
4704	Py13	Han22	A	B	0.4075393676757812
4705	Py13	Han26	A	B	0.4299868047237396
4706	Py13	Han28	A	B	0.4278536140918732
4707	Py13	Han30	A	B	0.4461098909378052
4708	Py13	Han32	A	B	0.4099741280078888
4709	Py13	Han34	A	B	0.4419777691364288
4710	Py13	Han36	A	B	0.4444224536418915
4711	Py13	Han38	A	B	0.4574767351150513
4712	Py13	Han40	A	B	0.4426436722278595
4713	Py13	Han42	A	B	0.4435780048370361
4714	Py13	Han44	A	B	0.4459258615970612
4715	Py13	Han46	A	B	0.4647486805915833
4716	Py13	Han48	A	B	0.4378364682197571
4717	Py13	P3PCRpos	A	B	0.3682346343994141
4718	Py15	Py2	A	B	0.06961710751056671
4719	Py15	Py4	A	B	0.05919235944747925
4720	Py15	Py6	A	B	0.06836990267038345
4721	Py15	Py8	A	B	0.02740369364619255
4722	Py15	Py10	A	B	0.02085611782968044
4723	Py15	Py12	A	B	0.07568860799074173
4724	Py15	Py14	A	B	0.08000575751066208
4725	Py15	Py16	A	B	0.03503182530403137
4726	Py15	Py18	A	B	0.08401020616292953
4727	Py15	Py20	A	B	0.1064067482948303
4728	Py15	Py22	A	B	0.08378520607948303
4729	Py15	Py24	A	B	0.1272722333669662
4730	Py15	Py26	A	B	0.0695735365152359
4731	Py15	Py28	A	B	0.06609436869621277
4732	Py15	Py30	A	B	0.07404747605323792
4733	Py15	Py32	A	B	0.0776587501168251
4734	Py15	Py34	A	B	0.0679607093334198
4735	Py15	Py36	A	B	0.06847237795591354
4736	Py15	Py38	A	B	0.1704598367214203
4737	Py15	Py40	A	B	0.119229331612587
4738	Py15	Py42	A	B	0.135188102722168
4739	Py15	Py44	A	B	0.08057700842618942
4740	Py15	Py46	A	B	0.07647150009870529
4741	Py15	Py48	A	B	0.1000564098358154
4742	Py15	Py52	A	B	0.1706126630306244
4743	Py15	Py54	A	B	0.070775605738163
4744	Py15	Py56	A	B	0.08788979053497314
4745	Py15	Py58	A	B	0.09155769646167755
4746	Py15	Py62	A	B	0.1297656893730164
4747	Py15	Py64	A	B	0.1441646963357925
4748	Py15	Py66	A	B	0.1520287543535233
4749	Py15	Py68	A	B	0.1251100450754166
4750	Py15	Py70	A	B	0.1365975141525269
4751	Py15	Py72	A	B	0.1486295014619827
4752	Py15	Py79	A	B	0.350511908531189
4753	Py15	Py81	A	B	0.3565352261066437
4754	Py15	Py83	A	B	0.3933433294296265
4755	Py15	Py85	A	B	0.3856984674930573
4756	Py15	Py87	A	B	0.3881716728210449
4757	Py15	P1extneg	A	B	0.3900661468505859
4758	Py15	P1NTC2	A	B	0.4839839339256287
4759	Py15	P1PCRpos	A	B	0.3911087810993195
4760	Py15	HR02	A	B	0.3568155169487
4761	Py15	HR06	A	B	0.3694074749946594
4762	Py15	HR08	A	B	0.4160738885402679
4763	Py15	HR10	A	B	0.377353310585022
4764	Py15	HR12	A	B	0.4317447245121002
4765	Py15	HR18	A	B	0.3711600005626678
4766	Py15	HR20	A	B	0.3567779958248138
4767	Py15	HR22	A	B	0.3778305351734161
4768	Py15	HR24	A	B	0.3737960755825043
4769	Py15	HR30	A	B	0.4645515382289886
4770	Py15	HR36	A	B	0.3814220130443573
4771	Py15	HR38	A	B	0.4620321393013
4772	Py15	HR42	A	B	0.4390372037887573
4773	Py15	HR57	A	B	0.4099738597869873
4774	Py15	HR59	A	B	0.4200516939163208
4775	Py15	HR61	A	B	0.4751277565956116
4776	Py15	HR67	A	B	0.511315107345581
4777	Py15	HR71	A	B	0.7409523725509644
4778	Py15	H1	A	B	0.4776918292045593
4779	Py15	H8	A	B	0.3684572279453278
4780	Py15	H12	A	B	0.465138703584671
4781	Py15	H16	A	B	0.4715684950351715
4782	Py15	P2PCRpos	A	B	0.3804663419723511
4783	Py15	Han02	A	B	0.4826633930206299
4784	Py15	Han04	A	B	0.4798021614551544
4785	Py15	Han06	A	B	0.4856739342212677
4786	Py15	Han08	A	B	0.4781602025032043
4787	Py15	Han10	A	B	0.4775251746177673
4788	Py15	Han12	A	B	0.4856829643249512
4789	Py15	Han14	A	B	0.4565096795558929
4790	Py15	Han16	A	B	0.478311687707901
4791	Py15	Han18	A	B	0.4793506860733032
4792	Py15	Han20	A	B	0.4698629975318909
4793	Py15	Han22	A	B	0.4295293986797333
4794	Py15	Han26	A	B	0.4496585428714752
4795	Py15	Han28	A	B	0.4544663727283478
4796	Py15	Han30	A	B	0.4727261662483215
4797	Py15	Han32	A	B	0.4284287691116333
4798	Py15	Han34	A	B	0.4693822264671326
4799	Py15	Han36	A	B	0.4720529913902283
4800	Py15	Han38	A	B	0.4686685502529144
4801	Py15	Han40	A	B	0.4700859487056732
4802	Py15	Han42	A	B	0.4706454575061798
4803	Py15	Han44	A	B	0.4728083610534668
4804	Py15	Han46	A	B	0.4830075204372406
4805	Py15	Han48	A	B	0.4654694199562073
4806	Py15	P3PCRpos	A	B	0.3817106783390045
4807	Py17	Py2	A	B	0.055134367197752
4808	Py17	Py4	A	B	0.04518492147326469
4809	Py17	Py6	A	B	0.08373713493347168
4810	Py17	Py8	A	B	0.04374450445175171
4811	Py17	Py10	A	B	0.06384845077991486
4812	Py17	Py12	A	B	0.03926364332437515
4813	Py17	Py14	A	B	0.1233895570039749
4814	Py17	Py16	A	B	0.03474168851971626
4815	Py17	Py18	A	B	0.1232696324586868
4816	Py17	Py20	A	B	0.1460286676883698
4817	Py17	Py22	A	B	0.1260445713996887
4818	Py17	Py24	A	B	0.1697264909744263
4819	Py17	Py26	A	B	0.03431261703372002
4820	Py17	Py28	A	B	0.04070010036230087
4821	Py17	Py30	A	B	0.0304963868111372
4822	Py17	Py32	A	B	0.02983199991285801
4823	Py17	Py34	A	B	0.02414322458207607
4824	Py17	Py36	A	B	0.02502206154167652
4825	Py17	Py38	A	B	0.1444748342037201
4826	Py17	Py40	A	B	0.09308097511529922
4827	Py17	Py42	A	B	0.1140000969171524
4828	Py17	Py44	A	B	0.09241140633821487
4829	Py17	Py46	A	B	0.08634918928146362
4830	Py17	Py48	A	B	0.133643239736557
4831	Py17	Py52	A	B	0.1320955604314804
4832	Py17	Py54	A	B	0.09153315424919128
4833	Py17	Py56	A	B	0.12209153175354
4834	Py17	Py58	A	B	0.126570999622345
4835	Py17	Py62	A	B	0.1050451323390007
4836	Py17	Py64	A	B	0.106066107749939
4837	Py17	Py66	A	B	0.1099290922284126
4838	Py17	Py68	A	B	0.1044072508811951
4839	Py17	Py70	A	B	0.09946522861719131
4840	Py17	Py72	A	B	0.1116022318601608
4841	Py17	Py79	A	B	0.339171826839447
4842	Py17	Py81	A	B	0.3432950377464294
4843	Py17	Py83	A	B	0.3795169293880463
4844	Py17	Py85	A	B	0.371881902217865
4845	Py17	Py87	A	B	0.3751513063907623
4846	Py17	P1extneg	A	B	0.3737894594669342
4847	Py17	P1NTC2	A	B	0.4883288443088531
4848	Py17	P1PCRpos	A	B	0.3731569349765778
4849	Py17	HR02	A	B	0.3419625461101532
4850	Py17	HR06	A	B	0.3447898626327515
4851	Py17	HR08	A	B	0.3876523375511169
4852	Py17	HR10	A	B	0.3597936630249023
4853	Py17	HR12	A	B	0.4163350462913513
4854	Py17	HR18	A	B	0.3561715483665466
4855	Py17	HR20	A	B	0.3385176956653595
4856	Py17	HR22	A	B	0.3606862425804138
4857	Py17	HR24	A	B	0.358498215675354
4858	Py17	HR30	A	B	0.450825959444046
4859	Py17	HR36	A	B	0.3662068247795105
4860	Py17	HR38	A	B	0.4466941356658936
4861	Py17	HR42	A	B	0.4251591861248016
4862	Py17	HR57	A	B	0.3992268741130829
4863	Py17	HR59	A	B	0.4049035012722015
4864	Py17	HR61	A	B	0.4604622721672058
4865	Py17	HR67	A	B	0.4966846108436584
4866	Py17	HR71	A	B	0.7263714671134949
4867	Py17	H1	A	B	0.4665612280368805
4868	Py17	H8	A	B	0.3577590882778168
4869	Py17	H12	A	B	0.4511198103427887
4870	Py17	H16	A	B	0.4614582657814026
4871	Py17	P2PCRpos	A	B	0.3630967140197754
4872	Py17	Han02	A	B	0.4696139693260193
4873	Py17	Han04	A	B	0.4594851434230804
4874	Py17	Han06	A	B	0.4727986454963684
4875	Py17	Han08	A	B	0.4584913551807404
4876	Py17	Han10	A	B	0.4648885130882263
4877	Py17	Han12	A	B	0.4678874015808105
4878	Py17	Han14	A	B	0.4435486793518066
4879	Py17	Han16	A	B	0.4654313027858734
4880	Py17	Han18	A	B	0.466369092464447
4881	Py17	Han20	A	B	0.4570125937461853
4882	Py17	Han22	A	B	0.4159678220748901
4883	Py17	Han26	A	B	0.4292461276054382
4884	Py17	Han28	A	B	0.4354860186576843
4885	Py17	Han30	A	B	0.4539895355701447
4886	Py17	Han32	A	B	0.4142633974552155
4887	Py17	Han34	A	B	0.4512047171592712
4888	Py17	Han36	A	B	0.453601598739624
4889	Py17	Han38	A	B	0.4473530650138855
4890	Py17	Han40	A	B	0.4522962272167206
4891	Py17	Han42	A	B	0.4521426558494568
4892	Py17	Han44	A	B	0.4542255699634552
4893	Py17	Han46	A	B	0.4700759053230286
4894	Py17	Han48	A	B	0.4469301700592041
4895	Py17	P3PCRpos	A	B	0.3643232583999634
4896	Py19	Py2	A	B	0.1579617708921432
4897	Py19	Py4	A	B	0.1510214507579803
4898	Py19	Py6	A	B	0.1215914934873581
4899	Py19	Py8	A	B	0.1082278937101364
4900	Py19	Py10	A	B	0.0827079564332962
4901	Py19	Py12	A	B	0.1428083181381226
4902	Py19	Py14	A	B	0.03975183144211769
4903	Py19	Py16	A	B	0.1185479909181595
4904	Py19	Py18	A	B	0.01543380133807659
4905	Py19	Py20	A	B	0.01642435230314732
4906	Py19	Py22	A	B	0.02086889930069447
4907	Py19	Py24	A	B	0.08413100987672806
4908	Py19	Py26	A	B	0.1550115048885345
4909	Py19	Py28	A	B	0.1261911541223526
4910	Py19	Py30	A	B	0.1327241361141205
4911	Py19	Py32	A	B	0.1378290951251984
4912	Py19	Py34	A	B	0.1495229601860046
4913	Py19	Py36	A	B	0.1487780064344406
4914	Py19	Py38	A	B	0.2538373172283173
4915	Py19	Py40	A	B	0.1968656480312347
4916	Py19	Py42	A	B	0.2108255326747894
4917	Py19	Py44	A	B	0.1489693373441696
4918	Py19	Py46	A	B	0.1468805372714996
4919	Py19	Py48	A	B	0.1352438628673553
4920	Py19	Py52	A	B	0.2520506978034973
4921	Py19	Py54	A	B	0.1179814785718918
4922	Py19	Py56	A	B	0.1071963757276535
4923	Py19	Py58	A	B	0.1043609455227852
4924	Py19	Py62	A	B	0.1891284883022308
4925	Py19	Py64	A	B	0.2039170861244202
4926	Py19	Py66	A	B	0.2124640941619873
4927	Py19	Py68	A	B	0.1894100904464722
4928	Py19	Py70	A	B	0.2066143751144409
4929	Py19	Py72	A	B	0.2174376994371414
4930	Py19	Py79	A	B	0.3835539817810059
4931	Py19	Py81	A	B	0.3914593160152435
4932	Py19	Py83	A	B	0.4297532141208649
4933	Py19	Py85	A	B	0.4222493469715118
4934	Py19	Py87	A	B	0.4351296722888947
4935	Py19	P1extneg	A	B	0.4145408272743225
4936	Py19	P1NTC2	A	B	0.4982530474662781
4937	Py19	P1PCRpos	A	B	0.3974564075469971
4938	Py19	HR02	A	B	0.4005913734436035
4939	Py19	HR06	A	B	0.4196498692035675
4940	Py19	HR08	A	B	0.460907518863678
4941	Py19	HR10	A	B	0.4236381351947784
4942	Py19	HR12	A	B	0.4779044389724731
4943	Py19	HR18	A	B	0.4181345403194427
4944	Py19	HR20	A	B	0.4082008600234985
4945	Py19	HR22	A	B	0.4337705671787262
4946	Py19	HR24	A	B	0.4183754026889801
4947	Py19	HR30	A	B	0.4981992542743683
4948	Py19	HR36	A	B	0.4071179032325745
4949	Py19	HR38	A	B	0.4879454076290131
4950	Py19	HR42	A	B	0.4696493744850159
4951	Py19	HR57	A	B	0.4529675245285034
4952	Py19	HR59	A	B	0.4467786848545074
4953	Py19	HR61	A	B	0.5087849497795105
4954	Py19	HR67	A	B	0.537787675857544
4955	Py19	HR71	A	B	0.7686344981193542
4956	Py19	H1	A	B	0.5092851519584656
4957	Py19	H8	A	B	0.4175723195075989
4958	Py19	H12	A	B	0.4953314960002899
4959	Py19	H16	A	B	0.5117318630218506
4960	Py19	P2PCRpos	A	B	0.3868139386177063
4961	Py19	Han02	A	B	0.5231746435165405
4962	Py19	Han04	A	B	0.5124170780181885
4963	Py19	Han06	A	B	0.5219196677207947
4964	Py19	Han08	A	B	0.5170864462852478
4965	Py19	Han10	A	B	0.5182477235794067
4966	Py19	Han12	A	B	0.520700216293335
4967	Py19	Han14	A	B	0.49677574634552
4968	Py19	Han16	A	B	0.5172392129898071
4969	Py19	Han18	A	B	0.5179440379142761
4970	Py19	Han20	A	B	0.5099493265151978
4971	Py19	Han22	A	B	0.4613389670848846
4972	Py19	Han26	A	B	0.4850544035434723
4973	Py19	Han28	A	B	0.4949901401996613
4974	Py19	Han30	A	B	0.5134507417678833
4975	Py19	Han32	A	B	0.4587551057338715
4976	Py19	Han34	A	B	0.5095904469490051
4977	Py19	Han36	A	B	0.5122944116592407
4978	Py19	Han38	A	B	0.502509593963623
4979	Py19	Han40	A	B	0.5098055601119995
4980	Py19	Han42	A	B	0.5112088322639465
4981	Py19	Han44	A	B	0.5135408639907837
4982	Py19	Han46	A	B	0.5176770091056824
4983	Py19	Han48	A	B	0.5052971839904785
4984	Py19	P3PCRpos	A	B	0.3880582451820374
4985	Py25	Py2	A	B	0.1537313461303711
4986	Py25	Py4	A	B	0.1464244872331619
4987	Py25	Py6	A	B	0.1282157301902771
4988	Py25	Py8	A	B	0.114962637424469
4989	Py25	Py10	A	B	0.09318792074918747
4990	Py25	Py12	A	B	0.1413862109184265
4991	Py25	Py14	A	B	0.05411964654922485
4992	Py25	Py16	A	B	0.1284194141626358
4993	Py25	Py18	A	B	0.07002055644989014
4994	Py25	Py20	A	B	0.06184020638465881
4995	Py25	Py22	A	B	0.06016183272004128
4996	Py25	Py24	A	B	0.03533967584371567
4997	Py25	Py26	A	B	0.1605611443519592
4998	Py25	Py28	A	B	0.1338352859020233
4999	Py25	Py30	A	B	0.1459313333034515
5000	Py25	Py32	A	B	0.1501783728599548
5001	Py25	Py34	A	B	0.1619981527328491
5002	Py25	Py36	A	B	0.1602942645549774
5003	Py25	Py38	A	B	0.2474604696035385
5004	Py25	Py40	A	B	0.1927263140678406
5005	Py25	Py42	A	B	0.2107248604297638
5006	Py25	Py44	A	B	0.1443918943405151
5007	Py25	Py46	A	B	0.1437752842903137
5008	Py25	Py48	A	B	0.131324976682663
5009	Py25	Py52	A	B	0.2516874670982361
5010	Py25	Py54	A	B	0.1188436970114708
5011	Py25	Py56	A	B	0.102025955915451
5012	Py25	Py58	A	B	0.1015252768993378
5013	Py25	Py62	A	B	0.1766579449176788
5014	Py25	Py64	A	B	0.1992080956697464
5015	Py25	Py66	A	B	0.2098397016525269
5016	Py25	Py68	A	B	0.1787649095058441
5017	Py25	Py70	A	B	0.1991457492113113
5018	Py25	Py72	A	B	0.2116834223270416
5019	Py25	Py79	A	B	0.3731552958488464
5020	Py25	Py81	A	B	0.3796127438545227
5021	Py25	Py83	A	B	0.4191345572471619
5022	Py25	Py85	A	B	0.4117083549499512
5023	Py25	Py87	A	B	0.4243859350681305
5024	Py25	P1extneg	A	B	0.4009093046188354
5025	Py25	P1NTC2	A	B	0.4759061336517334
5026	Py25	P1PCRpos	A	B	0.3748404085636139
5027	Py25	HR02	A	B	0.4044430255889893
5028	Py25	HR06	A	B	0.4239998757839203
5029	Py25	HR08	A	B	0.4660224616527557
5030	Py25	HR10	A	B	0.4278810322284698
5031	Py25	HR12	A	B	0.4816213846206665
5032	Py25	HR18	A	B	0.4216298758983612
5033	Py25	HR20	A	B	0.4073401689529419
5034	Py25	HR22	A	B	0.4278625249862671
5035	Py25	HR24	A	B	0.4256535768508911
5036	Py25	HR30	A	B	0.5020146369934082
5037	Py25	HR36	A	B	0.4128399193286896
5038	Py25	HR38	A	B	0.4922598898410797
5039	Py25	HR42	A	B	0.4721709489822388
5040	Py25	HR57	A	B	0.4441724717617035
5041	Py25	HR59	A	B	0.4524015486240387
5042	Py25	HR61	A	B	0.5138312578201294
5043	Py25	HR67	A	B	0.539687991142273
5044	Py25	HR71	A	B	0.7702913880348206
5045	Py25	H1	A	B	0.5057075023651123
5046	Py25	H8	A	B	0.4139415919780731
5047	Py25	H12	A	B	0.4986461102962494
5048	Py25	H16	A	B	0.509280264377594
5049	Py25	P2PCRpos	A	B	0.3641979992389679
5050	Py25	Han02	A	B	0.515976071357727
5051	Py25	Han04	A	B	0.5035226941108704
5052	Py25	Han06	A	B	0.5149942636489868
5053	Py25	Han08	A	B	0.5108768939971924
5054	Py25	Han10	A	B	0.5116819739341736
5055	Py25	Han12	A	B	0.510380744934082
5056	Py25	Han14	A	B	0.4894669950008392
5057	Py25	Han16	A	B	0.5099524855613708
5058	Py25	Han18	A	B	0.5107057094573975
5059	Py25	Han20	A	B	0.5026992559432983
5060	Py25	Han22	A	B	0.444196879863739
5061	Py25	Han26	A	B	0.4828856587409973
5062	Py25	Han28	A	B	0.4886542558670044
5063	Py25	Han30	A	B	0.5067772269248962
5064	Py25	Han32	A	B	0.443988174200058
5065	Py25	Han34	A	B	0.5029416084289551
5066	Py25	Han36	A	B	0.5052482485771179
5067	Py25	Han38	A	B	0.5093743205070496
5068	Py25	Han40	A	B	0.5031488537788391
5069	Py25	Han42	A	B	0.504580020904541
5070	Py25	Han44	A	B	0.5069730281829834
5071	Py25	Han46	A	B	0.5102935433387756
5072	Py25	Han48	A	B	0.4986006319522858
5073	Py25	P3PCRpos	A	B	0.365442305803299
5074	Py27	Py2	A	B	0.06904912739992142
5075	Py27	Py4	A	B	0.05054576322436333
5076	Py27	Py6	A	B	0.07603103667497635
5077	Py27	Py8	A	B	0.04989705607295036
5078	Py27	Py10	A	B	0.06765934079885483
5079	Py27	Py12	A	B	0.0699492022395134
5080	Py27	Py14	A	B	0.1075460836291313
5081	Py27	Py16	A	B	0.05440620332956314
5082	Py27	Py18	A	B	0.1191360950469971
5083	Py27	Py20	A	B	0.1402440816164017
5084	Py27	Py22	A	B	0.1206146478652954
5085	Py27	Py24	A	B	0.1586635708808899
5086	Py27	Py26	A	B	0.040412288159132
5087	Py27	Py28	A	B	0.009129475802183151
5088	Py27	Py30	A	B	0.02911655604839325
5089	Py27	Py32	A	B	0.03101258166134357
5090	Py27	Py34	A	B	0.03958753868937492
5091	Py27	Py36	A	B	0.03757143765687943
5092	Py27	Py38	A	B	0.1513919085264206
5093	Py27	Py40	A	B	0.1046460717916489
5094	Py27	Py42	A	B	0.1158255040645599
5095	Py27	Py44	A	B	0.1018105372786522
5096	Py27	Py46	A	B	0.09724921733140945
5097	Py27	Py48	A	B	0.1435873657464981
5098	Py27	Py52	A	B	0.1517684310674667
5099	Py27	Py54	A	B	0.08739575743675232
5100	Py27	Py56	A	B	0.118722066283226
5101	Py27	Py58	A	B	0.122744657099247
5102	Py27	Py62	A	B	0.09172557294368744
5103	Py27	Py64	A	B	0.1074380874633789
5104	Py27	Py66	A	B	0.115747831761837
5105	Py27	Py68	A	B	0.08347836136817932
5106	Py27	Py70	A	B	0.1023138090968132
5107	Py27	Py72	A	B	0.1158780455589294
5108	Py27	Py79	A	B	0.3347976505756378
5109	Py27	Py81	A	B	0.3411434292793274
5110	Py27	Py83	A	B	0.3775534629821777
5111	Py27	Py85	A	B	0.3702248334884644
5112	Py27	Py87	A	B	0.3756461441516876
5113	Py27	P1extneg	A	B	0.3656609058380127
5114	Py27	P1NTC2	A	B	0.4801680743694305
5115	Py27	P1PCRpos	A	B	0.3695361316204071
5116	Py27	HR02	A	B	0.3445454835891724
5117	Py27	HR06	A	B	0.3504297435283661
5118	Py27	HR08	A	B	0.398104190826416
5119	Py27	HR10	A	B	0.3622208535671234
5120	Py27	HR12	A	B	0.4185207486152649
5121	Py27	HR18	A	B	0.3578788042068481
5122	Py27	HR20	A	B	0.3405007123947144
5123	Py27	HR22	A	B	0.3617225587368011
5124	Py27	HR24	A	B	0.3619892597198486
5125	Py27	HR30	A	B	0.452620655298233
5126	Py27	HR36	A	B	0.3703284859657288
5127	Py27	HR38	A	B	0.4502467215061188
5128	Py27	HR42	A	B	0.4260486364364624
5129	Py27	HR57	A	B	0.3982246518135071
5130	Py27	HR59	A	B	0.4082614481449127
5131	Py27	HR61	A	B	0.4629309177398682
5132	Py27	HR67	A	B	0.5002046227455139
5133	Py27	HR71	A	B	0.7281317114830017
5134	Py27	H1	A	B	0.4685968160629272
5135	Py27	H8	A	B	0.3583673238754272
5136	Py27	H12	A	B	0.4539223313331604
5137	Py27	H16	A	B	0.4623047113418579
5138	Py27	P2PCRpos	A	B	0.3595664799213409
5139	Py27	Han02	A	B	0.4684869945049286
5140	Py27	Han04	A	B	0.4595799744129181
5141	Py27	Han06	A	B	0.4731463193893433
5142	Py27	Han08	A	B	0.4619739055633545
5143	Py27	Han10	A	B	0.4650255441665649
5144	Py27	Han12	A	B	0.467562198638916
5145	Py27	Han14	A	B	0.4437414705753326
5146	Py27	Han16	A	B	0.4658843874931335
5147	Py27	Han18	A	B	0.4666783809661865
5148	Py27	Han20	A	B	0.4571926891803741
5149	Py27	Han22	A	B	0.4101186990737915
5150	Py27	Han26	A	B	0.4285780787467957
5151	Py27	Han28	A	B	0.4382263123989105
5152	Py27	Han30	A	B	0.4562051296234131
5153	Py27	Han32	A	B	0.4071628749370575
5154	Py27	Han34	A	B	0.4530133008956909
5155	Py27	Han36	A	B	0.4551525115966797
5156	Py27	Han38	A	B	0.4468958675861359
5157	Py27	Han40	A	B	0.4531590342521667
5158	Py27	Han42	A	B	0.4543097615242004
5159	Py27	Han44	A	B	0.4568225741386414
5160	Py27	Han46	A	B	0.4702354669570923
5161	Py27	Han48	A	B	0.4483074545860291
5162	Py27	P3PCRpos	A	B	0.3607844412326813
5163	Py29	Py2	A	B	0.04865381121635437
5164	Py29	Py4	A	B	0.03799216449260712
5165	Py29	Py6	A	B	0.08862455189228058
5166	Py29	Py8	A	B	0.05281173437833786
5167	Py29	Py10	A	B	0.0771079733967781
5168	Py29	Py12	A	B	0.0564655065536499
5169	Py29	Py14	A	B	0.1367616057395935
5170	Py29	Py16	A	B	0.04449574649333954
5171	Py29	Py18	A	B	0.1380898207426071
5172	Py29	Py20	A	B	0.1600222140550613
5173	Py29	Py22	A	B	0.1402913779020309
5174	Py29	Py24	A	B	0.1828971356153488
5175	Py29	Py26	A	B	0.0171547457575798
5176	Py29	Py28	A	B	0.03795155882835388
5177	Py29	Py30	A	B	0.03402390331029892
5178	Py29	Py32	A	B	0.03706279397010803
5179	Py29	Py34	A	B	0.01878933608531952
5180	Py29	Py36	A	B	0.02187911048531532
5181	Py29	Py38	A	B	0.1335323601961136
5182	Py29	Py40	A	B	0.09083708375692368
5183	Py29	Py42	A	B	0.1101274788379669
5184	Py29	Py44	A	B	0.09774744510650635
5185	Py29	Py46	A	B	0.09425678849220276
5186	Py29	Py48	A	B	0.1427352130413055
5187	Py29	Py52	A	B	0.1358025819063187
5188	Py29	Py54	A	B	0.1004551500082016
5189	Py29	Py56	A	B	0.1316993534564972
5190	Py29	Py58	A	B	0.1358260959386826
5191	Py29	Py62	A	B	0.1023694947361946
5192	Py29	Py64	A	B	0.1109296604990959
5193	Py29	Py66	A	B	0.1170244887471199
5194	Py29	Py68	A	B	0.1018534973263741
5195	Py29	Py70	A	B	0.1068675220012665
5196	Py29	Py72	A	B	0.1157363280653954
5197	Py29	Py79	A	B	0.3326895236968994
5198	Py29	Py81	A	B	0.3374162614345551
5199	Py29	Py83	A	B	0.3735511898994446
5200	Py29	Py85	A	B	0.3661153614521027
5201	Py29	Py87	A	B	0.364805668592453
5202	Py29	P1extneg	A	B	0.3654910922050476
5203	Py29	P1NTC2	A	B	0.493708461523056
5204	Py29	P1PCRpos	A	B	0.3794265687465668
5205	Py29	HR02	A	B	0.3433002829551697
5206	Py29	HR06	A	B	0.344852089881897
5207	Py29	HR08	A	B	0.3916873335838318
5208	Py29	HR10	A	B	0.3610486090183258
5209	Py29	HR12	A	B	0.4175961017608643
5210	Py29	HR18	A	B	0.3559548258781433
5211	Py29	HR20	A	B	0.3382037878036499
5212	Py29	HR22	A	B	0.3598131835460663
5213	Py29	HR24	A	B	0.3599871098995209
5214	Py29	HR30	A	B	0.4510484933853149
5215	Py29	HR36	A	B	0.3698562979698181
5216	Py29	HR38	A	B	0.4491133689880371
5217	Py29	HR42	A	B	0.4247830212116241
5218	Py29	HR57	A	B	0.3976605534553528
5219	Py29	HR59	A	B	0.4072657823562622
5220	Py29	HR61	A	B	0.4619562029838562
5221	Py29	HR67	A	B	0.4994276165962219
5222	Py29	HR71	A	B	0.7274397611618042
5223	Py29	H1	A	B	0.4684435427188873
5224	Py29	H8	A	B	0.3578896522521973
5225	Py29	H12	A	B	0.4533431529998779
5226	Py29	H16	A	B	0.4614608287811279
5227	Py29	P2PCRpos	A	B	0.3694570064544678
5228	Py29	Han02	A	B	0.4653337895870209
5229	Py29	Han04	A	B	0.4561746716499329
5230	Py29	Han06	A	B	0.4682194590568542
5231	Py29	Han08	A	B	0.454919308423996
5232	Py29	Han10	A	B	0.4602299630641937
5233	Py29	Han12	A	B	0.4634214639663696
5234	Py29	Han14	A	B	0.4389832615852356
5235	Py29	Han16	A	B	0.4608709812164307
5236	Py29	Han18	A	B	0.4618979394435883
5237	Py29	Han20	A	B	0.4525116384029388
5238	Py29	Han22	A	B	0.4114082455635071
5239	Py29	Han26	A	B	0.4253213405609131
5240	Py29	Han28	A	B	0.4315884709358215
5241	Py29	Han30	A	B	0.4496317505836487
5242	Py29	Han32	A	B	0.4092424809932709
5243	Py29	Han34	A	B	0.4465240240097046
5244	Py29	Han36	A	B	0.4489574134349823
5245	Py29	Han38	A	B	0.442734569311142
5246	Py29	Han40	A	B	0.4476853609085083
5247	Py29	Han42	A	B	0.447913259267807
5248	Py29	Han44	A	B	0.4501433670520782
5249	Py29	Han46	A	B	0.4655774533748627
5250	Py29	Han48	A	B	0.4427235126495361
5251	Py29	P3PCRpos	A	B	0.3706836402416229
5252	Py31	Py2	A	B	0.07579460740089417
5253	Py31	Py4	A	B	0.06091587245464325
5254	Py31	Py6	A	B	0.09844967722892761
5255	Py31	Py8	A	B	0.05829674005508423
5256	Py31	Py10	A	B	0.07907283306121826
5257	Py31	Py12	A	B	0.05709486827254295
5258	Py31	Py14	A	B	0.1292526125907898
5259	Py31	Py16	A	B	0.06093417108058929
5260	Py31	Py18	A	B	0.1334175914525986
5261	Py31	Py20	A	B	0.1536122411489487
5262	Py31	Py22	A	B	0.1332898139953613
5263	Py31	Py24	A	B	0.1743196845054626
5264	Py31	Py26	A	B	0.04355860128998756
5265	Py31	Py28	A	B	0.03517590835690498
5266	Py31	Py30	A	B	0.0125275943428278
5267	Py31	Py32	A	B	0.007792923599481583
5268	Py31	Py34	A	B	0.03037673979997635
5269	Py31	Py36	A	B	0.03050613217055798
5270	Py31	Py38	A	B	0.1450722366571426
5271	Py31	Py40	A	B	0.09778814017772675
5272	Py31	Py42	A	B	0.1103185787796974
5273	Py31	Py44	A	B	0.1111387833952904
5274	Py31	Py46	A	B	0.1072792038321495
5275	Py31	Py48	A	B	0.1557752341032028
5276	Py31	Py52	A	B	0.134285181760788
5277	Py31	Py54	A	B	0.1038447543978691
5278	Py31	Py56	A	B	0.1342813968658447
5279	Py31	Py58	A	B	0.1388392746448517
5280	Py31	Py62	A	B	0.09088128060102463
5281	Py31	Py64	A	B	0.09531539678573608
5282	Py31	Py66	A	B	0.1021976694464684
5283	Py31	Py68	A	B	0.08971111476421356
5284	Py31	Py70	A	B	0.08435410261154175
5285	Py31	Py72	A	B	0.1009406298398972
5286	Py31	Py79	A	B	0.3403013050556183
5287	Py31	Py81	A	B	0.3458457291126251
5288	Py31	Py83	A	B	0.381816953420639
5289	Py31	Py85	A	B	0.374138355255127
5290	Py31	Py87	A	B	0.3804753124713898
5291	Py31	P1extneg	A	B	0.3716808557510376
5292	Py31	P1NTC2	A	B	0.4850353002548218
5293	Py31	P1PCRpos	A	B	0.3639629483222961
5294	Py31	HR02	A	B	0.3413119614124298
5295	Py31	HR06	A	B	0.3443840146064758
5296	Py31	HR08	A	B	0.3863297998905182
5297	Py31	HR10	A	B	0.3588192760944366
5298	Py31	HR12	A	B	0.4152227342128754
5299	Py31	HR18	A	B	0.3564952313899994
5300	Py31	HR20	A	B	0.339316338300705
5301	Py31	HR22	A	B	0.3615829944610596
5302	Py31	HR24	A	B	0.3571971356868744
5303	Py31	HR30	A	B	0.4503232836723328
5304	Py31	HR36	A	B	0.3651837110519409
5305	Py31	HR38	A	B	0.4454331398010254
5306	Py31	HR42	A	B	0.4265560507774353
5307	Py31	HR57	A	B	0.4010413885116577
5308	Py31	HR59	A	B	0.4036597609519958
5309	Py31	HR61	A	B	0.4593484699726105
5310	Py31	HR67	A	B	0.495285838842392
5311	Py31	HR71	A	B	0.7254213094711304
5312	Py31	H1	A	B	0.4668380618095398
5313	Py31	H8	A	B	0.3583537042140961
5314	Py31	H12	A	B	0.4506854712963104
5315	Py31	H16	A	B	0.4620381295681
5316	Py31	P2PCRpos	A	B	0.3541029691696167
5317	Py31	Han02	A	B	0.4698048233985901
5318	Py31	Han04	A	B	0.4580373764038086
5319	Py31	Han06	A	B	0.4744595289230347
5320	Py31	Han08	A	B	0.458882212638855
5321	Py31	Han10	A	B	0.4665063917636871
5322	Py31	Han12	A	B	0.4666790664196014
5323	Py31	Han14	A	B	0.4452593922615051
5324	Py31	Han16	A	B	0.4676328301429749
5325	Py31	Han18	A	B	0.4682615697383881
5326	Py31	Han20	A	B	0.4588248133659363
5327	Py31	Han22	A	B	0.4131889939308167
5328	Py31	Han26	A	B	0.4273312389850616
5329	Py31	Han28	A	B	0.4363648891448975
5330	Py31	Han30	A	B	0.454802930355072
5331	Py31	Han32	A	B	0.4121321737766266
5332	Py31	Han34	A	B	0.451177716255188
5333	Py31	Han36	A	B	0.4538632333278656
5334	Py31	Han38	A	B	0.4457056224346161
5335	Py31	Han40	A	B	0.4512796103954315
5336	Py31	Han42	A	B	0.4527286887168884
5337	Py31	Han44	A	B	0.4550462365150452
5338	Py31	Han46	A	B	0.4718514978885651
5339	Py31	Han48	A	B	0.4467022120952606
5340	Py31	P3PCRpos	A	B	0.3552735447883606
5341	Py33	Py2	A	B	0.0805673897266388
5342	Py33	Py4	A	B	0.0629892349243164
5343	Py33	Py6	A	B	0.07612357288599014
5344	Py33	Py8	A	B	0.04224037006497383
5345	Py33	Py10	A	B	0.05714240670204163
5346	Py33	Py12	A	B	0.07338523119688034
5347	Py33	Py14	A	B	0.1013670712709427
5348	Py33	Py16	A	B	0.05624813213944435
5349	Py33	Py18	A	B	0.1068358346819878
5350	Py33	Py20	A	B	0.1263368278741837
5351	Py33	Py22	A	B	0.1062109917402267
5352	Py33	Py24	A	B	0.1461864411830902
5353	Py33	Py26	A	B	0.06061436980962753
5354	Py33	Py28	A	B	0.02933646366000175
5355	Py33	Py30	A	B	0.02697860263288021
5356	Py33	Py32	A	B	0.03412489965558052
5357	Py33	Py34	A	B	0.05289794877171516
5358	Py33	Py36	A	B	0.05544580519199371
5359	Py33	Py38	A	B	0.1694065779447556
5360	Py33	Py40	A	B	0.1151311844587326
5361	Py33	Py42	A	B	0.125903457403183
5362	Py33	Py44	A	B	0.0969800278544426
5363	Py33	Py46	A	B	0.0950980931520462
5364	Py33	Py48	A	B	0.1346471905708313
5365	Py33	Py52	A	B	0.1673960536718369
5366	Py33	Py54	A	B	0.08148635178804398
5367	Py33	Py56	A	B	0.1078349426388741
5368	Py33	Py58	A	B	0.1125268563628197
5369	Py33	Py62	A	B	0.1028739213943481
5370	Py33	Py64	A	B	0.1180282011628151
5371	Py33	Py66	A	B	0.1275840401649475
5372	Py33	Py68	A	B	0.0984826534986496
5373	Py33	Py70	A	B	0.114767462015152
5374	Py33	Py72	A	B	0.1286470741033554
5375	Py33	Py79	A	B	0.3488669693470001
5376	Py33	Py81	A	B	0.3556720018386841
5377	Py33	Py83	A	B	0.3922809362411499
5378	Py33	Py85	A	B	0.384714812040329
5379	Py33	Py87	A	B	0.392090380191803
5380	Py33	P1extneg	A	B	0.3792211413383484
5381	Py33	P1NTC2	A	B	0.4791369736194611
5382	Py33	P1PCRpos	A	B	0.3694697916507721
5383	Py33	HR02	A	B	0.3524761199951172
5384	Py33	HR06	A	B	0.3614059388637543
5385	Py33	HR08	A	B	0.4057823121547699
5386	Py33	HR10	A	B	0.369938850402832
5387	Py33	HR12	A	B	0.4263780117034912
5388	Py33	HR18	A	B	0.3679470419883728
5389	Py33	HR20	A	B	0.3535449206829071
5390	Py33	HR22	A	B	0.3762131333351135
5391	Py33	HR24	A	B	0.3685280084609985
5392	Py33	HR30	A	B	0.4611752331256866
5393	Py33	HR36	A	B	0.3754822313785553
5394	Py33	HR38	A	B	0.4559866487979889
5395	Py33	HR42	A	B	0.4369871020317078
5396	Py33	HR57	A	B	0.4123583436012268
5397	Py33	HR59	A	B	0.4142722189426422
5398	Py33	HR61	A	B	0.4701849818229675
5399	Py33	HR67	A	B	0.50576251745224
5400	Py33	HR71	A	B	0.7358608841896057
5401	Py33	H1	A	B	0.477616161108017
5402	Py33	H8	A	B	0.3691170215606689
5403	Py33	H12	A	B	0.4614717662334442
5404	Py33	H16	A	B	0.4728987514972687
5405	Py33	P2PCRpos	A	B	0.3589163720607758
5406	Py33	Han02	A	B	0.4810817837715149
5407	Py33	Han04	A	B	0.4714186787605286
5408	Py33	Han06	A	B	0.4854370951652527
5409	Py33	Han08	A	B	0.4743354320526123
5410	Py33	Han10	A	B	0.4774802923202515
5411	Py33	Han12	A	B	0.4799543619155884
5412	Py33	Han14	A	B	0.4568593204021454
5413	Py33	Han16	A	B	0.4792128503322601
5414	Py33	Han18	A	B	0.4798548221588135
5415	Py33	Han20	A	B	0.4697258472442627
5416	Py33	Han22	A	B	0.421794980764389
5417	Py33	Han26	A	B	0.4415023922920227
5418	Py33	Han28	A	B	0.4516908526420593
5419	Py33	Han30	A	B	0.4700835049152374
5420	Py33	Han32	A	B	0.4203081429004669
5421	Py33	Han34	A	B	0.4667358100414276
5422	Py33	Han36	A	B	0.4692253768444061
5423	Py33	Han38	A	B	0.4595395624637604
5424	Py33	Han40	A	B	0.4667761623859406
5425	Py33	Han42	A	B	0.4680125415325165
5426	Py33	Han44	A	B	0.4703511297702789
5427	Py33	Han46	A	B	0.4828265309333801
5428	Py33	Han48	A	B	0.4621253311634064
5429	Py33	P3PCRpos	A	B	0.3601343035697937
5430	Py35	Py2	A	B	0.04813439399003983
5431	Py35	Py4	A	B	0.03631243854761124
5432	Py35	Py6	A	B	0.08834856003522873
5433	Py35	Py8	A	B	0.05323062464594841
5434	Py35	Py10	A	B	0.07489732652902603
5435	Py35	Py12	A	B	0.05585797503590584
5436	Py35	Py14	A	B	0.1344888508319855
5437	Py35	Py16	A	B	0.04514839127659798
5438	Py35	Py18	A	B	0.1393405944108963
5439	Py35	Py20	A	B	0.1616272777318954
5440	Py35	Py22	A	B	0.1403786689043045
5441	Py35	Py24	A	B	0.1806131154298782
5442	Py35	Py26	A	B	0.0173485204577446
5443	Py35	Py28	A	B	0.03883151337504387
5444	Py35	Py30	A	B	0.03790976107120514
5445	Py35	Py32	A	B	0.03499378636479378
5446	Py35	Py34	A	B	0.01257540192455053
5447	Py35	Py36	A	B	0.01086997240781784
5448	Py35	Py38	A	B	0.1290718615055084
5449	Py35	Py40	A	B	0.08728326857089996
5450	Py35	Py42	A	B	0.1031569018959999
5451	Py35	Py44	A	B	0.10091782361269
5452	Py35	Py46	A	B	0.09522973001003265
5453	Py35	Py48	A	B	0.1455027610063553
5454	Py35	Py52	A	B	0.1272715032100677
5455	Py35	Py54	A	B	0.102531261742115
5456	Py35	Py56	A	B	0.133608490228653
5457	Py35	Py58	A	B	0.1381330341100693
5458	Py35	Py62	A	B	0.09335959702730179
5459	Py35	Py64	A	B	0.09956679493188858
5460	Py35	Py66	A	B	0.1075473055243492
5461	Py35	Py68	A	B	0.09257213771343231
5462	Py35	Py70	A	B	0.09342589229345322
5463	Py35	Py72	A	B	0.1041397601366043
5464	Py35	Py79	A	B	0.3291993737220764
5465	Py35	Py81	A	B	0.3340912759304047
5466	Py35	Py83	A	B	0.3687883317470551
5467	Py35	Py85	A	B	0.3612232804298401
5468	Py35	Py87	A	B	0.3596940934658051
5469	Py35	P1extneg	A	B	0.361806184053421
5470	Py35	P1NTC2	A	B	0.4898148477077484
5471	Py35	P1PCRpos	A	B	0.3757430613040924
5472	Py35	HR02	A	B	0.3388743102550507
5473	Py35	HR06	A	B	0.3413943946361542
5474	Py35	HR08	A	B	0.3861739933490753
5475	Py35	HR10	A	B	0.3566146194934845
5476	Py35	HR12	A	B	0.4133181869983673
5477	Py35	HR18	A	B	0.3522873520851135
5478	Py35	HR20	A	B	0.3328993022441864
5479	Py35	HR22	A	B	0.3544901609420776
5480	Py35	HR24	A	B	0.3550227880477905
5481	Py35	HR30	A	B	0.4469414055347443
5482	Py35	HR36	A	B	0.3643472790718079
5483	Py35	HR38	A	B	0.4444194138050079
5484	Py35	HR42	A	B	0.4200295209884644
5485	Py35	HR57	A	B	0.3922775983810425
5486	Py35	HR59	A	B	0.4026030898094177
5487	Py35	HR61	A	B	0.4568461775779724
5488	Py35	HR67	A	B	0.4942147135734558
5489	Py35	HR71	A	B	0.7234963178634644
5490	Py35	H1	A	B	0.4621130228042603
5491	Py35	H8	A	B	0.3525086045265198
5492	Py35	H12	A	B	0.4481748938560486
5493	Py35	H16	A	B	0.4559147953987122
5494	Py35	P2PCRpos	A	B	0.3663099110126495
5495	Py35	Han02	A	B	0.4605465531349182
5496	Py35	Han04	A	B	0.451953262090683
5497	Py35	Han06	A	B	0.4634554982185364
5498	Py35	Han08	A	B	0.4504696726799011
5499	Py35	Han10	A	B	0.4554213881492615
5500	Py35	Han12	A	B	0.4587869644165039
5501	Py35	Han14	A	B	0.4343808889389038
5502	Py35	Han16	A	B	0.4561233222484589
5503	Py35	Han18	A	B	0.4571072161197662
5504	Py35	Han20	A	B	0.4477221369743347
5505	Py35	Han22	A	B	0.4063971340656281
5506	Py35	Han26	A	B	0.4204588532447815
5507	Py35	Han28	A	B	0.4261869192123413
5508	Py35	Han30	A	B	0.4442185461521149
5509	Py35	Han32	A	B	0.4040426909923553
5510	Py35	Han34	A	B	0.4412352740764618
5511	Py35	Han36	A	B	0.4435545206069946
5512	Py35	Han38	A	B	0.4383201599121094
5513	Py35	Han40	A	B	0.4424436986446381
5514	Py35	Han42	A	B	0.4423582553863525
5515	Py35	Han44	A	B	0.4446076452732086
5516	Py35	Han46	A	B	0.4607870280742645
5517	Py35	Han48	A	B	0.4372124671936035
5518	Py35	P3PCRpos	A	B	0.367480456829071
5519	Py37	Py2	A	B	0.1084475219249725
5520	Py37	Py4	A	B	0.1184728518128395
5521	Py37	Py6	A	B	0.1795380711555481
5522	Py37	Py8	A	B	0.1576595604419708
5523	Py37	Py10	A	B	0.1748490035533905
5524	Py37	Py12	A	B	0.1466198265552521
5525	Py37	Py14	A	B	0.2199384272098541
5526	Py37	Py16	A	B	0.1461662650108337
5527	Py37	Py18	A	B	0.2332198619842529
5528	Py37	Py20	A	B	0.2544671893119812
5529	Py37	Py22	A	B	0.2294854372739792
5530	Py37	Py24	A	B	0.2591745555400848
5531	Py37	Py26	A	B	0.125784695148468
5532	Py37	Py28	A	B	0.1462717950344086
5533	Py37	Py30	A	B	0.1543564051389694
5534	Py37	Py32	A	B	0.149504542350769
5535	Py37	Py34	A	B	0.1344251483678818
5536	Py37	Py36	A	B	0.1345780938863754
5537	Py37	Py38	A	B	0.04757962375879288
5538	Py37	Py40	A	B	0.09689724445343018
5539	Py37	Py42	A	B	0.06826803088188171
5540	Py37	Py44	A	B	0.1358815878629684
5541	Py37	Py46	A	B	0.1353988796472549
5542	Py37	Py48	A	B	0.1688344478607178
5543	Py37	Py52	A	B	0.1041480973362923
5544	Py37	Py54	A	B	0.1585621982812881
5545	Py37	Py56	A	B	0.1855511516332626
5546	Py37	Py58	A	B	0.1920575201511383
5547	Py37	Py62	A	B	0.09098871052265167
5548	Py37	Py64	A	B	0.08590113371610641
5549	Py37	Py66	A	B	0.09160099178552628
5550	Py37	Py68	A	B	0.08472421765327454
5551	Py37	Py70	A	B	0.0967375710606575
5552	Py37	Py72	A	B	0.0802290067076683
5553	Py37	Py79	A	B	0.3111115694046021
5554	Py37	Py81	A	B	0.3029879629611969
5555	Py37	Py83	A	B	0.3338659405708313
5556	Py37	Py85	A	B	0.3315985798835754
5557	Py37	Py87	A	B	0.2898309230804443
5558	Py37	P1extneg	A	B	0.3163852393627167
5559	Py37	P1NTC2	A	B	0.4662222266197205
5560	Py37	P1PCRpos	A	B	0.4167335033416748
5561	Py37	HR02	A	B	0.3483956158161163
5562	Py37	HR06	A	B	0.3533445298671722
5563	Py37	HR08	A	B	0.4182010889053345
5564	Py37	HR10	A	B	0.3707149922847748
5565	Py37	HR12	A	B	0.4219446182250977
5566	Py37	HR18	A	B	0.3554710149765015
5567	Py37	HR20	A	B	0.336106538772583
5568	Py37	HR22	A	B	0.3155905306339264
5569	Py37	HR24	A	B	0.3750706613063812
5570	Py37	HR30	A	B	0.4558634459972382
5571	Py37	HR36	A	B	0.3944998979568481
5572	Py37	HR38	A	B	0.4657675921916962
5573	Py37	HR42	A	B	0.4345872700214386
5574	Py37	HR57	A	B	0.3679679334163666
5575	Py37	HR59	A	B	0.4249298274517059
5576	Py37	HR61	A	B	0.4760812819004059
5577	Py37	HR67	A	B	0.5096125602722168
5578	Py37	HR71	A	B	0.7452826499938965
5579	Py37	H1	A	B	0.4581864178180695
5580	Py37	H8	A	B	0.3420258760452271
5581	Py37	H12	A	B	0.4592054784297943
5582	Py37	H16	A	B	0.4568696320056915
5583	Py37	P2PCRpos	A	B	0.4088089466094971
5584	Py37	Han02	A	B	0.3809711635112762
5585	Py37	Han04	A	B	0.3886260986328125
5586	Py37	Han06	A	B	0.4226053059101105
5587	Py37	Han08	A	B	0.3848916888237
5588	Py37	Han10	A	B	0.4161452949047089
5589	Py37	Han12	A	B	0.3936436474323273
5590	Py37	Han14	A	B	0.3840805292129517
5591	Py37	Han16	A	B	0.4097395837306976
5592	Py37	Han18	A	B	0.4128674566745758
5593	Py37	Han20	A	B	0.4067472517490387
5594	Py37	Han22	A	B	0.3639750480651855
5595	Py37	Han26	A	B	0.4099731743335724
5596	Py37	Han28	A	B	0.3927660882472992
5597	Py37	Han30	A	B	0.3969385027885437
5598	Py37	Han32	A	B	0.3861599564552307
5599	Py37	Han34	A	B	0.399445652961731
5600	Py37	Han36	A	B	0.3929225504398346
5601	Py37	Han38	A	B	0.4333181381225586
5602	Py37	Han40	A	B	0.3717212080955505
5603	Py37	Han42	A	B	0.3894903063774109
5604	Py37	Han44	A	B	0.401041179895401
5605	Py37	Han46	A	B	0.4135860800743103
5606	Py37	Han48	A	B	0.3712998330593109
5607	Py37	P3PCRpos	A	B	0.4099547266960144
5608	Py39	Py2	A	B	0.1420584619045258
5609	Py39	Py4	A	B	0.1508093625307083
5610	Py39	Py6	A	B	0.2206221520900726
5611	Py39	Py8	A	B	0.1881753653287888
5612	Py39	Py10	A	B	0.2126377820968628
5613	Py39	Py12	A	B	0.1498231738805771
5614	Py39	Py14	A	B	0.2634402513504028
5615	Py39	Py16	A	B	0.1697963327169418
5616	Py39	Py18	A	B	0.2697944343090057
5617	Py39	Py20	A	B	0.2933479845523834
5618	Py39	Py22	A	B	0.2684777677059174
5619	Py39	Py24	A	B	0.3007974624633789
5620	Py39	Py26	A	B	0.1506244689226151
5621	Py39	Py28	A	B	0.179023265838623
5622	Py39	Py30	A	B	0.1747583597898483
5623	Py39	Py32	A	B	0.1676478385925293
5624	Py39	Py34	A	B	0.15483258664608
5625	Py39	Py36	A	B	0.1566612273454666
5626	Py39	Py38	A	B	0.04534431919455528
5627	Py39	Py40	A	B	0.1120859012007713
5628	Py39	Py42	A	B	0.1004921495914459
5629	Py39	Py44	A	B	0.1699549853801727
5630	Py39	Py46	A	B	0.1672701090574265
5631	Py39	Py48	A	B	0.1930136531591415
5632	Py39	Py52	A	B	0.05888604745268822
5633	Py39	Py54	A	B	0.1873992830514908
5634	Py39	Py56	A	B	0.2158314883708954
5635	Py39	Py58	A	B	0.222261369228363
5636	Py39	Py62	A	B	0.1167170628905296
5637	Py39	Py64	A	B	0.09448019415140152
5638	Py39	Py66	A	B	0.08402981609106064
5639	Py39	Py68	A	B	0.1166360825300217
5640	Py39	Py70	A	B	0.09601205587387085
5641	Py39	Py72	A	B	0.08135806024074554
5642	Py39	Py79	A	B	0.3256285190582275
5643	Py39	Py81	A	B	0.3161346912384033
5644	Py39	Py83	A	B	0.3371213972568512
5645	Py39	Py85	A	B	0.338325709104538
5646	Py39	Py87	A	B	0.2902957201004028
5647	Py39	P1extneg	A	B	0.3217402398586273
5648	Py39	P1NTC2	A	B	0.4824471175670624
5649	Py39	P1PCRpos	A	B	0.4190464019775391
5650	Py39	HR02	A	B	0.3301914632320404
5651	Py39	HR06	A	B	0.3352506756782532
5652	Py39	HR08	A	B	0.3944292068481445
5653	Py39	HR10	A	B	0.3526144325733185
5654	Py39	HR12	A	B	0.4044337868690491
5655	Py39	HR18	A	B	0.3372052907943726
5656	Py39	HR20	A	B	0.3164746761322021
5657	Py39	HR22	A	B	0.2977958917617798
5658	Py39	HR24	A	B	0.356402575969696
5659	Py39	HR30	A	B	0.4386064112186432
5660	Py39	HR36	A	B	0.395618349313736
5661	Py39	HR38	A	B	0.447729617357254
5662	Py39	HR42	A	B	0.4206470847129822
5663	Py39	HR57	A	B	0.3524480760097504
5664	Py39	HR59	A	B	0.4145045578479767
5665	Py39	HR61	A	B	0.4609821140766144
5666	Py39	HR67	A	B	0.4910832345485687
5667	Py39	HR71	A	B	0.732563853263855
5668	Py39	H1	A	B	0.4407147765159607
5669	Py39	H8	A	B	0.3249885737895966
5670	Py39	H12	A	B	0.4419109523296356
5671	Py39	H16	A	B	0.4392536282539368
5672	Py39	P2PCRpos	A	B	0.4170742630958557
5673	Py39	Han02	A	B	0.3684856295585632
5674	Py39	Han04	A	B	0.378401130437851
5675	Py39	Han06	A	B	0.4118093550205231
5676	Py39	Han08	A	B	0.3640265464782715
5677	Py39	Han10	A	B	0.4057938456535339
5678	Py39	Han12	A	B	0.3846840560436249
5679	Py39	Han14	A	B	0.3725513219833374
5680	Py39	Han16	A	B	0.3978597521781921
5681	Py39	Han18	A	B	0.4042295813560486
5682	Py39	Han20	A	B	0.3960479497909546
5683	Py39	Han22	A	B	0.3627504408359528
5684	Py39	Han26	A	B	0.3950552344322205
5685	Py39	Han28	A	B	0.3819149136543274
5686	Py39	Han30	A	B	0.381911039352417
5687	Py39	Han32	A	B	0.3872727155685425
5688	Py39	Han34	A	B	0.38543701171875
5689	Py39	Han36	A	B	0.3743347525596619
5690	Py39	Han38	A	B	0.4152356684207916
5691	Py39	Han40	A	B	0.3528581559658051
5692	Py39	Han42	A	B	0.3683541119098663
5693	Py39	Han44	A	B	0.3804738521575928
5694	Py39	Han46	A	B	0.4026420414447784
5695	Py39	Han48	A	B	0.3553623557090759
5696	Py39	P3PCRpos	A	B	0.4180436432361603
5697	Py41	Py2	A	B	0.1074486523866653
5698	Py41	Py4	A	B	0.1036481559276581
5699	Py41	Py6	A	B	0.1664207279682159
5700	Py41	Py8	A	B	0.1267258524894714
5701	Py41	Py10	A	B	0.1494149714708328
5702	Py41	Py12	A	B	0.1032821834087372
5703	Py41	Py14	A	B	0.2029018253087997
5704	Py41	Py16	A	B	0.1194727644324303
5705	Py41	Py18	A	B	0.2073087841272354
5706	Py41	Py20	A	B	0.2312986105680466
5707	Py41	Py22	A	B	0.2084205150604248
5708	Py41	Py24	A	B	0.2434449642896652
5709	Py41	Py26	A	B	0.09947934001684189
5710	Py41	Py28	A	B	0.1195766776800156
5711	Py41	Py30	A	B	0.1141613572835922
5712	Py41	Py32	A	B	0.1078727319836617
5713	Py41	Py34	A	B	0.1041503399610519
5714	Py41	Py36	A	B	0.1041417345404625
5715	Py41	Py38	A	B	0.07322803139686584
5716	Py41	Py40	A	B	0.06035974621772766
5717	Py41	Py42	A	B	0.02534232474863529
5718	Py41	Py44	A	B	0.110574372112751
5719	Py41	Py46	A	B	0.1067218109965324
5720	Py41	Py48	A	B	0.1429800987243652
5721	Py41	Py52	A	B	0.07076160609722137
5722	Py41	Py54	A	B	0.1234857589006424
5723	Py41	Py56	A	B	0.1557242274284363
5724	Py41	Py58	A	B	0.160204216837883
5725	Py41	Py62	A	B	0.05945052951574326
5726	Py41	Py64	A	B	0.04642976447939873
5727	Py41	Py66	A	B	0.05083224177360535
5728	Py41	Py68	A	B	0.06594611704349518
5729	Py41	Py70	A	B	0.06337103247642517
5730	Py41	Py72	A	B	0.05105459690093994
5731	Py41	Py79	A	B	0.3235722184181213
5732	Py41	Py81	A	B	0.3159364759922028
5733	Py41	Py83	A	B	0.3429389595985413
5734	Py41	Py85	A	B	0.341312050819397
5735	Py41	Py87	A	B	0.2968918979167938
5736	Py41	P1extneg	A	B	0.3252791166305542
5737	Py41	P1NTC2	A	B	0.4618439376354218
5738	Py41	P1PCRpos	A	B	0.3983003795146942
5739	Py41	HR02	A	B	0.3451471924781799
5740	Py41	HR06	A	B	0.3454072177410126
5741	Py41	HR08	A	B	0.4013441801071167
5742	Py41	HR10	A	B	0.3678390085697174
5743	Py41	HR12	A	B	0.4180487394332886
5744	Py41	HR18	A	B	0.3522949814796448
5745	Py41	HR20	A	B	0.3335925340652466
5746	Py41	HR22	A	B	0.3123135268688202
5747	Py41	HR24	A	B	0.3731048107147217
5748	Py41	HR30	A	B	0.4542351365089417
5749	Py41	HR36	A	B	0.3854685127735138
5750	Py41	HR38	A	B	0.4613687992095947
5751	Py41	HR42	A	B	0.4311392903327942
5752	Py41	HR57	A	B	0.3620927035808563
5753	Py41	HR59	A	B	0.4213819205760956
5754	Py41	HR61	A	B	0.4682477712631226
5755	Py41	HR67	A	B	0.5019127130508423
5756	Py41	HR71	A	B	0.7375636696815491
5757	Py41	H1	A	B	0.4534841775894165
5758	Py41	H8	A	B	0.3393673896789551
5759	Py41	H12	A	B	0.4572673141956329
5760	Py41	H16	A	B	0.4554217159748077
5761	Py41	P2PCRpos	A	B	0.3905244767665863
5762	Py41	Han02	A	B	0.4059899747371674
5763	Py41	Han04	A	B	0.3995116353034973
5764	Py41	Han06	A	B	0.4360622763633728
5765	Py41	Han08	A	B	0.3958364129066467
5766	Py41	Han10	A	B	0.4322279691696167
5767	Py41	Han12	A	B	0.4061979353427887
5768	Py41	Han14	A	B	0.3977965712547302
5769	Py41	Han16	A	B	0.4229786098003387
5770	Py41	Han18	A	B	0.4271073341369629
5771	Py41	Han20	A	B	0.422219455242157
5772	Py41	Han22	A	B	0.379050076007843
5773	Py41	Han26	A	B	0.4308830499649048
5774	Py41	Han28	A	B	0.4099588990211487
5775	Py41	Han30	A	B	0.4183617532253265
5776	Py41	Han32	A	B	0.4051359891891479
5777	Py41	Han34	A	B	0.4197079539299011
5778	Py41	Han36	A	B	0.4143662750720978
5779	Py41	Han38	A	B	0.4561667144298553
5780	Py41	Han40	A	B	0.3966843485832214
5781	Py41	Han42	A	B	0.4087887108325958
5782	Py41	Han44	A	B	0.4198442697525024
5783	Py41	Han46	A	B	0.4267184734344482
5784	Py41	Han48	A	B	0.3923384547233582
5785	Py41	P3PCRpos	A	B	0.3916532695293427
5786	Py43	Py2	A	B	0.07566341757774353
5787	Py43	Py4	A	B	0.07404298335313797
5788	Py43	Py6	A	B	0.1314300298690796
5789	Py43	Py8	A	B	0.08805294334888458
5790	Py43	Py10	A	B	0.1090106815099716
5791	Py43	Py12	A	B	0.07610373944044113
5792	Py43	Py14	A	B	0.1583906412124634
5793	Py43	Py16	A	B	0.08656045794487
5794	Py43	Py18	A	B	0.1652916818857193
5795	Py43	Py20	A	B	0.1902990937232971
5796	Py43	Py22	A	B	0.1695799827575684
5797	Py43	Py24	A	B	0.1989313215017319
5798	Py43	Py26	A	B	0.08372237533330917
5799	Py43	Py28	A	B	0.1004214957356453
5800	Py43	Py30	A	B	0.09717065095901489
5801	Py43	Py32	A	B	0.09758637845516205
5802	Py43	Py34	A	B	0.08700109273195267
5803	Py43	Py36	A	B	0.09042192995548248
5804	Py43	Py38	A	B	0.111703909933567
5805	Py43	Py40	A	B	0.03617589548230171
5806	Py43	Py42	A	B	0.0661572515964508
5807	Py43	Py44	A	B	0.03963074460625648
5808	Py43	Py46	A	B	0.04021601006388664
5809	Py43	Py48	A	B	0.08055495470762253
5810	Py43	Py52	A	B	0.1024351418018341
5811	Py43	Py54	A	B	0.07577065378427505
5812	Py43	Py56	A	B	0.1051433086395264
5813	Py43	Py58	A	B	0.1110777035355568
5814	Py43	Py62	A	B	0.07174685597419739
5815	Py43	Py64	A	B	0.08644545078277588
5816	Py43	Py66	A	B	0.09159757196903229
5817	Py43	Py68	A	B	0.07754132896661758
5818	Py43	Py70	A	B	0.09195909649133682
5819	Py43	Py72	A	B	0.09287536889314651
5820	Py43	Py79	A	B	0.328034371137619
5821	Py43	Py81	A	B	0.31583571434021
5822	Py43	Py83	A	B	0.3574154675006866
5823	Py43	Py85	A	B	0.3564458787441254
5824	Py43	Py87	A	B	0.3359275162220001
5825	Py43	P1extneg	A	B	0.3328881561756134
5826	Py43	P1NTC2	A	B	0.4734035730361938
5827	Py43	P1PCRpos	A	B	0.4015253186225891
5828	Py43	HR02	A	B	0.3522528111934662
5829	Py43	HR06	A	B	0.353649377822876
5830	Py43	HR08	A	B	0.4103916585445404
5831	Py43	HR10	A	B	0.3759030103683472
5832	Py43	HR12	A	B	0.4262110888957977
5833	Py43	HR18	A	B	0.3601857125759125
5834	Py43	HR20	A	B	0.3427646160125732
5835	Py43	HR22	A	B	0.3312902450561523
5836	Py43	HR24	A	B	0.3814566135406494
5837	Py43	HR30	A	B	0.4637457728385925
5838	Py43	HR36	A	B	0.3904614150524139
5839	Py43	HR38	A	B	0.468125969171524
5840	Py43	HR42	A	B	0.4356847703456879
5841	Py43	HR57	A	B	0.3751574158668518
5842	Py43	HR59	A	B	0.4285846054553986
5843	Py43	HR61	A	B	0.4767577350139618
5844	Py43	HR67	A	B	0.5100094079971313
5845	Py43	HR71	A	B	0.7426883578300476
5846	Py43	H1	A	B	0.4609131813049316
5847	Py43	H8	A	B	0.3513152301311493
5848	Py43	H12	A	B	0.4647442996501923
5849	Py43	H16	A	B	0.4639462232589722
5850	Py43	P2PCRpos	A	B	0.3922254145145416
5851	Py43	Han02	A	B	0.4443302154541016
5852	Py43	Han04	A	B	0.4395580887794495
5853	Py43	Han06	A	B	0.4589840769767761
5854	Py43	Han08	A	B	0.4389643371105194
5855	Py43	Han10	A	B	0.456193745136261
5856	Py43	Han12	A	B	0.4473721385002136
5857	Py43	Han14	A	B	0.4204629361629486
5858	Py43	Han16	A	B	0.4460855722427368
5859	Py43	Han18	A	B	0.4507047235965729
5860	Py43	Han20	A	B	0.4454461336135864
5861	Py43	Han22	A	B	0.405083954334259
5862	Py43	Han26	A	B	0.4519729316234589
5863	Py43	Han28	A	B	0.4362426400184631
5864	Py43	Han30	A	B	0.4457129836082458
5865	Py43	Han32	A	B	0.4257309138774872
5866	Py43	Han34	A	B	0.4469222724437714
5867	Py43	Han36	A	B	0.4419527649879456
5868	Py43	Han38	A	B	0.4797585010528564
5869	Py43	Han40	A	B	0.4283764064311981
5870	Py43	Han42	A	B	0.43515545129776
5871	Py43	Han44	A	B	0.446512907743454
5872	Py43	Han46	A	B	0.4495079517364502
5873	Py43	Han48	A	B	0.4246366322040558
5874	Py43	P3PCRpos	A	B	0.3933959007263184
5875	Py45	Py2	A	B	0.1256575435400009
5876	Py45	Py4	A	B	0.1205706894397736
5877	Py45	Py6	A	B	0.1254470646381378
5878	Py45	Py8	A	B	0.1011998727917671
5879	Py45	Py10	A	B	0.08300141990184784
5880	Py45	Py12	A	B	0.1242447644472122
5881	Py45	Py14	A	B	0.08086244761943817
5882	Py45	Py16	A	B	0.1101768016815186
5883	Py45	Py18	A	B	0.09331129491329193
5884	Py45	Py20	A	B	0.1106448844075203
5885	Py45	Py22	A	B	0.09499742090702057
5886	Py45	Py24	A	B	0.1314739733934402
5887	Py45	Py26	A	B	0.1398666948080063
5888	Py45	Py28	A	B	0.1406760066747665
5889	Py45	Py30	A	B	0.1456081420183182
5890	Py45	Py32	A	B	0.1501711159944534
5891	Py45	Py34	A	B	0.1428998112678528
5892	Py45	Py36	A	B	0.1433178335428238
5893	Py45	Py38	A	B	0.2021267116069794
5894	Py45	Py40	A	B	0.1260023862123489
5895	Py45	Py42	A	B	0.1562952250242233
5896	Py45	Py44	A	B	0.07054336369037628
5897	Py45	Py46	A	B	0.06844927370548248
5898	Py45	Py48	A	B	0.05008687078952789
5899	Py45	Py52	A	B	0.1947944611310959
5900	Py45	Py54	A	B	0.0753474310040474
5901	Py45	Py56	A	B	0.06529971957206726
5902	Py45	Py58	A	B	0.06316758692264557
5903	Py45	Py62	A	B	0.158923014998436
5904	Py45	Py64	A	B	0.1732239425182343
5905	Py45	Py66	A	B	0.1801520884037018
5906	Py45	Py68	A	B	0.163579136133194
5907	Py45	Py70	A	B	0.1736898124217987
5908	Py45	Py72	A	B	0.1808337718248367
5909	Py45	Py79	A	B	0.3416790366172791
5910	Py45	Py81	A	B	0.3448761403560638
5911	Py45	Py83	A	B	0.3803243041038513
5912	Py45	Py85	A	B	0.3729923963546753
5913	Py45	Py87	A	B	0.3741521537303925
5914	Py45	P1extneg	A	B	0.3679462969303131
5915	Py45	P1NTC2	A	B	0.4882963895797729
5916	Py45	P1PCRpos	A	B	0.4166473150253296
5917	Py45	HR02	A	B	0.380525529384613
5918	Py45	HR06	A	B	0.3966864943504333
5919	Py45	HR08	A	B	0.446772426366806
5920	Py45	HR10	A	B	0.4077298045158386
5921	Py45	HR12	A	B	0.4595618546009064
5922	Py45	HR18	A	B	0.3973789215087891
5923	Py45	HR20	A	B	0.3798061907291412
5924	Py45	HR22	A	B	0.3908625841140747
5925	Py45	HR24	A	B	0.4086299538612366
5926	Py45	HR30	A	B	0.4802177250385284
5927	Py45	HR36	A	B	0.4059618711471558
5928	Py45	HR38	A	B	0.483775794506073
5929	Py45	HR42	A	B	0.4518369138240814
5930	Py45	HR57	A	B	0.4057836830615997
5931	Py45	HR59	A	B	0.4440298974514008
5932	Py45	HR61	A	B	0.4949158132076263
5933	Py45	HR67	A	B	0.530170202255249
5934	Py45	HR71	A	B	0.7601743936538696
5935	Py45	H1	A	B	0.4867076873779297
5936	Py45	H8	A	B	0.3885931670665741
5937	Py45	H12	A	B	0.4813832342624664
5938	Py45	H16	A	B	0.4840774536132812
5939	Py45	P2PCRpos	A	B	0.4060049057006836
5940	Py45	Han02	A	B	0.4924274682998657
5941	Py45	Han04	A	B	0.4930603504180908
5942	Py45	Han06	A	B	0.4917104244232178
5943	Py45	Han08	A	B	0.4915927648544312
5944	Py45	Han10	A	B	0.4891427159309387
5945	Py45	Han12	A	B	0.4999352991580963
5946	Py45	Han14	A	B	0.4618437886238098
5947	Py45	Han16	A	B	0.4837201535701752
5948	Py45	Han18	A	B	0.4851114451885223
5949	Py45	Han20	A	B	0.4781458377838135
5950	Py45	Han22	A	B	0.4426888823509216
5951	Py45	Han26	A	B	0.4774932861328125
5952	Py45	Han28	A	B	0.4680996537208557
5953	Py45	Han30	A	B	0.4859130084514618
5954	Py45	Han32	A	B	0.4490736126899719
5955	Py45	Han34	A	B	0.4837848246097565
5956	Py45	Han36	A	B	0.4853498041629791
5957	Py45	Han38	A	B	0.5061842203140259
5958	Py45	Han40	A	B	0.4829709827899933
5959	Py45	Han42	A	B	0.4836552441120148
5960	Py45	Han44	A	B	0.4868011176586151
5961	Py45	Han46	A	B	0.4876657724380493
5962	Py45	Han48	A	B	0.4792863130569458
5963	Py45	P3PCRpos	A	B	0.4072492122650146
5964	Py47	Py2	A	B	0.07462160289287567
5965	Py47	Py4	A	B	0.06974928081035614
5966	Py47	Py6	A	B	0.1058781743049622
5967	Py47	Py8	A	B	0.06772632896900177
5968	Py47	Py10	A	B	0.08516646176576614
5969	Py47	Py12	A	B	0.07971669733524323
5970	Py47	Py14	A	B	0.1298305243253708
5971	Py47	Py16	A	B	0.07053382694721222
5972	Py47	Py18	A	B	0.1372880488634109
5973	Py47	Py20	A	B	0.1616560518741608
5974	Py47	Py22	A	B	0.1408963650465012
5975	Py47	Py24	A	B	0.1724432110786438
5976	Py47	Py26	A	B	0.08932749927043915
5977	Py47	Py28	A	B	0.09374789893627167
5978	Py47	Py30	A	B	0.09553880989551544
5979	Py47	Py32	A	B	0.09974032640457153
5980	Py47	Py34	A	B	0.09224564582109451
5981	Py47	Py36	A	B	0.09579742699861526
5982	Py47	Py38	A	B	0.1397812217473984
5983	Py47	Py40	A	B	0.06338441371917725
5984	Py47	Py42	A	B	0.09154613316059113
5985	Py47	Py44	A	B	0.0162499938160181
5986	Py47	Py46	A	B	0.01186718884855509
5987	Py47	Py48	A	B	0.06891697645187378
5988	Py47	Py52	A	B	0.1323657333850861
5989	Py47	Py54	A	B	0.05252464860677719
5990	Py47	Py56	A	B	0.08070053160190582
5991	Py47	Py58	A	B	0.08673850446939468
5992	Py47	Py62	A	B	0.09680557250976562
5993	Py47	Py64	A	B	0.1134065389633179
5994	Py47	Py66	A	B	0.1201020702719688
5995	Py47	Py68	A	B	0.1014827117323875
5996	Py47	Py70	A	B	0.1136896535754204
5997	Py47	Py72	A	B	0.120873712003231
5998	Py47	Py79	A	B	0.3254217207431793
5999	Py47	Py81	A	B	0.3268367648124695
6000	Py47	Py83	A	B	0.3624160289764404
6001	Py47	Py85	A	B	0.358364999294281
6002	Py47	Py87	A	B	0.3520059585571289
6003	Py47	P1extneg	A	B	0.3501893281936646
6004	Py47	P1NTC2	A	B	0.4758890867233276
6005	Py47	P1PCRpos	A	B	0.4023881852626801
6006	Py47	HR02	A	B	0.3510586321353912
6007	Py47	HR06	A	B	0.3587418794631958
6008	Py47	HR08	A	B	0.4156601130962372
6009	Py47	HR10	A	B	0.3748929500579834
6010	Py47	HR12	A	B	0.4250005781650543
6011	Py47	HR18	A	B	0.3621142506599426
6012	Py47	HR20	A	B	0.3464876413345337
6013	Py47	HR22	A	B	0.3458090126514435
6014	Py47	HR24	A	B	0.3813813924789429
6015	Py47	HR30	A	B	0.46279177069664
6016	Py47	HR36	A	B	0.3897877931594849
6017	Py47	HR38	A	B	0.4675483107566833
6018	Py47	HR42	A	B	0.4341667592525482
6019	Py47	HR57	A	B	0.3803989589214325
6020	Py47	HR59	A	B	0.4270951449871063
6021	Py47	HR61	A	B	0.4755793213844299
6022	Py47	HR67	A	B	0.511687159538269
6023	Py47	HR71	A	B	0.7415627241134644
6024	Py47	H1	A	B	0.4636968672275543
6025	Py47	H8	A	B	0.3545027077198029
6026	Py47	H12	A	B	0.4630716443061829
6027	Py47	H16	A	B	0.4621884226799011
6028	Py47	P2PCRpos	A	B	0.3924185633659363
6029	Py47	Han02	A	B	0.4621689319610596
6030	Py47	Han04	A	B	0.46029132604599
6031	Py47	Han06	A	B	0.4649198055267334
6032	Py47	Han08	A	B	0.4590920507907867
6033	Py47	Han10	A	B	0.459890604019165
6034	Py47	Han12	A	B	0.467489093542099
6035	Py47	Han14	A	B	0.4340376555919647
6036	Py47	Han16	A	B	0.4565961062908173
6037	Py47	Han18	A	B	0.4579119980335236
6038	Py47	Han20	A	B	0.4501551985740662
6039	Py47	Han22	A	B	0.4116134643554688
6040	Py47	Han26	A	B	0.4548179507255554
6041	Py47	Han28	A	B	0.4413723349571228
6042	Py47	Han30	A	B	0.452646017074585
6043	Py47	Han32	A	B	0.4270049333572388
6044	Py47	Han34	A	B	0.4537366926670074
6045	Py47	Han36	A	B	0.4514225721359253
6046	Py47	Han38	A	B	0.4827944934368134
6047	Py47	Han40	A	B	0.4485788345336914
6048	Py47	Han42	A	B	0.4500860571861267
6049	Py47	Han44	A	B	0.4542585909366608
6050	Py47	Han46	A	B	0.4605542123317719
6051	Py47	Han48	A	B	0.4451347589492798
6052	Py47	P3PCRpos	A	B	0.3936365246772766
6053	Py51	Py2	A	B	0.1198257729411125
6054	Py51	Py4	A	B	0.1198854595422745
6055	Py51	Py6	A	B	0.1884996592998505
6056	Py51	Py8	A	B	0.1487440764904022
6057	Py51	Py10	A	B	0.1713629364967346
6058	Py51	Py12	A	B	0.109946645796299
6059	Py51	Py14	A	B	0.2266640067100525
6060	Py51	Py16	A	B	0.1346698701381683
6061	Py51	Py18	A	B	0.2314558476209641
6062	Py51	Py20	A	B	0.2565652132034302
6063	Py51	Py22	A	B	0.2333640158176422
6064	Py51	Py24	A	B	0.2674597203731537
6065	Py51	Py26	A	B	0.1145267561078072
6066	Py51	Py28	A	B	0.1413673758506775
6067	Py51	Py30	A	B	0.1328999996185303
6068	Py51	Py32	A	B	0.1249505430459976
6069	Py51	Py34	A	B	0.1164907813072205
6070	Py51	Py36	A	B	0.1160708218812943
6071	Py51	Py38	A	B	0.0570184737443924
6072	Py51	Py40	A	B	0.07623054087162018
6073	Py51	Py42	A	B	0.07308965921401978
6074	Py51	Py44	A	B	0.1272886991500854
6075	Py51	Py46	A	B	0.1251645386219025
6076	Py51	Py48	A	B	0.1575133949518204
6077	Py51	Py52	A	B	0.02248555049300194
6078	Py51	Py54	A	B	0.1420793831348419
6079	Py51	Py56	A	B	0.1746194958686829
6080	Py51	Py58	A	B	0.1792019903659821
6081	Py51	Py62	A	B	0.07579828053712845
6082	Py51	Py64	A	B	0.05971189588308334
6083	Py51	Py66	A	B	0.0478924997150898
6084	Py51	Py68	A	B	0.07900559157133102
6085	Py51	Py70	A	B	0.05547090992331505
6086	Py51	Py72	A	B	0.05364092811942101
6087	Py51	Py79	A	B	0.3263062834739685
6088	Py51	Py81	A	B	0.317899614572525
6089	Py51	Py83	A	B	0.3366264402866364
6090	Py51	Py85	A	B	0.3374720811843872
6091	Py51	Py87	A	B	0.3013189733028412
6092	Py51	P1extneg	A	B	0.3314789235591888
6093	Py51	P1NTC2	A	B	0.4817889034748077
6094	Py51	P1PCRpos	A	B	0.3973422050476074
6095	Py51	HR02	A	B	0.3306408822536469
6096	Py51	HR06	A	B	0.3281267583370209
6097	Py51	HR08	A	B	0.3839207589626312
6098	Py51	HR10	A	B	0.3531192541122437
6099	Py51	HR12	A	B	0.4034635126590729
6100	Py51	HR18	A	B	0.3367210328578949
6101	Py51	HR20	A	B	0.317540168762207
6102	Py51	HR22	A	B	0.3033333718776703
6103	Py51	HR24	A	B	0.358900785446167
6104	Py51	HR30	A	B	0.439368337392807
6105	Py51	HR36	A	B	0.3778641819953918
6106	Py51	HR38	A	B	0.4472634494304657
6107	Py51	HR42	A	B	0.4160827994346619
6108	Py51	HR57	A	B	0.3536177277565002
6109	Py51	HR59	A	B	0.4076849520206451
6110	Py51	HR61	A	B	0.4550707042217255
6111	Py51	HR67	A	B	0.4880959987640381
6112	Py51	HR71	A	B	0.7212610840797424
6113	Py51	H1	A	B	0.4390192925930023
6114	Py51	H8	A	B	0.3253027200698853
6115	Py51	H12	A	B	0.4423637390136719
6116	Py51	H16	A	B	0.4402743279933929
6117	Py51	P2PCRpos	A	B	0.3953700065612793
6118	Py51	Han02	A	B	0.404182642698288
6119	Py51	Han04	A	B	0.4023443162441254
6120	Py51	Han06	A	B	0.4243010580539703
6121	Py51	Han08	A	B	0.3964868187904358
6122	Py51	Han10	A	B	0.4202910959720612
6123	Py51	Han12	A	B	0.4095211923122406
6124	Py51	Han14	A	B	0.3867244124412537
6125	Py51	Han16	A	B	0.4115941524505615
6126	Py51	Han18	A	B	0.415720671415329
6127	Py51	Han20	A	B	0.4105022251605988
6128	Py51	Han22	A	B	0.3731752634048462
6129	Py51	Han26	A	B	0.4137358665466309
6130	Py51	Han28	A	B	0.3963086605072021
6131	Py51	Han30	A	B	0.40447136759758
6132	Py51	Han32	A	B	0.3972374498844147
6133	Py51	Han34	A	B	0.403974860906601
6134	Py51	Han36	A	B	0.3987796902656555
6135	Py51	Han38	A	B	0.4383149445056915
6136	Py51	Han40	A	B	0.3813884854316711
6137	Py51	Han42	A	B	0.3936077952384949
6138	Py51	Han44	A	B	0.4041650891304016
6139	Py51	Han46	A	B	0.414413720369339
6140	Py51	Han48	A	B	0.3785843551158905
6141	Py51	P3PCRpos	A	B	0.3963392972946167
6142	Py55	Py2	A	B	0.1184533163905144
6143	Py55	Py4	A	B	0.1113565191626549
6144	Py55	Py6	A	B	0.1133882328867912
6145	Py55	Py8	A	B	0.08675415813922882
6146	Py55	Py10	A	B	0.07271457463502884
6147	Py55	Py12	A	B	0.1050594672560692
6148	Py55	Py14	A	B	0.08125533908605576
6149	Py55	Py16	A	B	0.09482528269290924
6150	Py55	Py18	A	B	0.09153182804584503
6151	Py55	Py20	A	B	0.1099190935492516
6152	Py55	Py22	A	B	0.09007474780082703
6153	Py55	Py24	A	B	0.1243322640657425
6154	Py55	Py26	A	B	0.1231150776147842
6155	Py55	Py28	A	B	0.1078191474080086
6156	Py55	Py30	A	B	0.117562472820282
6157	Py55	Py32	A	B	0.1213070079684258
6158	Py55	Py34	A	B	0.1277371048927307
6159	Py55	Py36	A	B	0.1268855035305023
6160	Py55	Py38	A	B	0.1953655481338501
6161	Py55	Py40	A	B	0.1240350902080536
6162	Py55	Py42	A	B	0.1466573476791382
6163	Py55	Py44	A	B	0.07557971775531769
6164	Py55	Py46	A	B	0.0709981843829155
6165	Py55	Py48	A	B	0.06450720876455307
6166	Py55	Py52	A	B	0.1814440935850143
6167	Py55	Py54	A	B	0.03476576134562492
6168	Py55	Py56	A	B	0.01858686283230782
6169	Py55	Py58	A	B	0.01960006728768349
6170	Py55	Py62	A	B	0.1323584616184235
6171	Py55	Py64	A	B	0.1502325683832169
6172	Py55	Py66	A	B	0.1549772471189499
6173	Py55	Py68	A	B	0.1391839236021042
6174	Py55	Py70	A	B	0.1554067432880402
6175	Py55	Py72	A	B	0.1630137264728546
6176	Py55	Py79	A	B	0.3552969098091125
6177	Py55	Py81	A	B	0.3583546280860901
6178	Py55	Py83	A	B	0.3944670259952545
6179	Py55	Py85	A	B	0.3880722522735596
6180	Py55	Py87	A	B	0.3862780928611755
6181	Py55	P1extneg	A	B	0.3674343228340149
6182	Py55	P1NTC2	A	B	0.475093811750412
6183	Py55	P1PCRpos	A	B	0.390804648399353
6184	Py55	HR02	A	B	0.3666388988494873
6185	Py55	HR06	A	B	0.3812606334686279
6186	Py55	HR08	A	B	0.4308319389820099
6187	Py55	HR10	A	B	0.3909924328327179
6188	Py55	HR12	A	B	0.4441792368888855
6189	Py55	HR18	A	B	0.382423609495163
6190	Py55	HR20	A	B	0.3680784106254578
6191	Py55	HR22	A	B	0.3827511966228485
6192	Py55	HR24	A	B	0.3937611877918243
6193	Py55	HR30	A	B	0.4729419052600861
6194	Py55	HR36	A	B	0.3984881937503815
6195	Py55	HR38	A	B	0.4761757850646973
6196	Py55	HR42	A	B	0.4467634856700897
6197	Py55	HR57	A	B	0.4066376388072968
6198	Py55	HR59	A	B	0.436445951461792
6199	Py55	HR61	A	B	0.4863118529319763
6200	Py55	HR67	A	B	0.5230931043624878
6201	Py55	HR71	A	B	0.7503526210784912
6202	Py55	H1	A	B	0.4819822609424591
6203	Py55	H8	A	B	0.3769116997718811
6204	Py55	H12	A	B	0.4748009443283081
6205	Py55	H16	A	B	0.4775590896606445
6206	Py55	P2PCRpos	A	B	0.3802314400672913
6207	Py55	Han02	A	B	0.4864987432956696
6208	Py55	Han04	A	B	0.4827324151992798
6209	Py55	Han06	A	B	0.4921666979789734
6210	Py55	Han08	A	B	0.4865675568580627
6211	Py55	Han10	A	B	0.4860183894634247
6212	Py55	Han12	A	B	0.4904877841472626
6213	Py55	Han14	A	B	0.4617904424667358
6214	Py55	Han16	A	B	0.4840455651283264
6215	Py55	Han18	A	B	0.4855808913707733
6216	Py55	Han20	A	B	0.4761391282081604
6217	Py55	Han22	A	B	0.4304622113704681
6218	Py55	Han26	A	B	0.4613640308380127
6219	Py55	Han28	A	B	0.4632861316204071
6220	Py55	Han30	A	B	0.4811809360980988
6221	Py55	Han32	A	B	0.4309660196304321
6222	Py55	Han34	A	B	0.4783065915107727
6223	Py55	Han36	A	B	0.4801872968673706
6224	Py55	Han38	A	B	0.488771378993988
6225	Py55	Han40	A	B	0.4766078889369965
6226	Py55	Han42	A	B	0.4790031015872955
6227	Py55	Han44	A	B	0.4822963178157806
6228	Py55	Han46	A	B	0.4880428910255432
6229	Py55	Han48	A	B	0.4735341370105743
6230	Py55	P3PCRpos	A	B	0.3814065456390381
6231	Py57	Py2	A	B	0.1219479441642761
6232	Py57	Py4	A	B	0.1169987320899963
6233	Py57	Py6	A	B	0.1243005245923996
6234	Py57	Py8	A	B	0.09583406895399094
6235	Py57	Py10	A	B	0.0862669125199318
6236	Py57	Py12	A	B	0.1079568564891815
6237	Py57	Py14	A	B	0.09360891580581665
6238	Py57	Py16	A	B	0.1018116474151611
6239	Py57	Py18	A	B	0.1067939475178719
6240	Py57	Py20	A	B	0.1154748797416687
6241	Py57	Py22	A	B	0.09765090048313141
6242	Py57	Py24	A	B	0.12122942507267
6243	Py57	Py26	A	B	0.1316614300012589
6244	Py57	Py28	A	B	0.1172387450933456
6245	Py57	Py30	A	B	0.1270985454320908
6246	Py57	Py32	A	B	0.1307907551527023
6247	Py57	Py34	A	B	0.1371861696243286
6248	Py57	Py36	A	B	0.1368211507797241
6249	Py57	Py38	A	B	0.1932450830936432
6250	Py57	Py40	A	B	0.1276639848947525
6251	Py57	Py42	A	B	0.150423988699913
6252	Py57	Py44	A	B	0.08160436153411865
6253	Py57	Py46	A	B	0.07715516537427902
6254	Py57	Py48	A	B	0.0706421509385109
6255	Py57	Py52	A	B	0.1833062469959259
6256	Py57	Py54	A	B	0.03917515277862549
6257	Py57	Py56	A	B	0.01206525973975658
6258	Py57	Py58	A	B	0.01991276815533638
6259	Py57	Py62	A	B	0.1294857710599899
6260	Py57	Py64	A	B	0.1526369005441666
6261	Py57	Py66	A	B	0.1572442948818207
6262	Py57	Py68	A	B	0.1408345699310303
6263	Py57	Py70	A	B	0.1578882336616516
6264	Py57	Py72	A	B	0.165557473897934
6265	Py57	Py79	A	B	0.356756865978241
6266	Py57	Py81	A	B	0.3603556454181671
6267	Py57	Py83	A	B	0.3968290686607361
6268	Py57	Py85	A	B	0.390373557806015
6269	Py57	Py87	A	B	0.3896453976631165
6270	Py57	P1extneg	A	B	0.3642506301403046
6271	Py57	P1NTC2	A	B	0.4666559994220734
6272	Py57	P1PCRpos	A	B	0.383708119392395
6273	Py57	HR02	A	B	0.3639665842056274
6274	Py57	HR06	A	B	0.3785023093223572
6275	Py57	HR08	A	B	0.4316670000553131
6276	Py57	HR10	A	B	0.3906053602695465
6277	Py57	HR12	A	B	0.4411230087280273
6278	Py57	HR18	A	B	0.3794703781604767
6279	Py57	HR20	A	B	0.3653345108032227
6280	Py57	HR22	A	B	0.3753171563148499
6281	Py57	HR24	A	B	0.3955343961715698
6282	Py57	HR30	A	B	0.4748253226280212
6283	Py57	HR36	A	B	0.401316225528717
6284	Py57	HR38	A	B	0.4786496162414551
6285	Py57	HR42	A	B	0.4500275254249573
6286	Py57	HR57	A	B	0.4043323397636414
6287	Py57	HR59	A	B	0.4383803606033325
6288	Py57	HR61	A	B	0.4925411641597748
6289	Py57	HR67	A	B	0.5244556665420532
6290	Py57	HR71	A	B	0.7521886229515076
6291	Py57	H1	A	B	0.4789160192012787
6292	Py57	H8	A	B	0.3728419244289398
6293	Py57	H12	A	B	0.4758660793304443
6294	Py57	H16	A	B	0.4748175740242004
6295	Py57	P2PCRpos	A	B	0.373065710067749
6296	Py57	Han02	A	B	0.4827677607536316
6297	Py57	Han04	A	B	0.4748835861682892
6298	Py57	Han06	A	B	0.4888628125190735
6299	Py57	Han08	A	B	0.4823161661624908
6300	Py57	Han10	A	B	0.4822112023830414
6301	Py57	Han12	A	B	0.4833630323410034
6302	Py57	Han14	A	B	0.4586554765701294
6303	Py57	Han16	A	B	0.4807189106941223
6304	Py57	Han18	A	B	0.4823203384876251
6305	Py57	Han20	A	B	0.4730920493602753
6306	Py57	Han22	A	B	0.4214316308498383
6307	Py57	Han26	A	B	0.4642992615699768
6308	Py57	Han28	A	B	0.4601879417896271
6309	Py57	Han30	A	B	0.4774841070175171
6310	Py57	Han32	A	B	0.4263652563095093
6311	Py57	Han34	A	B	0.4743262827396393
6312	Py57	Han36	A	B	0.4762607216835022
6313	Py57	Han38	A	B	0.4909316897392273
6314	Py57	Han40	A	B	0.4726372361183167
6315	Py57	Han42	A	B	0.4752862453460693
6316	Py57	Han44	A	B	0.4784734845161438
6317	Py57	Han46	A	B	0.4848030507564545
6318	Py57	Han48	A	B	0.469941258430481
6319	Py57	P3PCRpos	A	B	0.3743100166320801
6320	Py59	Py2	A	B	0.1708808839321136
6321	Py59	Py4	A	B	0.1680140644311905
6322	Py59	Py6	A	B	0.1715965569019318
6323	Py59	Py8	A	B	0.1530876755714417
6324	Py59	Py10	A	B	0.152180477976799
6325	Py59	Py12	A	B	0.1621535420417786
6326	Py59	Py14	A	B	0.1339331120252609
6327	Py59	Py16	A	B	0.1585178375244141
6328	Py59	Py18	A	B	0.1520897448062897
6329	Py59	Py20	A	B	0.1560862958431244
6330	Py59	Py22	A	B	0.1445709615945816
6331	Py59	Py24	A	B	0.1526240110397339
6332	Py59	Py26	A	B	0.1848943382501602
6333	Py59	Py28	A	B	0.1705693453550339
6334	Py59	Py30	A	B	0.1803679168224335
6335	Py59	Py32	A	B	0.1841649264097214
6336	Py59	Py34	A	B	0.1904067099094391
6337	Py59	Py36	A	B	0.189504474401474
6338	Py59	Py38	A	B	0.213518813252449
6339	Py59	Py40	A	B	0.1492125391960144
6340	Py59	Py42	A	B	0.1682287901639938
6341	Py59	Py44	A	B	0.1064524948596954
6342	Py59	Py46	A	B	0.1087929233908653
6343	Py59	Py48	A	B	0.0896742045879364
6344	Py59	Py52	A	B	0.2016531676054001
6345	Py59	Py54	A	B	0.0994056835770607
6346	Py59	Py56	A	B	0.08370839059352875
6347	Py59	Py58	A	B	0.07826904952526093
6348	Py59	Py62	A	B	0.1504906862974167
6349	Py59	Py64	A	B	0.1692215949296951
6350	Py59	Py66	A	B	0.1751270592212677
6351	Py59	Py68	A	B	0.1613887250423431
6352	Py59	Py70	A	B	0.1846811771392822
6353	Py59	Py72	A	B	0.1821931451559067
6354	Py59	Py79	A	B	0.3559866845607758
6355	Py59	Py81	A	B	0.3414247632026672
6356	Py59	Py83	A	B	0.3900517821311951
6357	Py59	Py85	A	B	0.3902360200881958
6358	Py59	Py87	A	B	0.3731499016284943
6359	Py59	P1extneg	A	B	0.3418130278587341
6360	Py59	P1NTC2	A	B	0.4605847001075745
6361	Py59	P1PCRpos	A	B	0.4009546637535095
6362	Py59	HR02	A	B	0.3948485255241394
6363	Py59	HR06	A	B	0.4096809327602386
6364	Py59	HR08	A	B	0.4673771858215332
6365	Py59	HR10	A	B	0.4253226518630981
6366	Py59	HR12	A	B	0.4725491106510162
6367	Py59	HR18	A	B	0.4059172570705414
6368	Py59	HR20	A	B	0.3989275991916656
6369	Py59	HR22	A	B	0.3827427923679352
6370	Py59	HR24	A	B	0.4299015998840332
6371	Py59	HR30	A	B	0.4986985325813293
6372	Py59	HR36	A	B	0.4224092662334442
6373	Py59	HR38	A	B	0.4997338354587555
6374	Py59	HR42	A	B	0.4701042771339417
6375	Py59	HR57	A	B	0.4068424701690674
6376	Py59	HR59	A	B	0.4594929814338684
6377	Py59	HR61	A	B	0.5134735107421875
6378	Py59	HR67	A	B	0.5405446887016296
6379	Py59	HR71	A	B	0.773531973361969
6380	Py59	H1	A	B	0.4898472726345062
6381	Py59	H8	A	B	0.3949263393878937
6382	Py59	H12	A	B	0.4974003732204437
6383	Py59	H16	A	B	0.4991381764411926
6384	Py59	P2PCRpos	A	B	0.390395849943161
6385	Py59	Han02	A	B	0.4755151271820068
6386	Py59	Han04	A	B	0.4667216241359711
6387	Py59	Han06	A	B	0.4929814338684082
6388	Py59	Han08	A	B	0.4753488302230835
6389	Py59	Han10	A	B	0.4958215653896332
6390	Py59	Han12	A	B	0.473802238702774
6391	Py59	Han14	A	B	0.4552648663520813
6392	Py59	Han16	A	B	0.4792576134204865
6393	Py59	Han18	A	B	0.4846974015235901
6394	Py59	Han20	A	B	0.4822087585926056
6395	Py59	Han22	A	B	0.4278915822505951
6396	Py59	Han26	A	B	0.4922209680080414
6397	Py59	Han28	A	B	0.4793194532394409
6398	Py59	Han30	A	B	0.4886545538902283
6399	Py59	Han32	A	B	0.4496921300888062
6400	Py59	Han34	A	B	0.488558441400528
6401	Py59	Han36	A	B	0.4829486608505249
6402	Py59	Han38	A	B	0.5193797945976257
6403	Py59	Han40	A	B	0.4645118415355682
6404	Py59	Han42	A	B	0.4765776395797729
6405	Py59	Han44	A	B	0.4891301393508911
6406	Py59	Han46	A	B	0.4819444715976715
6407	Py59	Han48	A	B	0.461802065372467
6408	Py59	P3PCRpos	A	B	0.3914425373077393
6409	Py61	Py2	A	B	0.2106083780527115
6410	Py61	Py4	A	B	0.2074111998081207
6411	Py61	Py6	A	B	0.2266718149185181
6412	Py61	Py8	A	B	0.2081568837165833
6413	Py61	Py10	A	B	0.2151069045066833
6414	Py61	Py12	A	B	0.2007950693368912
6415	Py61	Py14	A	B	0.2057970017194748
6416	Py61	Py16	A	B	0.2058851271867752
6417	Py61	Py18	A	B	0.2238545268774033
6418	Py61	Py20	A	B	0.2279501259326935
6419	Py61	Py22	A	B	0.2144279032945633
6420	Py61	Py24	A	B	0.2250498235225677
6421	Py61	Py26	A	B	0.2223118245601654
6422	Py61	Py28	A	B	0.210114449262619
6423	Py61	Py30	A	B	0.2176949083805084
6424	Py61	Py32	A	B	0.2214294075965881
6425	Py61	Py34	A	B	0.2278392910957336
6426	Py61	Py36	A	B	0.2269418835639954
6427	Py61	Py38	A	B	0.2290428578853607
6428	Py61	Py40	A	B	0.1765775233507156
6429	Py61	Py42	A	B	0.1835313886404037
6430	Py61	Py44	A	B	0.1543377637863159
6431	Py61	Py46	A	B	0.1585605889558792
6432	Py61	Py48	A	B	0.1364374756813049
6433	Py61	Py52	A	B	0.2267642021179199
6434	Py61	Py54	A	B	0.1573930829763412
6435	Py61	Py56	A	B	0.1500544846057892
6436	Py61	Py58	A	B	0.1481856256723404
6437	Py61	Py62	A	B	0.1817176938056946
6438	Py61	Py64	A	B	0.1940328478813171
6439	Py61	Py66	A	B	0.1993514895439148
6440	Py61	Py68	A	B	0.1938612312078476
6441	Py61	Py70	A	B	0.2207150161266327
6442	Py61	Py72	A	B	0.2072038352489471
6443	Py61	Py79	A	B	0.3743137419223785
6444	Py61	Py81	A	B	0.3588058948516846
6445	Py61	Py83	A	B	0.408865749835968
6446	Py61	Py85	A	B	0.4092052578926086
6447	Py61	Py87	A	B	0.3598084151744843
6448	Py61	P1extneg	A	B	0.3222092688083649
6449	Py61	P1NTC2	A	B	0.4215053915977478
6450	Py61	P1PCRpos	A	B	0.4279012084007263
6451	Py61	HR02	A	B	0.4180141091346741
6452	Py61	HR06	A	B	0.4309253990650177
6453	Py61	HR08	A	B	0.487735241651535
6454	Py61	HR10	A	B	0.4477666318416595
6455	Py61	HR12	A	B	0.4964490830898285
6456	Py61	HR18	A	B	0.4296627640724182
6457	Py61	HR20	A	B	0.4184329211711884
6458	Py61	HR22	A	B	0.3895338773727417
6459	Py61	HR24	A	B	0.4511910974979401
6460	Py61	HR30	A	B	0.519594669342041
6461	Py61	HR36	A	B	0.4465027153491974
6462	Py61	HR38	A	B	0.5240821838378906
6463	Py61	HR42	A	B	0.4936080574989319
6464	Py61	HR57	A	B	0.4127127528190613
6465	Py61	HR59	A	B	0.4851576387882233
6466	Py61	HR61	A	B	0.5398274064064026
6467	Py61	HR67	A	B	0.5632815957069397
6468	Py61	HR71	A	B	0.7982374429702759
6469	Py61	H1	A	B	0.5159436464309692
6470	Py61	H8	A	B	0.4156004786491394
6471	Py61	H12	A	B	0.5222957730293274
6472	Py61	H16	A	B	0.5221043229103088
6473	Py61	P2PCRpos	A	B	0.4174665212631226
6474	Py61	Han02	A	B	0.4762623310089111
6475	Py61	Han04	A	B	0.4005572199821472
6476	Py61	Han06	A	B	0.5150163173675537
6477	Py61	Han08	A	B	0.4744415283203125
6478	Py61	Han10	A	B	0.5175139904022217
6479	Py61	Han12	A	B	0.4046739339828491
6480	Py61	Han14	A	B	0.4761278331279755
6481	Py61	Han16	A	B	0.500477135181427
6482	Py61	Han18	A	B	0.506201446056366
6483	Py61	Han20	A	B	0.5038770437240601
6484	Py61	Han22	A	B	0.4510180950164795
6485	Py61	Han26	A	B	0.5147673487663269
6486	Py61	Han28	A	B	0.5013085007667542
6487	Py61	Han30	A	B	0.5102751851081848
6488	Py61	Han32	A	B	0.4729695320129395
6489	Py61	Han34	A	B	0.510138750076294
6490	Py61	Han36	A	B	0.5040700435638428
6491	Py61	Han38	A	B	0.5438299775123596
6492	Py61	Han40	A	B	0.4781718552112579
6493	Py61	Han42	A	B	0.4969000220298767
6494	Py61	Han44	A	B	0.510932445526123
6495	Py61	Han46	A	B	0.5051007270812988
6496	Py61	Han48	A	B	0.4735227525234222
6497	Py61	P3PCRpos	A	B	0.4185031056404114
6498	Py63	Py2	A	B	0.1154171377420425
6499	Py63	Py4	A	B	0.1139269545674324
6500	Py63	Py6	A	B	0.175543025135994
6501	Py63	Py8	A	B	0.1362696290016174
6502	Py63	Py10	A	B	0.1570487767457962
6503	Py63	Py12	A	B	0.0973585769534111
6504	Py63	Py14	A	B	0.192767009139061
6505	Py63	Py16	A	B	0.1255263090133667
6506	Py63	Py18	A	B	0.2002218216657639
6507	Py63	Py20	A	B	0.2209854274988174
6508	Py63	Py22	A	B	0.1985476315021515
6509	Py63	Py24	A	B	0.2306142300367355
6510	Py63	Py26	A	B	0.1089480519294739
6511	Py63	Py28	A	B	0.1165298148989677
6512	Py63	Py30	A	B	0.1090867444872856
6513	Py63	Py32	A	B	0.1004067584872246
6514	Py63	Py34	A	B	0.108782485127449
6515	Py63	Py36	A	B	0.1070711761713028
6516	Py63	Py38	A	B	0.07125001400709152
6517	Py63	Py40	A	B	0.07585640251636505
6518	Py63	Py42	A	B	0.0656386986374855
6519	Py63	Py44	A	B	0.1235006004571915
6520	Py63	Py46	A	B	0.1207835674285889
6521	Py63	Py48	A	B	0.1550638973712921
6522	Py63	Py52	A	B	0.05909183621406555
6523	Py63	Py54	A	B	0.1230451390147209
6524	Py63	Py56	A	B	0.1538503170013428
6525	Py63	Py58	A	B	0.1575956046581268
6526	Py63	Py62	A	B	0.04266754910349846
6527	Py63	Py64	A	B	0.01847152039408684
6528	Py63	Py66	A	B	0.01122096553444862
6529	Py63	Py68	A	B	0.05040059983730316
6530	Py63	Py70	A	B	0.03518880903720856
6531	Py63	Py72	A	B	0.02633729577064514
6532	Py63	Py79	A	B	0.3280520737171173
6533	Py63	Py81	A	B	0.3186805546283722
6534	Py63	Py83	A	B	0.3446364402770996
6535	Py63	Py85	A	B	0.3430861830711365
6536	Py63	Py87	A	B	0.3071190118789673
6537	Py63	P1extneg	A	B	0.3168672323226929
6538	Py63	P1NTC2	A	B	0.4584521353244781
6539	Py63	P1PCRpos	A	B	0.3795181214809418
6540	Py63	HR02	A	B	0.3432777523994446
6541	Py63	HR06	A	B	0.3433080911636353
6542	Py63	HR08	A	B	0.3938661813735962
6543	Py63	HR10	A	B	0.3666569888591766
6544	Py63	HR12	A	B	0.4167939126491547
6545	Py63	HR18	A	B	0.3515396118164062
6546	Py63	HR20	A	B	0.3334281742572784
6547	Py63	HR22	A	B	0.3148787617683411
6548	Py63	HR24	A	B	0.3711782991886139
6549	Py63	HR30	A	B	0.4538414478302002
6550	Py63	HR36	A	B	0.3815510272979736
6551	Py63	HR38	A	B	0.4586933553218842
6552	Py63	HR42	A	B	0.4300326704978943
6553	Py63	HR57	A	B	0.3648665547370911
6554	Py63	HR59	A	B	0.4189481437206268
6555	Py63	HR61	A	B	0.4682874083518982
6556	Py63	HR67	A	B	0.4990154206752777
6557	Py63	HR71	A	B	0.7349250316619873
6558	Py63	H1	A	B	0.4512241184711456
6559	Py63	H8	A	B	0.3386682868003845
6560	Py63	H12	A	B	0.4554878175258636
6561	Py63	H16	A	B	0.4550923407077789
6562	Py63	P2PCRpos	A	B	0.3737280666828156
6563	Py63	Han02	A	B	0.4066259860992432
6564	Py63	Han04	A	B	0.3947506248950958
6565	Py63	Han06	A	B	0.4376493096351624
6566	Py63	Han08	A	B	0.3981394469738007
6567	Py63	Han10	A	B	0.4341349899768829
6568	Py63	Han12	A	B	0.4041211307048798
6569	Py63	Han14	A	B	0.3998589515686035
6570	Py63	Han16	A	B	0.4250163733959198
6571	Py63	Han18	A	B	0.4294673800468445
6572	Py63	Han20	A	B	0.4242778718471527
6573	Py63	Han22	A	B	0.3747223317623138
6574	Py63	Han26	A	B	0.4252735376358032
6575	Py63	Han28	A	B	0.4091212451457977
6576	Py63	Han30	A	B	0.4178226590156555
6577	Py63	Han32	A	B	0.3998713195323944
6578	Py63	Han34	A	B	0.4188834130764008
6579	Py63	Han36	A	B	0.4139564633369446
6580	Py63	Han38	A	B	0.45084547996521
6581	Py63	Han40	A	B	0.3938688933849335
6582	Py63	Han42	A	B	0.4071336388587952
6583	Py63	Han44	A	B	0.4191801249980927
6584	Py63	Han46	A	B	0.428520679473877
6585	Py63	Han48	A	B	0.3903672993183136
6586	Py63	P3PCRpos	A	B	0.3746974468231201
6587	Py65	Py2	A	B	0.1131597235798836
6588	Py65	Py4	A	B	0.1100426092743874
6589	Py65	Py6	A	B	0.1766235828399658
6590	Py65	Py8	A	B	0.1335703134536743
6591	Py65	Py10	A	B	0.1553240567445755
6592	Py65	Py12	A	B	0.09490896016359329
6593	Py65	Py14	A	B	0.1918683797121048
6594	Py65	Py16	A	B	0.1243036463856697
6595	Py65	Py18	A	B	0.1998259127140045
6596	Py65	Py20	A	B	0.2212233990430832
6597	Py65	Py22	A	B	0.1991767883300781
6598	Py65	Py24	A	B	0.2314354628324509
6599	Py65	Py26	A	B	0.1064983233809471
6600	Py65	Py28	A	B	0.1145003437995911
6601	Py65	Py30	A	B	0.1072766035795212
6602	Py65	Py32	A	B	0.09832854568958282
6603	Py65	Py34	A	B	0.1067829877138138
6604	Py65	Py36	A	B	0.1045945212244987
6605	Py65	Py38	A	B	0.07360360771417618
6606	Py65	Py40	A	B	0.07416654378175735
6607	Py65	Py42	A	B	0.07524804025888443
6608	Py65	Py44	A	B	0.1207376420497894
6609	Py65	Py46	A	B	0.1183760911226273
6610	Py65	Py48	A	B	0.1547725796699524
6611	Py65	Py52	A	B	0.05060342326760292
6612	Py65	Py54	A	B	0.1205572634935379
6613	Py65	Py56	A	B	0.1520189344882965
6614	Py65	Py58	A	B	0.1557661890983582
6615	Py65	Py62	A	B	0.0415385402739048
6616	Py65	Py64	A	B	0.02908832207322121
6617	Py65	Py66	A	B	0.01711316034197807
6618	Py65	Py68	A	B	0.04887814819812775
6619	Py65	Py70	A	B	0.02796972915530205
6620	Py65	Py72	A	B	0.02959287911653519
6621	Py65	Py79	A	B	0.3288849294185638
6622	Py65	Py81	A	B	0.3210068941116333
6623	Py65	Py83	A	B	0.3423055410385132
6624	Py65	Py85	A	B	0.341546356678009
6625	Py65	Py87	A	B	0.3160043060779572
6626	Py65	P1extneg	A	B	0.3252092301845551
6627	Py65	P1NTC2	A	B	0.465428501367569
6628	Py65	P1PCRpos	A	B	0.3750324249267578
6629	Py65	HR02	A	B	0.3367730677127838
6630	Py65	HR06	A	B	0.3369867503643036
6631	Py65	HR08	A	B	0.3868508040904999
6632	Py65	HR10	A	B	0.3606001138687134
6633	Py65	HR12	A	B	0.4106899797916412
6634	Py65	HR18	A	B	0.3451824188232422
6635	Py65	HR20	A	B	0.3271989524364471
6636	Py65	HR22	A	B	0.3135067820549011
6637	Py65	HR24	A	B	0.3652394413948059
6638	Py65	HR30	A	B	0.4477972686290741
6639	Py65	HR36	A	B	0.3759726881980896
6640	Py65	HR38	A	B	0.4527890384197235
6641	Py65	HR42	A	B	0.4248078167438507
6642	Py65	HR57	A	B	0.3637549579143524
6643	Py65	HR59	A	B	0.4130443632602692
6644	Py65	HR61	A	B	0.4613703787326813
6645	Py65	HR67	A	B	0.4940605759620667
6646	Py65	HR71	A	B	0.7294941544532776
6647	Py65	H1	A	B	0.4463629722595215
6648	Py65	H8	A	B	0.334174245595932
6649	Py65	H12	A	B	0.4493960738182068
6650	Py65	H16	A	B	0.4486013352870941
6651	Py65	P2PCRpos	A	B	0.3710557222366333
6652	Py65	Han02	A	B	0.4146547913551331
6653	Py65	Han04	A	B	0.4027836620807648
6654	Py65	Han06	A	B	0.4353504478931427
6655	Py65	Han08	A	B	0.4044740498065948
6656	Py65	Han10	A	B	0.4314591884613037
6657	Py65	Han12	A	B	0.4119559824466705
6658	Py65	Han14	A	B	0.3976023197174072
6659	Py65	Han16	A	B	0.4228991568088531
6660	Py65	Han18	A	B	0.4266946613788605
6661	Py65	Han20	A	B	0.4218025207519531
6662	Py65	Han22	A	B	0.3730669319629669
6663	Py65	Han26	A	B	0.4198083281517029
6664	Py65	Han28	A	B	0.4061397910118103
6665	Py65	Han30	A	B	0.414880096912384
6666	Py65	Han32	A	B	0.3976769745349884
6667	Py65	Han34	A	B	0.4148473739624023
6668	Py65	Han36	A	B	0.4101823568344116
6669	Py65	Han38	A	B	0.4452203214168549
6670	Py65	Han40	A	B	0.3926293253898621
6671	Py65	Han42	A	B	0.4053508937358856
6672	Py65	Han44	A	B	0.4154609143733978
6673	Py65	Han46	A	B	0.4258455336093903
6674	Py65	Han48	A	B	0.3894630968570709
6675	Py65	P3PCRpos	A	B	0.3720251023769379
6676	Py67	Py2	A	B	0.09002366662025452
6677	Py67	Py4	A	B	0.08411906659603119
6678	Py67	Py6	A	B	0.1494135409593582
6679	Py67	Py8	A	B	0.1088649556040764
6680	Py67	Py10	A	B	0.1299478113651276
6681	Py67	Py12	A	B	0.090815469622612
6682	Py67	Py14	A	B	0.1709794998168945
6683	Py67	Py16	A	B	0.1046320274472237
6684	Py67	Py18	A	B	0.1834759265184402
6685	Py67	Py20	A	B	0.2050480246543884
6686	Py67	Py22	A	B	0.182704895734787
6687	Py67	Py24	A	B	0.2117156684398651
6688	Py67	Py26	A	B	0.08223302662372589
6689	Py67	Py28	A	B	0.08829545974731445
6690	Py67	Py30	A	B	0.08402545750141144
6691	Py67	Py32	A	B	0.07567789405584335
6692	Py67	Py34	A	B	0.08178100734949112
6693	Py67	Py36	A	B	0.08107249438762665
6694	Py67	Py38	A	B	0.08135005831718445
6695	Py67	Py40	A	B	0.06151024624705315
6696	Py67	Py42	A	B	0.06354574859142303
6697	Py67	Py44	A	B	0.1061179116368294
6698	Py67	Py46	A	B	0.103889673948288
6699	Py67	Py48	A	B	0.1449041664600372
6700	Py67	Py52	A	B	0.0785839632153511
6701	Py67	Py54	A	B	0.1109268888831139
6702	Py67	Py56	A	B	0.1437040865421295
6703	Py67	Py58	A	B	0.147230863571167
6704	Py67	Py62	A	B	0.03195725381374359
6705	Py67	Py64	A	B	0.02804483287036419
6706	Py67	Py66	A	B	0.03930670022964478
6707	Py67	Py68	A	B	0.02960597164928913
6708	Py67	Py70	A	B	0.02267782390117645
6709	Py67	Py72	A	B	0.0314420759677887
6710	Py67	Py79	A	B	0.3161291480064392
6711	Py67	Py81	A	B	0.3138009309768677
6712	Py67	Py83	A	B	0.344120591878891
6713	Py67	Py85	A	B	0.3415520787239075
6714	Py67	Py87	A	B	0.3258622586727142
6715	Py67	P1extneg	A	B	0.3291163742542267
6716	Py67	P1NTC2	A	B	0.4643924832344055
6717	Py67	P1PCRpos	A	B	0.3801122903823853
6718	Py67	HR02	A	B	0.3400137424468994
6719	Py67	HR06	A	B	0.3416626453399658
6720	Py67	HR08	A	B	0.3940233588218689
6721	Py67	HR10	A	B	0.364103227853775
6722	Py67	HR12	A	B	0.4142303466796875
6723	Py67	HR18	A	B	0.3490371108055115
6724	Py67	HR20	A	B	0.3301703929901123
6725	Py67	HR22	A	B	0.3234181702136993
6726	Py67	HR24	A	B	0.3683642148971558
6727	Py67	HR30	A	B	0.4508253335952759
6728	Py67	HR36	A	B	0.379131942987442
6729	Py67	HR38	A	B	0.4560064375400543
6730	Py67	HR42	A	B	0.426887035369873
6731	Py67	HR57	A	B	0.3706201612949371
6732	Py67	HR59	A	B	0.4163590371608734
6733	Py67	HR61	A	B	0.4633269309997559
6734	Py67	HR67	A	B	0.4992595314979553
6735	Py67	HR71	A	B	0.7328160405158997
6736	Py67	H1	A	B	0.450074702501297
6737	Py67	H8	A	B	0.3413043320178986
6738	Py67	H12	A	B	0.4526935219764709
6739	Py67	H16	A	B	0.4520137906074524
6740	Py67	P2PCRpos	A	B	0.3721879124641418
6741	Py67	Han02	A	B	0.4205990433692932
6742	Py67	Han04	A	B	0.4132822751998901
6743	Py67	Han06	A	B	0.4350056350231171
6744	Py67	Han08	A	B	0.413888156414032
6745	Py67	Han10	A	B	0.4288665652275085
6746	Py67	Han12	A	B	0.4206046462059021
6747	Py67	Han14	A	B	0.3977149128913879
6748	Py67	Han16	A	B	0.4236970841884613
6749	Py67	Han18	A	B	0.4265292882919312
6750	Py67	Han20	A	B	0.4195964336395264
6751	Py67	Han22	A	B	0.3713220953941345
6752	Py67	Han26	A	B	0.4200473427772522
6753	Py67	Han28	A	B	0.4050566256046295
6754	Py67	Han30	A	B	0.4139414131641388
6755	Py67	Han32	A	B	0.3935745358467102
6756	Py67	Han34	A	B	0.4146727025508881
6757	Py67	Han36	A	B	0.411188542842865
6758	Py67	Han38	A	B	0.4440268278121948
6759	Py67	Han40	A	B	0.4007312059402466
6760	Py67	Han42	A	B	0.4066691994667053
6761	Py67	Han44	A	B	0.4161228537559509
6762	Py67	Han46	A	B	0.4265091419219971
6763	Py67	Han48	A	B	0.3979076743125916
6764	Py67	P3PCRpos	A	B	0.3733336329460144
6765	Py69	Py2	A	B	0.09634826332330704
6766	Py69	Py4	A	B	0.08882391452789307
6767	Py69	Py6	A	B	0.1545388400554657
6768	Py69	Py8	A	B	0.1110397353768349
6769	Py69	Py10	A	B	0.1342456936836243
6770	Py69	Py12	A	B	0.1034357249736786
6771	Py69	Py14	A	B	0.1681998670101166
6772	Py69	Py16	A	B	0.109178438782692
6773	Py69	Py18	A	B	0.1845653057098389
6774	Py69	Py20	A	B	0.1949156522750854
6775	Py69	Py22	A	B	0.1748669743537903
6776	Py69	Py24	A	B	0.2024964392185211
6777	Py69	Py26	A	B	0.0919259786605835
6778	Py69	Py28	A	B	0.09036744385957718
6779	Py69	Py30	A	B	0.09421300143003464
6780	Py69	Py32	A	B	0.08925680816173553
6781	Py69	Py34	A	B	0.09580403566360474
6782	Py69	Py36	A	B	0.09502886235713959
6783	Py69	Py38	A	B	0.08489039540290833
6784	Py69	Py40	A	B	0.07305126637220383
6785	Py69	Py42	A	B	0.06170371919870377
6786	Py69	Py44	A	B	0.1077969744801521
6787	Py69	Py46	A	B	0.1058525815606117
6788	Py69	Py48	A	B	0.1442055106163025
6789	Py69	Py52	A	B	0.08927395939826965
6790	Py69	Py54	A	B	0.1099139079451561
6791	Py69	Py56	A	B	0.1350983679294586
6792	Py69	Py58	A	B	0.1389741152524948
6793	Py69	Py62	A	B	0.0138916103169322
6794	Py69	Py64	A	B	0.03407730162143707
6795	Py69	Py66	A	B	0.04585441946983337
6796	Py69	Py68	A	B	0.02079745195806026
6797	Py69	Py70	A	B	0.04533965140581131
6798	Py69	Py72	A	B	0.04159485176205635
6799	Py69	Py79	A	B	0.32086580991745
6800	Py69	Py81	A	B	0.3151001930236816
6801	Py69	Py83	A	B	0.3537122309207916
6802	Py69	Py85	A	B	0.3521560430526733
6803	Py69	Py87	A	B	0.3273229897022247
6804	Py69	P1extneg	A	B	0.3206749558448792
6805	Py69	P1NTC2	A	B	0.4505515694618225
6806	Py69	P1PCRpos	A	B	0.3783977329730988
6807	Py69	HR02	A	B	0.3508746922016144
6808	Py69	HR06	A	B	0.3526473641395569
6809	Py69	HR08	A	B	0.4082340598106384
6810	Py69	HR10	A	B	0.3745822310447693
6811	Py69	HR12	A	B	0.424306333065033
6812	Py69	HR18	A	B	0.3591272234916687
6813	Py69	HR20	A	B	0.3409602344036102
6814	Py69	HR22	A	B	0.3274669051170349
6815	Py69	HR24	A	B	0.3796095252037048
6816	Py69	HR30	A	B	0.4611923396587372
6817	Py69	HR36	A	B	0.388972282409668
6818	Py69	HR38	A	B	0.4668700993061066
6819	Py69	HR42	A	B	0.4370560050010681
6820	Py69	HR57	A	B	0.3766021728515625
6821	Py69	HR59	A	B	0.4268343448638916
6822	Py69	HR61	A	B	0.4737266600131989
6823	Py69	HR67	A	B	0.5078191757202148
6824	Py69	HR71	A	B	0.7424354553222656
6825	Py69	H1	A	B	0.4589523375034332
6826	Py69	H8	A	B	0.3478347659111023
6827	Py69	H12	A	B	0.4629494547843933
6828	Py69	H16	A	B	0.4625873565673828
6829	Py69	P2PCRpos	A	B	0.3697921335697174
6830	Py69	Han02	A	B	0.4192925989627838
6831	Py69	Han04	A	B	0.4090056121349335
6832	Py69	Han06	A	B	0.4455594420433044
6833	Py69	Han08	A	B	0.4158406257629395
6834	Py69	Han10	A	B	0.4395496249198914
6835	Py69	Han12	A	B	0.4174684286117554
6836	Py69	Han14	A	B	0.4070112109184265
6837	Py69	Han16	A	B	0.4331836998462677
6838	Py69	Han18	A	B	0.4367353320121765
6839	Py69	Han20	A	B	0.4304062724113464
6840	Py69	Han22	A	B	0.3738540709018707
6841	Py69	Han26	A	B	0.4302327930927277
6842	Py69	Han28	A	B	0.416036456823349
6843	Py69	Han30	A	B	0.4243987202644348
6844	Py69	Han32	A	B	0.3963586091995239
6845	Py69	Han34	A	B	0.4255392849445343
6846	Py69	Han36	A	B	0.4205948710441589
6847	Py69	Han38	A	B	0.4560747742652893
6848	Py69	Han40	A	B	0.4028023779392242
6849	Py69	Han42	A	B	0.4154244065284729
6850	Py69	Han44	A	B	0.4259485006332397
6851	Py69	Han46	A	B	0.4368824362754822
6852	Py69	Han48	A	B	0.3996464312076569
6853	Py69	P3PCRpos	A	B	0.3709377944469452
6854	Py71	Py2	A	B	0.1082085967063904
6855	Py71	Py4	A	B	0.1050970330834389
6856	Py71	Py6	A	B	0.1670570224523544
6857	Py71	Py8	A	B	0.1313090920448303
6858	Py71	Py10	A	B	0.1497910022735596
6859	Py71	Py12	A	B	0.1133735403418541
6860	Py71	Py14	A	B	0.1903058290481567
6861	Py71	Py16	A	B	0.1238927394151688
6862	Py71	Py18	A	B	0.20364910364151
6863	Py71	Py20	A	B	0.2247294187545776
6864	Py71	Py22	A	B	0.2025133669376373
6865	Py71	Py24	A	B	0.2302713841199875
6866	Py71	Py26	A	B	0.1045397222042084
6867	Py71	Py28	A	B	0.1100361049175262
6868	Py71	Py30	A	B	0.1083730384707451
6869	Py71	Py32	A	B	0.1022482737898827
6870	Py71	Py34	A	B	0.1071459576487541
6871	Py71	Py36	A	B	0.1057863980531693
6872	Py71	Py38	A	B	0.06794442236423492
6873	Py71	Py40	A	B	0.07684601098299026
6874	Py71	Py42	A	B	0.06105493009090424
6875	Py71	Py44	A	B	0.1262630522251129
6876	Py71	Py46	A	B	0.1252622902393341
6877	Py71	Py48	A	B	0.1604444682598114
6878	Py71	Py52	A	B	0.0759798139333725
6879	Py71	Py54	A	B	0.1312368214130402
6880	Py71	Py56	A	B	0.1635667085647583
6881	Py71	Py58	A	B	0.1671912670135498
6882	Py71	Py62	A	B	0.04091331735253334
6883	Py71	Py64	A	B	0.02403616905212402
6884	Py71	Py66	A	B	0.03250773996114731
6885	Py71	Py68	A	B	0.0377407893538475
6886	Py71	Py70	A	B	0.03623964264988899
6887	Py71	Py72	A	B	0.02080720104277134
6888	Py71	Py79	A	B	0.3236221969127655
6889	Py71	Py81	A	B	0.3150496482849121
6890	Py71	Py83	A	B	0.3483529388904572
6891	Py71	Py85	A	B	0.3466503918170929
6892	Py71	Py87	A	B	0.3087172210216522
6893	Py71	P1extneg	A	B	0.3189434409141541
6894	Py71	P1NTC2	A	B	0.4543104469776154
6895	Py71	P1PCRpos	A	B	0.3892993927001953
6896	Py71	HR02	A	B	0.346436083316803
6897	Py71	HR06	A	B	0.3483253717422485
6898	Py71	HR08	A	B	0.4032829105854034
6899	Py71	HR10	A	B	0.3703919649124146
6900	Py71	HR12	A	B	0.4203625917434692
6901	Py71	HR18	A	B	0.354741632938385
6902	Py71	HR20	A	B	0.3364559412002563
6903	Py71	HR22	A	B	0.318271666765213
6904	Py71	HR24	A	B	0.3744074702262878
6905	Py71	HR30	A	B	0.456880509853363
6906	Py71	HR36	A	B	0.3862794637680054
6907	Py71	HR38	A	B	0.4623414278030396
6908	Py71	HR42	A	B	0.4338697791099548
6909	Py71	HR57	A	B	0.3686793446540833
6910	Py71	HR59	A	B	0.4225397109985352
6911	Py71	HR61	A	B	0.4707272946834564
6912	Py71	HR67	A	B	0.5030173659324646
6913	Py71	HR71	A	B	0.7403140068054199
6914	Py71	H1	A	B	0.455235093832016
6915	Py71	H8	A	B	0.3422622382640839
6916	Py71	H12	A	B	0.4587663412094116
6917	Py71	H16	A	B	0.4581138789653778
6918	Py71	P2PCRpos	A	B	0.3813748359680176
6919	Py71	Han02	A	B	0.40143021941185
6920	Py71	Han04	A	B	0.3962515592575073
6921	Py71	Han06	A	B	0.4394752681255341
6922	Py71	Han08	A	B	0.3990835547447205
6923	Py71	Han10	A	B	0.4330192804336548
6924	Py71	Han12	A	B	0.4033823013305664
6925	Py71	Han14	A	B	0.40044766664505
6926	Py71	Han16	A	B	0.4267215132713318
6927	Py71	Han18	A	B	0.4300957024097443
6928	Py71	Han20	A	B	0.4238525629043579
6929	Py71	Han22	A	B	0.3732084929943085
6930	Py71	Han26	A	B	0.4238184094429016
6931	Py71	Han28	A	B	0.4081034660339355
6932	Py71	Han30	A	B	0.41655033826828
6933	Py71	Han32	A	B	0.3966821730136871
6934	Py71	Han34	A	B	0.4176161885261536
6935	Py71	Han36	A	B	0.412604957818985
6936	Py71	Han38	A	B	0.4477992355823517
6937	Py71	Han40	A	B	0.3911767303943634
6938	Py71	Han42	A	B	0.4066736400127411
6939	Py71	Han44	A	B	0.4184956550598145
6940	Py71	Han46	A	B	0.4303462505340576
6941	Py71	Han48	A	B	0.3880136013031006
6942	Py71	P3PCRpos	A	B	0.3825206756591797
6943	Py73	Py2	A	B	0.4512235224246979
6944	Py73	Py4	A	B	0.4533803164958954
6945	Py73	Py6	A	B	0.4492857754230499
6946	Py73	Py8	A	B	0.4770503640174866
6947	Py73	Py10	A	B	0.4855766296386719
6948	Py73	Py12	A	B	0.4611646831035614
6949	Py73	Py14	A	B	0.501856803894043
6950	Py73	Py16	A	B	0.4701611697673798
6951	Py73	Py18	A	B	0.5077195167541504
6952	Py73	Py20	A	B	0.5178313255310059
6953	Py73	Py22	A	B	0.5047482848167419
6954	Py73	Py24	A	B	0.5168845653533936
6955	Py73	Py26	A	B	0.4550832211971283
6956	Py73	Py28	A	B	0.4674979150295258
6957	Py73	Py30	A	B	0.4699483811855316
6958	Py73	Py32	A	B	0.4690368175506592
6959	Py73	Py34	A	B	0.4599873125553131
6960	Py73	Py36	A	B	0.4584900140762329
6961	Py73	Py38	A	B	0.4082189202308655
6962	Py73	Py40	A	B	0.4306153357028961
6963	Py73	Py42	A	B	0.4038524329662323
6964	Py73	Py44	A	B	0.4565253853797913
6965	Py73	Py46	A	B	0.4570404589176178
6966	Py73	Py48	A	B	0.4615533947944641
6967	Py73	Py52	A	B	0.4007079005241394
6968	Py73	Py54	A	B	0.4657025039196014
6969	Py73	Py56	A	B	0.4772763848304749
6970	Py73	Py58	A	B	0.4786359667778015
6971	Py73	Py62	A	B	0.4216444194316864
6972	Py73	Py64	A	B	0.4076035916805267
6973	Py73	Py66	A	B	0.4050567746162415
6974	Py73	Py68	A	B	0.4210744202136993
6975	Py73	Py70	A	B	0.4180366396903992
6976	Py73	Py72	A	B	0.407817929983139
6977	Py73	Py79	A	B	0.39832803606987
6978	Py73	Py81	A	B	0.320590615272522
6979	Py73	Py83	A	B	0.2814121842384338
6980	Py73	Py85	A	B	0.2908943891525269
6981	Py73	Py87	A	B	0.3249334096908569
6982	Py73	P1extneg	A	B	0.4573511481285095
6983	Py73	P1NTC2	A	B	0.6005755066871643
6984	Py73	P1PCRpos	A	B	0.5394567847251892
6985	Py73	HR02	A	B	0.454628974199295
6986	Py73	HR06	A	B	0.452231377363205
6987	Py73	HR08	A	B	0.4418357014656067
6988	Py73	HR10	A	B	0.4501106441020966
6989	Py73	HR12	A	B	0.4949345886707306
6990	Py73	HR18	A	B	0.452991783618927
6991	Py73	HR20	A	B	0.4929236173629761
6992	Py73	HR22	A	B	0.4016832113265991
6993	Py73	HR24	A	B	0.5047556161880493
6994	Py73	HR30	A	B	0.5809872150421143
6995	Py73	HR36	A	B	0.5274723768234253
6996	Py73	HR38	A	B	0.5538188815116882
6997	Py73	HR42	A	B	0.5463841557502747
6998	Py73	HR57	A	B	0.4027179479598999
6999	Py73	HR59	A	B	0.5444512963294983
7000	Py73	HR61	A	B	0.5977713465690613
7001	Py73	HR67	A	B	0.5727880597114563
7002	Py73	HR71	A	B	0.7738632559776306
7003	Py73	H1	A	B	0.5557809472084045
7004	Py73	H8	A	B	0.4445917904376984
7005	Py73	H12	A	B	0.5660066604614258
7006	Py73	H16	A	B	0.5685443878173828
7007	Py73	P2PCRpos	A	B	0.5376971364021301
7008	Py73	Han02	A	B	0.3036038279533386
7009	Py73	Han04	A	B	0.4344658553600311
7010	Py73	Han06	A	B	0.2269420027732849
7011	Py73	Han08	A	B	0.5168785452842712
7012	Py73	Han10	A	B	0.3184905648231506
7013	Py73	Han12	A	B	0.4656066298484802
7014	Py73	Han14	A	B	0.3221298158168793
7015	Py73	Han16	A	B	0.2252918034791946
7016	Py73	Han18	A	B	0.2156643867492676
7017	Py73	Han20	A	B	0.2775468230247498
7018	Py73	Han22	A	B	0.4082835912704468
7019	Py73	Han26	A	B	0.5299566388130188
7020	Py73	Han28	A	B	0.4236325919628143
7021	Py73	Han30	A	B	0.4426005482673645
7022	Py73	Han32	A	B	0.3973725736141205
7023	Py73	Han34	A	B	0.5029670596122742
7024	Py73	Han36	A	B	0.4788539409637451
7025	Py73	Han38	A	B	0.5417170524597168
7026	Py73	Han40	A	B	0.473371684551239
7027	Py73	Han42	A	B	0.4805177450180054
7028	Py73	Han44	A	B	0.5137770771980286
7029	Py73	Han46	A	B	0.2192631959915161
7030	Py73	Han48	A	B	0.4396763443946838
7031	Py73	P3PCRpos	A	B	0.538750410079956
7032	Py75	Py2	A	B	0.4232361912727356
7033	Py75	Py4	A	B	0.4282117784023285
7034	Py75	Py6	A	B	0.4223729372024536
7035	Py75	Py8	A	B	0.4539322555065155
7036	Py75	Py10	A	B	0.4623486399650574
7037	Py75	Py12	A	B	0.4340384900569916
7038	Py75	Py14	A	B	0.4706495106220245
7039	Py75	Py16	A	B	0.4468004107475281
7040	Py75	Py18	A	B	0.4795549213886261
7041	Py75	Py20	A	B	0.4901078939437866
7042	Py75	Py22	A	B	0.4783822596073151
7043	Py75	Py24	A	B	0.4882628321647644
7044	Py75	Py26	A	B	0.4270921945571899
7045	Py75	Py28	A	B	0.439116358757019
7046	Py75	Py30	A	B	0.4433091282844543
7047	Py75	Py32	A	B	0.4412709474563599
7048	Py75	Py34	A	B	0.4342334270477295
7049	Py75	Py36	A	B	0.4324399828910828
7050	Py75	Py38	A	B	0.375054270029068
7051	Py75	Py40	A	B	0.4042081832885742
7052	Py75	Py42	A	B	0.3745722472667694
7053	Py75	Py44	A	B	0.4258568584918976
7054	Py75	Py46	A	B	0.4269443452358246
7055	Py75	Py48	A	B	0.4301062524318695
7056	Py75	Py52	A	B	0.3745599389076233
7057	Py75	Py54	A	B	0.4345565140247345
7058	Py75	Py56	A	B	0.4470035433769226
7059	Py75	Py58	A	B	0.4490447342395782
7060	Py75	Py62	A	B	0.3898321688175201
7061	Py75	Py64	A	B	0.3758203685283661
7062	Py75	Py66	A	B	0.3729092478752136
7063	Py75	Py68	A	B	0.3894623816013336
7064	Py75	Py70	A	B	0.3867478668689728
7065	Py75	Py72	A	B	0.3760017454624176
7066	Py75	Py79	A	B	0.3704181313514709
7067	Py75	Py81	A	B	0.2933117151260376
7068	Py75	Py83	A	B	0.2547692060470581
7069	Py75	Py85	A	B	0.2636786103248596
7070	Py75	Py87	A	B	0.2889198660850525
7071	Py75	P1extneg	A	B	0.4211173057556152
7072	Py75	P1NTC2	A	B	0.5299607515335083
7073	Py75	P1PCRpos	A	B	0.526138186454773
7074	Py75	HR02	A	B	0.4406822323799133
7075	Py75	HR06	A	B	0.4397080540657043
7076	Py75	HR08	A	B	0.4334554374217987
7077	Py75	HR10	A	B	0.438656210899353
7078	Py75	HR12	A	B	0.4879843592643738
7079	Py75	HR18	A	B	0.4400835335254669
7080	Py75	HR20	A	B	0.4717250764369965
7081	Py75	HR22	A	B	0.3902596533298492
7082	Py75	HR24	A	B	0.4891158938407898
7083	Py75	HR30	A	B	0.5611861944198608
7084	Py75	HR36	A	B	0.5104677081108093
7085	Py75	HR38	A	B	0.5408772230148315
7086	Py75	HR42	A	B	0.5258070826530457
7087	Py75	HR57	A	B	0.3765440583229065
7088	Py75	HR59	A	B	0.5279043912887573
7089	Py75	HR61	A	B	0.5793668627738953
7090	Py75	HR67	A	B	0.559275209903717
7091	Py75	HR71	A	B	0.7774799466133118
7092	Py75	H1	A	B	0.5425176024436951
7093	Py75	H8	A	B	0.4268056452274323
7094	Py75	H12	A	B	0.5467015504837036
7095	Py75	H16	A	B	0.5521085262298584
7096	Py75	P2PCRpos	A	B	0.5243785381317139
7097	Py75	Han02	A	B	0.277596652507782
7098	Py75	Han04	A	B	0.3757206797599792
7099	Py75	Han06	A	B	0.2763088941574097
7100	Py75	Han08	A	B	0.5043907761573792
7101	Py75	Han10	A	B	0.2954218089580536
7102	Py75	Han12	A	B	0.4424385726451874
7103	Py75	Han14	A	B	0.2916185259819031
7104	Py75	Han16	A	B	0.2615945935249329
7105	Py75	Han18	A	B	0.2654269337654114
7106	Py75	Han20	A	B	0.2769488096237183
7107	Py75	Han22	A	B	0.3807413578033447
7108	Py75	Han26	A	B	0.5049113631248474
7109	Py75	Han28	A	B	0.4003835618495941
7110	Py75	Han30	A	B	0.4214825332164764
7111	Py75	Han32	A	B	0.3695954084396362
7112	Py75	Han34	A	B	0.4849546253681183
7113	Py75	Han36	A	B	0.4573749601840973
7114	Py75	Han38	A	B	0.5223132371902466
7115	Py75	Han40	A	B	0.4541853666305542
7116	Py75	Han42	A	B	0.4661299586296082
7117	Py75	Han44	A	B	0.4996506571769714
7118	Py75	Han46	A	B	0.2626848220825195
7119	Py75	Han48	A	B	0.4171961545944214
7120	Py75	P3PCRpos	A	B	0.5254318714141846
7121	Py78	Py2	A	B	0.3216247856616974
7122	Py78	Py4	A	B	0.3241372108459473
7123	Py78	Py6	A	B	0.3082593083381653
7124	Py78	Py8	A	B	0.345499724149704
7125	Py78	Py10	A	B	0.3535796999931335
7126	Py78	Py12	A	B	0.3447619378566742
7127	Py78	Py14	A	B	0.3676276803016663
7128	Py78	Py16	A	B	0.3376621305942535
7129	Py78	Py18	A	B	0.3706927299499512
7130	Py78	Py20	A	B	0.381419837474823
7131	Py78	Py22	A	B	0.3713707029819489
7132	Py78	Py24	A	B	0.3817494809627533
7133	Py78	Py26	A	B	0.3276173770427704
7134	Py78	Py28	A	B	0.3356758058071136
7135	Py78	Py30	A	B	0.3399690389633179
7136	Py78	Py32	A	B	0.3426394164562225
7137	Py78	Py34	A	B	0.3334257900714874
7138	Py78	Py36	A	B	0.3324829041957855
7139	Py78	Py38	A	B	0.3269743919372559
7140	Py78	Py40	A	B	0.3346995413303375
7141	Py78	Py42	A	B	0.3257733881473541
7142	Py78	Py44	A	B	0.3242244124412537
7143	Py78	Py46	A	B	0.3241476714611053
7144	Py78	Py48	A	B	0.3324542045593262
7145	Py78	Py52	A	B	0.3384904265403748
7146	Py78	Py54	A	B	0.3360370397567749
7147	Py78	Py56	A	B	0.3500524759292603
7148	Py78	Py58	A	B	0.3512270152568817
7149	Py78	Py62	A	B	0.3260785341262817
7150	Py78	Py64	A	B	0.3288856148719788
7151	Py78	Py66	A	B	0.3325781524181366
7152	Py78	Py68	A	B	0.3213954269886017
7153	Py78	Py70	A	B	0.3241471350193024
7154	Py78	Py72	A	B	0.3308762609958649
7155	Py78	Py79	A	B	0.0437157042324543
7156	Py78	Py81	A	B	0.08478590846061707
7157	Py78	Py83	A	B	0.1409861743450165
7158	Py78	Py85	A	B	0.132741391658783
7159	Py78	Py87	A	B	0.162607729434967
7160	Py78	P1extneg	A	B	0.2961002886295319
7161	Py78	P1NTC2	A	B	0.5556128025054932
7162	Py78	P1PCRpos	A	B	0.4806501269340515
7163	Py78	HR02	A	B	0.3838855028152466
7164	Py78	HR06	A	B	0.4118928611278534
7165	Py78	HR08	A	B	0.4474150240421295
7166	Py78	HR10	A	B	0.3873109817504883
7167	Py78	HR12	A	B	0.4596114158630371
7168	Py78	HR18	A	B	0.3958845436573029
7169	Py78	HR20	A	B	0.4198813140392303
7170	Py78	HR22	A	B	0.3920221328735352
7171	Py78	HR24	A	B	0.4300185441970825
7172	Py78	HR30	A	B	0.5019895434379578
7173	Py78	HR36	A	B	0.4484130144119263
7174	Py78	HR38	A	B	0.5038201212882996
7175	Py78	HR42	A	B	0.4623132050037384
7176	Py78	HR57	A	B	0.3831822872161865
7177	Py78	HR59	A	B	0.46244215965271
7178	Py78	HR61	A	B	0.5216487050056458
7179	Py78	HR67	A	B	0.5267563462257385
7180	Py78	HR71	A	B	0.7772048115730286
7181	Py78	H1	A	B	0.5057396292686462
7182	Py78	H8	A	B	0.3807257115840912
7183	Py78	H12	A	B	0.4968736171722412
7184	Py78	H16	A	B	0.5085555911064148
7185	Py78	P2PCRpos	A	B	0.4719406962394714
7186	Py78	Han02	A	B	0.2779997885227203
7187	Py78	Han04	A	B	0.3751516044139862
7188	Py78	Han06	A	B	0.2734662890434265
7189	Py78	Han08	A	B	0.4022835195064545
7190	Py78	Han10	A	B	0.2642458975315094
7191	Py78	Han12	A	B	0.4522466063499451
7192	Py78	Han14	A	B	0.2503578066825867
7193	Py78	Han16	A	B	0.2762482762336731
7194	Py78	Han18	A	B	0.29106205701828
7195	Py78	Han20	A	B	0.2698478400707245
7196	Py78	Han22	A	B	0.2325214594602585
7197	Py78	Han26	A	B	0.3630294501781464
7198	Py78	Han28	A	B	0.2796750068664551
7199	Py78	Han30	A	B	0.2890758812427521
7200	Py78	Han32	A	B	0.2446120381355286
7201	Py78	Han34	A	B	0.3707862198352814
7202	Py78	Han36	A	B	0.3357940912246704
7203	Py78	Han38	A	B	0.3831464648246765
7204	Py78	Han40	A	B	0.3528053164482117
7205	Py78	Han42	A	B	0.3439958095550537
7206	Py78	Han44	A	B	0.3786799609661102
7207	Py78	Han46	A	B	0.2709775567054749
7208	Py78	Han48	A	B	0.3256382346153259
7209	Py78	P3PCRpos	A	B	0.4731293320655823
7210	Py80	Py2	A	B	0.3848209381103516
7211	Py80	Py4	A	B	0.3931878209114075
7212	Py80	Py6	A	B	0.3945876359939575
7213	Py80	Py8	A	B	0.422839879989624
7214	Py80	Py10	A	B	0.4332650899887085
7215	Py80	Py12	A	B	0.4067230224609375
7216	Py80	Py14	A	B	0.4522457420825958
7217	Py80	Py16	A	B	0.4124907851219177
7218	Py80	Py18	A	B	0.4598056674003601
7219	Py80	Py20	A	B	0.4747530817985535
7220	Py80	Py22	A	B	0.4590314626693726
7221	Py80	Py24	A	B	0.4779673218727112
7222	Py80	Py26	A	B	0.3915318846702576
7223	Py80	Py28	A	B	0.4142009317874908
7224	Py80	Py30	A	B	0.4194651246070862
7225	Py80	Py32	A	B	0.4169938266277313
7226	Py80	Py34	A	B	0.3989554643630981
7227	Py80	Py36	A	B	0.3986879885196686
7228	Py80	Py38	A	B	0.3340092599391937
7229	Py80	Py40	A	B	0.3625386357307434
7230	Py80	Py42	A	B	0.3468385338783264
7231	Py80	Py44	A	B	0.3888777196407318
7232	Py80	Py46	A	B	0.3888034522533417
7233	Py80	Py48	A	B	0.3973929584026337
7234	Py80	Py52	A	B	0.3373731076717377
7235	Py80	Py54	A	B	0.4059475064277649
7236	Py80	Py56	A	B	0.4186112880706787
7237	Py80	Py58	A	B	0.4207541048526764
7238	Py80	Py62	A	B	0.3642208576202393
7239	Py80	Py64	A	B	0.3515618443489075
7240	Py80	Py66	A	B	0.3479449152946472
7241	Py80	Py68	A	B	0.3671558499336243
7242	Py80	Py70	A	B	0.3628405034542084
7243	Py80	Py72	A	B	0.3494037389755249
7244	Py80	Py79	A	B	0.2995118498802185
7245	Py80	Py81	A	B	0.2201813459396362
7246	Py80	Py83	A	B	0.1794308423995972
7247	Py80	Py85	A	B	0.1900468170642853
7248	Py80	Py87	A	B	0.2299379706382751
7249	Py80	P1extneg	A	B	0.3836221396923065
7250	Py80	P1NTC2	A	B	0.6033307313919067
7251	Py80	P1PCRpos	A	B	0.5193349123001099
7252	Py80	HR02	A	B	0.4161547124385834
7253	Py80	HR06	A	B	0.4122797846794128
7254	Py80	HR08	A	B	0.399247795343399
7255	Py80	HR10	A	B	0.4107240438461304
7256	Py80	HR12	A	B	0.4602316319942474
7257	Py80	HR18	A	B	0.4125730395317078
7258	Py80	HR20	A	B	0.4493191242218018
7259	Py80	HR22	A	B	0.372537761926651
7260	Py80	HR24	A	B	0.4640007615089417
7261	Py80	HR30	A	B	0.5377733707427979
7262	Py80	HR36	A	B	0.5028804540634155
7263	Py80	HR38	A	B	0.5318456888198853
7264	Py80	HR42	A	B	0.5047712922096252
7265	Py80	HR57	A	B	0.3664394617080688
7266	Py80	HR59	A	B	0.519420862197876
7267	Py80	HR61	A	B	0.5638828873634338
7268	Py80	HR67	A	B	0.5414388179779053
7269	Py80	HR71	A	B	0.7606129050254822
7270	Py80	H1	A	B	0.5186182260513306
7271	Py80	H8	A	B	0.4001821279525757
7272	Py80	H12	A	B	0.5260032415390015
7273	Py80	H16	A	B	0.5247344970703125
7274	Py80	P2PCRpos	A	B	0.5175751447677612
7275	Py80	Han02	A	B	0.2335896492004395
7276	Py80	Han04	A	B	0.39893639087677
7277	Py80	Han06	A	B	0.1456213146448135
7278	Py80	Han08	A	B	0.4506046175956726
7279	Py80	Han10	A	B	0.2458840310573578
7280	Py80	Han12	A	B	0.48692387342453
7281	Py80	Han14	A	B	0.2442850321531296
7282	Py80	Han16	A	B	0.1473031640052795
7283	Py80	Han18	A	B	0.1398633867502213
7284	Py80	Han20	A	B	0.1982767581939697
7285	Py80	Han22	A	B	0.3289762139320374
7286	Py80	Han26	A	B	0.4545723497867584
7287	Py80	Han28	A	B	0.3602186143398285
7288	Py80	Han30	A	B	0.3663906455039978
7289	Py80	Han32	A	B	0.3146911859512329
7290	Py80	Han34	A	B	0.4419324100017548
7291	Py80	Han36	A	B	0.4021500647068024
7292	Py80	Han38	A	B	0.4620293080806732
7293	Py80	Han40	A	B	0.4075897634029388
7294	Py80	Han42	A	B	0.4070116579532623
7295	Py80	Han44	A	B	0.4482324421405792
7296	Py80	Han46	A	B	0.1493815630674362
7297	Py80	Han48	A	B	0.3683532774448395
7298	Py80	P3PCRpos	A	B	0.5186284780502319
7299	Py82	Py2	A	B	0.2722093760967255
7300	Py82	Py4	A	B	0.2789774537086487
7301	Py82	Py6	A	B	0.2880158126354218
7302	Py82	Py8	A	B	0.312589555978775
7303	Py82	Py10	A	B	0.3244743943214417
7304	Py82	Py12	A	B	0.2911362648010254
7305	Py82	Py14	A	B	0.3394786417484283
7306	Py82	Py16	A	B	0.3016346991062164
7307	Py82	Py18	A	B	0.3506006896495819
7308	Py82	Py20	A	B	0.3656575679779053
7309	Py82	Py22	A	B	0.3489574193954468
7310	Py82	Py24	A	B	0.3679233193397522
7311	Py82	Py26	A	B	0.2795218229293823
7312	Py82	Py28	A	B	0.3019615411758423
7313	Py82	Py30	A	B	0.3096773028373718
7314	Py82	Py32	A	B	0.3069042861461639
7315	Py82	Py34	A	B	0.2901918888092041
7316	Py82	Py36	A	B	0.2900369167327881
7317	Py82	Py38	A	B	0.2400529831647873
7318	Py82	Py40	A	B	0.2544991075992584
7319	Py82	Py42	A	B	0.2445577532052994
7320	Py82	Py44	A	B	0.2701038718223572
7321	Py82	Py46	A	B	0.2727662324905396
7322	Py82	Py48	A	B	0.2683099508285522
7323	Py82	Py52	A	B	0.2555149495601654
7324	Py82	Py54	A	B	0.2931186556816101
7325	Py82	Py56	A	B	0.3046896159648895
7326	Py82	Py58	A	B	0.3060052394866943
7327	Py82	Py62	A	B	0.2518487870693207
7328	Py82	Py64	A	B	0.2496307343244553
7329	Py82	Py66	A	B	0.2511364817619324
7330	Py82	Py68	A	B	0.2540910542011261
7331	Py82	Py70	A	B	0.2618520557880402
7332	Py82	Py72	A	B	0.2493105530738831
7333	Py82	Py79	A	B	0.1234431564807892
7334	Py82	Py81	A	B	0.1046703085303307
7335	Py82	Py83	A	B	0.1730093359947205
7336	Py82	Py85	A	B	0.1737997680902481
7337	Py82	Py87	A	B	0.1678305715322495
7338	Py82	P1extneg	A	B	0.2359810024499893
7339	Py82	P1NTC2	A	B	0.5262491703033447
7340	Py82	P1PCRpos	A	B	0.4669760763645172
7341	Py82	HR02	A	B	0.3598241209983826
7342	Py82	HR06	A	B	0.3678921163082123
7343	Py82	HR08	A	B	0.4226112067699432
7344	Py82	HR10	A	B	0.3695247173309326
7345	Py82	HR12	A	B	0.4286733269691467
7346	Py82	HR18	A	B	0.3656189143657684
7347	Py82	HR20	A	B	0.3951915502548218
7348	Py82	HR22	A	B	0.3328672051429749
7349	Py82	HR24	A	B	0.4115227162837982
7350	Py82	HR30	A	B	0.482712984085083
7351	Py82	HR36	A	B	0.433205634355545
7352	Py82	HR38	A	B	0.4998738765716553
7353	Py82	HR42	A	B	0.4448138177394867
7354	Py82	HR57	A	B	0.3453924059867859
7355	Py82	HR59	A	B	0.455729603767395
7356	Py82	HR61	A	B	0.5058165788650513
7357	Py82	HR67	A	B	0.5140354037284851
7358	Py82	HR71	A	B	0.7568119168281555
7359	Py82	H1	A	B	0.4830693304538727
7360	Py82	H8	A	B	0.3479742109775543
7361	Py82	H12	A	B	0.4833367764949799
7362	Py82	H16	A	B	0.4872377812862396
7363	Py82	P2PCRpos	A	B	0.4584524631500244
7364	Py82	Han02	A	B	0.300564169883728
7365	Py82	Han04	A	B	0.3652504980564117
7366	Py82	Han06	A	B	0.3261255323886871
7367	Py82	Han08	A	B	0.4131157398223877
7368	Py82	Han10	A	B	0.3249592185020447
7369	Py82	Han12	A	B	0.4432461559772491
7370	Py82	Han14	A	B	0.2908097505569458
7371	Py82	Han16	A	B	0.3132795095443726
7372	Py82	Han18	A	B	0.3227953612804413
7373	Py82	Han20	A	B	0.3142962455749512
7374	Py82	Han22	A	B	0.281151682138443
7375	Py82	Han26	A	B	0.3991451561450958
7376	Py82	Han28	A	B	0.3165485560894012
7377	Py82	Han30	A	B	0.3229007720947266
7378	Py82	Han32	A	B	0.3013995885848999
7379	Py82	Han34	A	B	0.4022334516048431
7380	Py82	Han36	A	B	0.3597053289413452
7381	Py82	Han38	A	B	0.4148459136486053
7382	Py82	Han40	A	B	0.371177077293396
7383	Py82	Han42	A	B	0.3669071197509766
7384	Py82	Han44	A	B	0.4072108566761017
7385	Py82	Han46	A	B	0.3198019564151764
7386	Py82	Han48	A	B	0.3321568071842194
7387	Py82	P3PCRpos	A	B	0.4597069323062897
7388	Py84	Py2	A	B	0.3411465883255005
7389	Py84	Py4	A	B	0.3480896055698395
7390	Py84	Py6	A	B	0.3359253406524658
7391	Py84	Py8	A	B	0.3740636706352234
7392	Py84	Py10	A	B	0.3824692964553833
7393	Py84	Py12	A	B	0.3601252138614655
7394	Py84	Py14	A	B	0.3993174433708191
7395	Py84	Py16	A	B	0.3655530214309692
7396	Py84	Py18	A	B	0.4020260870456696
7397	Py84	Py20	A	B	0.4144285917282104
7398	Py84	Py22	A	B	0.4028046131134033
7399	Py84	Py24	A	B	0.415025532245636
7400	Py84	Py26	A	B	0.3469108045101166
7401	Py84	Py28	A	B	0.3633325397968292
7402	Py84	Py30	A	B	0.365464448928833
7403	Py84	Py32	A	B	0.3648325502872467
7404	Py84	Py34	A	B	0.3528428077697754
7405	Py84	Py36	A	B	0.3519047796726227
7406	Py84	Py38	A	B	0.3273124396800995
7407	Py84	Py40	A	B	0.3374825417995453
7408	Py84	Py42	A	B	0.3285354971885681
7409	Py84	Py44	A	B	0.3455951809883118
7410	Py84	Py46	A	B	0.345497339963913
7411	Py84	Py48	A	B	0.3541168868541718
7412	Py84	Py52	A	B	0.3423202633857727
7413	Py84	Py54	A	B	0.3639259934425354
7414	Py84	Py56	A	B	0.3777308166027069
7415	Py84	Py58	A	B	0.3794869184494019
7416	Py84	Py62	A	B	0.336186945438385
7417	Py84	Py64	A	B	0.3311432898044586
7418	Py84	Py66	A	B	0.3362006843090057
7419	Py84	Py68	A	B	0.3330460786819458
7420	Py84	Py70	A	B	0.3269292414188385
7421	Py84	Py72	A	B	0.33379065990448
7422	Py84	Py79	A	B	0.08324030041694641
7423	Py84	Py81	A	B	0.1210065335035324
7424	Py84	Py83	A	B	0.0955059826374054
7425	Py84	Py85	A	B	0.08910971879959106
7426	Py84	Py87	A	B	0.1124519854784012
7427	Py84	P1extneg	A	B	0.2766553461551666
7428	Py84	P1NTC2	A	B	0.5796011686325073
7429	Py84	P1PCRpos	A	B	0.4893574118614197
7430	Py84	HR02	A	B	0.3866479098796844
7431	Py84	HR06	A	B	0.411488264799118
7432	Py84	HR08	A	B	0.4400016963481903
7433	Py84	HR10	A	B	0.3840357959270477
7434	Py84	HR12	A	B	0.4568861126899719
7435	Py84	HR18	A	B	0.3963785767555237
7436	Py84	HR20	A	B	0.4234165549278259
7437	Py84	HR22	A	B	0.3896641135215759
7438	Py84	HR24	A	B	0.4211811423301697
7439	Py84	HR30	A	B	0.4930731654167175
7440	Py84	HR36	A	B	0.4561002850532532
7441	Py84	HR38	A	B	0.4959391355514526
7442	Py84	HR42	A	B	0.4531513452529907
7443	Py84	HR57	A	B	0.3594238460063934
7444	Py84	HR59	A	B	0.4562125205993652
7445	Py84	HR61	A	B	0.5115932822227478
7446	Py84	HR67	A	B	0.5179429650306702
7447	Py84	HR71	A	B	0.7794643640518188
7448	Py84	H1	A	B	0.4962698817253113
7449	Py84	H8	A	B	0.3834717571735382
7450	Py84	H12	A	B	0.4884178042411804
7451	Py84	H16	A	B	0.4980756342411041
7452	Py84	P2PCRpos	A	B	0.4816233515739441
7453	Py84	Han02	A	B	0.2226234823465347
7454	Py84	Han04	A	B	0.350296676158905
7455	Py84	Han06	A	B	0.2335140109062195
7456	Py84	Han08	A	B	0.3790287673473358
7457	Py84	Han10	A	B	0.2185966223478317
7458	Py84	Han12	A	B	0.4311270713806152
7459	Py84	Han14	A	B	0.1914672702550888
7460	Py84	Han16	A	B	0.2345229685306549
7461	Py84	Han18	A	B	0.241677388548851
7462	Py84	Han20	A	B	0.2193960845470428
7463	Py84	Han22	A	B	0.1966499090194702
7464	Py84	Han26	A	B	0.3461547195911407
7465	Py84	Han28	A	B	0.2542885541915894
7466	Py84	Han30	A	B	0.265720546245575
7467	Py84	Han32	A	B	0.2030558288097382
7468	Py84	Han34	A	B	0.3479296565055847
7469	Py84	Han36	A	B	0.3114991784095764
7470	Py84	Han38	A	B	0.3676688075065613
7471	Py84	Han40	A	B	0.328626424074173
7472	Py84	Han42	A	B	0.3163209557533264
7473	Py84	Han44	A	B	0.3533701598644257
7474	Py84	Han46	A	B	0.2482079565525055
7475	Py84	Han48	A	B	0.2987424433231354
7476	Py84	P3PCRpos	A	B	0.4828529953956604
7477	Py86	Py2	A	B	0.3581441640853882
7478	Py86	Py4	A	B	0.3663370609283447
7479	Py86	Py6	A	B	0.3683729767799377
7480	Py86	Py8	A	B	0.3981929421424866
7481	Py86	Py10	A	B	0.4085441827774048
7482	Py86	Py12	A	B	0.3839379847049713
7483	Py86	Py14	A	B	0.4306517839431763
7484	Py86	Py16	A	B	0.3858746588230133
7485	Py86	Py18	A	B	0.436982661485672
7486	Py86	Py20	A	B	0.4501745402812958
7487	Py86	Py22	A	B	0.4370004236698151
7488	Py86	Py24	A	B	0.4529708027839661
7489	Py86	Py26	A	B	0.3651955723762512
7490	Py86	Py28	A	B	0.3889864981174469
7491	Py86	Py30	A	B	0.3939359486103058
7492	Py86	Py32	A	B	0.391909658908844
7493	Py86	Py34	A	B	0.3725687563419342
7494	Py86	Py36	A	B	0.3732221722602844
7495	Py86	Py38	A	B	0.3016577661037445
7496	Py86	Py40	A	B	0.339893251657486
7497	Py86	Py42	A	B	0.3062277436256409
7498	Py86	Py44	A	B	0.3588393032550812
7499	Py86	Py46	A	B	0.3609501123428345
7500	Py86	Py48	A	B	0.363048255443573
7501	Py86	Py52	A	B	0.3116405308246613
7502	Py86	Py54	A	B	0.3818241059780121
7503	Py86	Py56	A	B	0.3962612748146057
7504	Py86	Py58	A	B	0.398656815290451
7505	Py86	Py62	A	B	0.3324092626571655
7506	Py86	Py64	A	B	0.318322479724884
7507	Py86	Py66	A	B	0.3168253302574158
7508	Py86	Py68	A	B	0.3323626816272736
7509	Py86	Py70	A	B	0.3294729888439178
7510	Py86	Py72	A	B	0.3166794776916504
7511	Py86	Py79	A	B	0.1713951677083969
7512	Py86	Py81	A	B	0.1607805490493774
7513	Py86	Py83	A	B	0.1276481598615646
7514	Py86	Py85	A	B	0.1292973011732101
7515	Py86	Py87	A	B	0.04082273319363594
7516	Py86	P1extneg	A	B	0.3067071139812469
7517	Py86	P1NTC2	A	B	0.5660483241081238
7518	Py86	P1PCRpos	A	B	0.5070163607597351
7519	Py86	HR02	A	B	0.3831679224967957
7520	Py86	HR06	A	B	0.401348888874054
7521	Py86	HR08	A	B	0.4304546117782593
7522	Py86	HR10	A	B	0.377177894115448
7523	Py86	HR12	A	B	0.4482924938201904
7524	Py86	HR18	A	B	0.3851931095123291
7525	Py86	HR20	A	B	0.4154081046581268
7526	Py86	HR22	A	B	0.3573940694332123
7527	Py86	HR24	A	B	0.4154953360557556
7528	Py86	HR30	A	B	0.4852234423160553
7529	Py86	HR36	A	B	0.4745186567306519
7530	Py86	HR38	A	B	0.499085545539856
7531	Py86	HR42	A	B	0.4461040794849396
7532	Py86	HR57	A	B	0.3254779577255249
7533	Py86	HR59	A	B	0.4614955186843872
7534	Py86	HR61	A	B	0.5060383677482605
7535	Py86	HR67	A	B	0.5123859643936157
7536	Py86	HR71	A	B	0.7772907018661499
7537	Py86	H1	A	B	0.4840666055679321
7538	Py86	H8	A	B	0.3634956777095795
7539	Py86	H12	A	B	0.4826482534408569
7540	Py86	H16	A	B	0.4899265170097351
7541	Py86	P2PCRpos	A	B	0.5052740573883057
7542	Py86	Han02	A	B	0.1990454345941544
7543	Py86	Han04	A	B	0.3262249231338501
7544	Py86	Han06	A	B	0.2371495515108109
7545	Py86	Han08	A	B	0.3620137572288513
7546	Py86	Han10	A	B	0.2324083894491196
7547	Py86	Han12	A	B	0.4133685529232025
7548	Py86	Han14	A	B	0.1912524104118347
7549	Py86	Han16	A	B	0.2333308756351471
7550	Py86	Han18	A	B	0.2513192892074585
7551	Py86	Han20	A	B	0.2341441810131073
7552	Py86	Han22	A	B	0.2300429046154022
7553	Py86	Han26	A	B	0.3627168834209442
7554	Py86	Han28	A	B	0.2861139476299286
7555	Py86	Han30	A	B	0.2886829376220703
7556	Py86	Han32	A	B	0.2319805175065994
7557	Py86	Han34	A	B	0.3767802715301514
7558	Py86	Han36	A	B	0.3315367698669434
7559	Py86	Han38	A	B	0.3848932087421417
7560	Py86	Han40	A	B	0.3178484439849854
7561	Py86	Han42	A	B	0.3361321687698364
7562	Py86	Han44	A	B	0.3808626532554626
7563	Py86	Han46	A	B	0.2347465306520462
7564	Py86	Han48	A	B	0.3010649085044861
7565	Py86	P3PCRpos	A	B	0.5063274502754211
7566	Py88	Py2	A	B	0.3618664145469666
7567	Py88	Py4	A	B	0.3701137602329254
7568	Py88	Py6	A	B	0.372428834438324
7569	Py88	Py8	A	B	0.4022927582263947
7570	Py88	Py10	A	B	0.4127161204814911
7571	Py88	Py12	A	B	0.3884893655776978
7572	Py88	Py14	A	B	0.4340535402297974
7573	Py88	Py16	A	B	0.390305757522583
7574	Py88	Py18	A	B	0.4403616786003113
7575	Py88	Py20	A	B	0.4538668990135193
7576	Py88	Py22	A	B	0.4402810335159302
7577	Py88	Py24	A	B	0.456804484128952
7578	Py88	Py26	A	B	0.3687871098518372
7579	Py88	Py28	A	B	0.3930322229862213
7580	Py88	Py30	A	B	0.3979129791259766
7581	Py88	Py32	A	B	0.3958855867385864
7582	Py88	Py34	A	B	0.3763858079910278
7583	Py88	Py36	A	B	0.3768728673458099
7584	Py88	Py38	A	B	0.3074181377887726
7585	Py88	Py40	A	B	0.3420088887214661
7586	Py88	Py42	A	B	0.3100635409355164
7587	Py88	Py44	A	B	0.3612394034862518
7588	Py88	Py46	A	B	0.3635556995868683
7589	Py88	Py48	A	B	0.3667799234390259
7590	Py88	Py52	A	B	0.3109803795814514
7591	Py88	Py54	A	B	0.3846895694732666
7592	Py88	Py56	A	B	0.3988848030567169
7593	Py88	Py58	A	B	0.4013727903366089
7594	Py88	Py62	A	B	0.3367234170436859
7595	Py88	Py64	A	B	0.3245680630207062
7596	Py88	Py66	A	B	0.320677638053894
7597	Py88	Py68	A	B	0.3383836150169373
7598	Py88	Py70	A	B	0.335903137922287
7599	Py88	Py72	A	B	0.3216009438037872
7600	Py88	Py79	A	B	0.1999545097351074
7601	Py88	Py81	A	B	0.1771540641784668
7602	Py88	Py83	A	B	0.1548903435468674
7603	Py88	Py85	A	B	0.1628771126270294
7604	Py88	Py87	A	B	0.07436061650514603
7605	Py88	P1extneg	A	B	0.3117659091949463
7606	Py88	P1NTC2	A	B	0.5346006155014038
7607	Py88	P1PCRpos	A	B	0.5099652409553528
7608	Py88	HR02	A	B	0.3880821764469147
7609	Py88	HR06	A	B	0.4067125916481018
7610	Py88	HR08	A	B	0.4389547109603882
7611	Py88	HR10	A	B	0.3847370445728302
7612	Py88	HR12	A	B	0.454534649848938
7613	Py88	HR18	A	B	0.3903743922710419
7614	Py88	HR20	A	B	0.4203278124332428
7615	Py88	HR22	A	B	0.3582745790481567
7616	Py88	HR24	A	B	0.430789440870285
7617	Py88	HR30	A	B	0.4980195164680481
7618	Py88	HR36	A	B	0.4792848825454712
7619	Py88	HR38	A	B	0.510997474193573
7620	Py88	HR42	A	B	0.4589521884918213
7621	Py88	HR57	A	B	0.3349615931510925
7622	Py88	HR59	A	B	0.4774980843067169
7623	Py88	HR61	A	B	0.5183778405189514
7624	Py88	HR67	A	B	0.5230780243873596
7625	Py88	HR71	A	B	0.7807489037513733
7626	Py88	H1	A	B	0.4964499771595001
7627	Py88	H8	A	B	0.3683654367923737
7628	Py88	H12	A	B	0.4958617091178894
7629	Py88	H16	A	B	0.5016867518424988
7630	Py88	P2PCRpos	A	B	0.5082300901412964
7631	Py88	Han02	A	B	0.2234805673360825
7632	Py88	Han04	A	B	0.3015322387218475
7633	Py88	Han06	A	B	0.2657378315925598
7634	Py88	Han08	A	B	0.3825167119503021
7635	Py88	Han10	A	B	0.2610155344009399
7636	Py88	Han12	A	B	0.387641042470932
7637	Py88	Han14	A	B	0.2241786420345306
7638	Py88	Han16	A	B	0.2597510516643524
7639	Py88	Han18	A	B	0.2784960865974426
7640	Py88	Han20	A	B	0.261900007724762
7641	Py88	Han22	A	B	0.2551030516624451
7642	Py88	Han26	A	B	0.3898949325084686
7643	Py88	Han28	A	B	0.3112071454524994
7644	Py88	Han30	A	B	0.3159753084182739
7645	Py88	Han32	A	B	0.2666532397270203
7646	Py88	Han34	A	B	0.4005236029624939
7647	Py88	Han36	A	B	0.3573122620582581
7648	Py88	Han38	A	B	0.4104004204273224
7649	Py88	Han40	A	B	0.3404213190078735
7650	Py88	Han42	A	B	0.3597378134727478
7651	Py88	Han44	A	B	0.4044685959815979
7652	Py88	Han46	A	B	0.2583814263343811
7653	Py88	Han48	A	B	0.317575603723526
7654	Py88	P3PCRpos	A	B	0.5092834830284119
7655	HR05	Py2	A	B	0.3581681847572327
7656	HR05	Py4	A	B	0.3593771755695343
7657	HR05	Py6	A	B	0.3631327748298645
7658	HR05	Py8	A	B	0.3701703548431396
7659	HR05	Py10	A	B	0.3790770173072815
7660	HR05	Py12	A	B	0.3566981554031372
7661	HR05	Py14	A	B	0.4095137119293213
7662	HR05	Py16	A	B	0.3648117184638977
7663	HR05	Py18	A	B	0.4121167659759521
7664	HR05	Py20	A	B	0.4263499975204468
7665	HR05	Py22	A	B	0.4117030501365662
7666	HR05	Py24	A	B	0.4358145892620087
7667	HR05	Py26	A	B	0.3566656410694122
7668	HR05	Py28	A	B	0.3632394075393677
7669	HR05	Py30	A	B	0.3626904189586639
7670	HR05	Py32	A	B	0.3603075742721558
7671	HR05	Py34	A	B	0.3568281531333923
7672	HR05	Py36	A	B	0.3557001054286957
7673	HR05	Py38	A	B	0.356144905090332
7674	HR05	Py40	A	B	0.3618399500846863
7675	HR05	Py42	A	B	0.3680554628372192
7676	HR05	Py44	A	B	0.3741505742073059
7677	HR05	Py46	A	B	0.3705083131790161
7678	HR05	Py48	A	B	0.3905204832553864
7679	HR05	Py52	A	B	0.3440881967544556
7680	HR05	Py54	A	B	0.3715826272964478
7681	HR05	Py56	A	B	0.3809091448783875
7682	HR05	Py58	A	B	0.3843704462051392
7683	HR05	Py62	A	B	0.3653866350650787
7684	HR05	Py64	A	B	0.3617016077041626
7685	HR05	Py66	A	B	0.3581295907497406
7686	HR05	Py68	A	B	0.3637893199920654
7687	HR05	Py70	A	B	0.3498362898826599
7688	HR05	Py72	A	B	0.3599987924098969
7689	HR05	Py79	A	B	0.4122511744499207
7690	HR05	Py81	A	B	0.4149609208106995
7691	HR05	Py83	A	B	0.4165354669094086
7692	HR05	Py85	A	B	0.4121318161487579
7693	HR05	Py87	A	B	0.4105939269065857
7694	HR05	P1extneg	A	B	0.4707753956317902
7695	HR05	P1NTC2	A	B	0.5847821235656738
7696	HR05	P1PCRpos	A	B	0.4656370282173157
7697	HR05	HR02	A	B	0.1747306287288666
7698	HR05	HR06	A	B	0.1763128936290741
7699	HR05	HR08	A	B	0.2417829632759094
7700	HR05	HR10	A	B	0.200942650437355
7701	HR05	HR12	A	B	0.2170670181512833
7702	HR05	HR18	A	B	0.1680204272270203
7703	HR05	HR20	A	B	0.2654553651809692
7704	HR05	HR22	A	B	0.2126602828502655
7705	HR05	HR24	A	B	0.24447201192379
7706	HR05	HR30	A	B	0.3871678709983826
7707	HR05	HR36	A	B	0.3833461105823517
7708	HR05	HR38	A	B	0.4238458871841431
7709	HR05	HR42	A	B	0.3666728436946869
7710	HR05	HR57	A	B	0.2756476700305939
7711	HR05	HR59	A	B	0.4025611579418182
7712	HR05	HR61	A	B	0.4121946394443512
7713	HR05	HR67	A	B	0.4192338883876801
7714	HR05	HR71	A	B	0.6468663215637207
7715	HR05	H1	A	B	0.3666669428348541
7716	HR05	H8	A	B	0.2085012048482895
7717	HR05	H12	A	B	0.3849590718746185
7718	HR05	H16	A	B	0.371649295091629
7719	HR05	P2PCRpos	A	B	0.463890016078949
7720	HR05	Han02	A	B	0.4498474299907684
7721	HR05	Han04	A	B	0.4676305651664734
7722	HR05	Han06	A	B	0.4519558250904083
7723	HR05	Han08	A	B	0.4901901483535767
7724	HR05	Han10	A	B	0.4292319715023041
7725	HR05	Han12	A	B	0.5175920724868774
7726	HR05	Han14	A	B	0.4330263733863831
7727	HR05	Han16	A	B	0.4444136619567871
7728	HR05	Han18	A	B	0.4411985874176025
7729	HR05	Han20	A	B	0.4346722960472107
7730	HR05	Han22	A	B	0.4265750646591187
7731	HR05	Han26	A	B	0.4410876333713531
7732	HR05	Han28	A	B	0.419080525636673
7733	HR05	Han30	A	B	0.4247889220714569
7734	HR05	Han32	A	B	0.4355497658252716
7735	HR05	Han34	A	B	0.4533580541610718
7736	HR05	Han36	A	B	0.4369069933891296
7737	HR05	Han38	A	B	0.4553239047527313
7738	HR05	Han40	A	B	0.444972962141037
7739	HR05	Han42	A	B	0.4552323818206787
7740	HR05	Han44	A	B	0.4645849168300629
7741	HR05	Han46	A	B	0.4550642371177673
7742	HR05	Han48	A	B	0.4415281414985657
7743	HR05	P3PCRpos	A	B	0.4648596346378326
7744	HR07	Py2	A	B	0.3710451722145081
7745	HR07	Py4	A	B	0.3719443678855896
7746	HR07	Py6	A	B	0.3755097985267639
7747	HR07	Py8	A	B	0.3832299709320068
7748	HR07	Py10	A	B	0.3917853236198425
7749	HR07	Py12	A	B	0.3704865872859955
7750	HR07	Py14	A	B	0.4196706116199493
7751	HR07	Py16	A	B	0.3778719305992126
7752	HR07	Py18	A	B	0.422255277633667
7753	HR07	Py20	A	B	0.4364318549633026
7754	HR07	Py22	A	B	0.4220579862594604
7755	HR07	Py24	A	B	0.4458649456501007
7756	HR07	Py26	A	B	0.3704891204833984
7757	HR07	Py28	A	B	0.3767640590667725
7758	HR07	Py30	A	B	0.3757989704608917
7759	HR07	Py32	A	B	0.3730839490890503
7760	HR07	Py34	A	B	0.3712788820266724
7761	HR07	Py36	A	B	0.3694972693920135
7762	HR07	Py38	A	B	0.3733279705047607
7763	HR07	Py40	A	B	0.3784335851669312
7764	HR07	Py42	A	B	0.3854045867919922
7765	HR07	Py44	A	B	0.3893839418888092
7766	HR07	Py46	A	B	0.3862694501876831
7767	HR07	Py48	A	B	0.4044528007507324
7768	HR07	Py52	A	B	0.36063551902771
7769	HR07	Py54	A	B	0.3845922350883484
7770	HR07	Py56	A	B	0.3931092619895935
7771	HR07	Py58	A	B	0.3951351046562195
7772	HR07	Py62	A	B	0.3813117444515228
7773	HR07	Py64	A	B	0.3787164688110352
7774	HR07	Py66	A	B	0.3744164705276489
7775	HR07	Py68	A	B	0.3803688585758209
7776	HR07	Py70	A	B	0.3669600486755371
7777	HR07	Py72	A	B	0.3769720792770386
7778	HR07	Py79	A	B	0.4137544333934784
7779	HR07	Py81	A	B	0.3842276930809021
7780	HR07	Py83	A	B	0.3540554642677307
7781	HR07	Py85	A	B	0.3523560166358948
7782	HR07	Py87	A	B	0.398622453212738
7783	HR07	P1extneg	A	B	0.4791495501995087
7784	HR07	P1NTC2	A	B	0.5848402380943298
7785	HR07	P1PCRpos	A	B	0.4614677429199219
7786	HR07	HR02	A	B	0.2485771775245667
7787	HR07	HR06	A	B	0.2357212454080582
7788	HR07	HR08	A	B	0.1997834891080856
7789	HR07	HR10	A	B	0.2449344545602798
7790	HR07	HR12	A	B	0.2859726846218109
7791	HR07	HR18	A	B	0.2383657544851303
7792	HR07	HR20	A	B	0.3052185475826263
7793	HR07	HR22	A	B	0.256270170211792
7794	HR07	HR24	A	B	0.3126664757728577
7795	HR07	HR30	A	B	0.4134249687194824
7796	HR07	HR36	A	B	0.4094190001487732
7797	HR07	HR38	A	B	0.453787088394165
7798	HR07	HR42	A	B	0.3959671854972839
7799	HR07	HR57	A	B	0.2482912242412567
7800	HR07	HR59	A	B	0.4283093512058258
7801	HR07	HR61	A	B	0.4432275593280792
7802	HR07	HR67	A	B	0.453898698091507
7803	HR07	HR71	A	B	0.6570980548858643
7804	HR07	H1	A	B	0.4148926436901093
7805	HR07	H8	A	B	0.2559685707092285
7806	HR07	H12	A	B	0.4150254130363464
7807	HR07	H16	A	B	0.4113400876522064
7808	HR07	P2PCRpos	A	B	0.4597252011299133
7809	HR07	Han02	A	B	0.3993766307830811
7810	HR07	Han04	A	B	0.4847147166728973
7811	HR07	Han06	A	B	0.3884718418121338
7812	HR07	Han08	A	B	0.5208898186683655
7813	HR07	Han10	A	B	0.3757475912570953
7814	HR07	Han12	A	B	0.5397862195968628
7815	HR07	Han14	A	B	0.3819928169250488
7816	HR07	Han16	A	B	0.3813765943050385
7817	HR07	Han18	A	B	0.3802073299884796
7818	HR07	Han20	A	B	0.3707784116268158
7819	HR07	Han22	A	B	0.4229053258895874
7820	HR07	Han26	A	B	0.4624780714511871
7821	HR07	Han28	A	B	0.4290732443332672
7822	HR07	Han30	A	B	0.4414505362510681
7823	HR07	Han32	A	B	0.4068312346935272
7824	HR07	Han34	A	B	0.4839309453964233
7825	HR07	Han36	A	B	0.4661383628845215
7826	HR07	Han38	A	B	0.4821516275405884
7827	HR07	Han40	A	B	0.4742115139961243
7828	HR07	Han42	A	B	0.4854624569416046
7829	HR07	Han44	A	B	0.4976300597190857
7830	HR07	Han46	A	B	0.3884566724300385
7831	HR07	Han48	A	B	0.4681108593940735
7832	HR07	P3PCRpos	A	B	0.4607492685317993
7833	HR09	Py2	A	B	0.3099372386932373
7834	HR09	Py4	A	B	0.3088710308074951
7835	HR09	Py6	A	B	0.3109560608863831
7836	HR09	Py8	A	B	0.3184053301811218
7837	HR09	Py10	A	B	0.3269618451595306
7838	HR09	Py12	A	B	0.304966151714325
7839	HR09	Py14	A	B	0.3457970023155212
7840	HR09	Py16	A	B	0.3142997026443481
7841	HR09	Py18	A	B	0.3491763770580292
7842	HR09	Py20	A	B	0.3582560420036316
7843	HR09	Py22	A	B	0.3487970232963562
7844	HR09	Py24	A	B	0.3649447560310364
7845	HR09	Py26	A	B	0.3055610060691833
7846	HR09	Py28	A	B	0.3124934434890747
7847	HR09	Py30	A	B	0.3113865256309509
7848	HR09	Py32	A	B	0.3090633153915405
7849	HR09	Py34	A	B	0.3064783811569214
7850	HR09	Py36	A	B	0.3047851026058197
7851	HR09	Py38	A	B	0.3075865209102631
7852	HR09	Py40	A	B	0.3111202120780945
7853	HR09	Py42	A	B	0.315414160490036
7854	HR09	Py44	A	B	0.3215300738811493
7855	HR09	Py46	A	B	0.3194572031497955
7856	HR09	Py48	A	B	0.336893767118454
7857	HR09	Py52	A	B	0.2911987006664276
7858	HR09	Py54	A	B	0.3195388913154602
7859	HR09	Py56	A	B	0.3283222913742065
7860	HR09	Py58	A	B	0.3303434550762177
7861	HR09	Py62	A	B	0.3120332360267639
7862	HR09	Py64	A	B	0.308806836605072
7863	HR09	Py66	A	B	0.304488480091095
7864	HR09	Py68	A	B	0.3109297454357147
7865	HR09	Py70	A	B	0.2974540591239929
7866	HR09	Py72	A	B	0.3076920807361603
7867	HR09	Py79	A	B	0.3840250074863434
7868	HR09	Py81	A	B	0.3879019021987915
7869	HR09	Py83	A	B	0.3949573934078217
7870	HR09	Py85	A	B	0.3921856582164764
7871	HR09	Py87	A	B	0.3966516852378845
7872	HR09	P1extneg	A	B	0.422938346862793
7873	HR09	P1NTC2	A	B	0.5370197892189026
7874	HR09	P1PCRpos	A	B	0.418789803981781
7875	HR09	HR02	A	B	0.241940051317215
7876	HR09	HR06	A	B	0.2574594914913177
7877	HR09	HR08	A	B	0.3247805833816528
7878	HR09	HR10	A	B	0.2689599692821503
7879	HR09	HR12	A	B	0.2993482947349548
7880	HR09	HR18	A	B	0.2430699914693832
7881	HR09	HR20	A	B	0.2984732389450073
7882	HR09	HR22	A	B	0.2740914821624756
7883	HR09	HR24	A	B	0.2901160418987274
7884	HR09	HR30	A	B	0.4035219848155975
7885	HR09	HR36	A	B	0.363332986831665
7886	HR09	HR38	A	B	0.4055458605289459
7887	HR09	HR42	A	B	0.3719220459461212
7888	HR09	HR57	A	B	0.3215295374393463
7889	HR09	HR59	A	B	0.3812679946422577
7890	HR09	HR61	A	B	0.4273070693016052
7891	HR09	HR67	A	B	0.4049378335475922
7892	HR09	HR71	A	B	0.6255346536636353
7893	HR09	H1	A	B	0.3773766160011292
7894	HR09	H8	A	B	0.2685885429382324
7895	HR09	H12	A	B	0.3915125131607056
7896	HR09	H16	A	B	0.3927615582942963
7897	HR09	P2PCRpos	A	B	0.4170300960540771
7898	HR09	Han02	A	B	0.4413144886493683
7899	HR09	Han04	A	B	0.4418657720088959
7900	HR09	Han06	A	B	0.43839430809021
7901	HR09	Han08	A	B	0.4411048591136932
7902	HR09	Han10	A	B	0.4253372848033905
7903	HR09	Han12	A	B	0.4681664407253265
7904	HR09	Han14	A	B	0.423410177230835
7905	HR09	Han16	A	B	0.4328424334526062
7906	HR09	Han18	A	B	0.4308269619941711
7907	HR09	Han20	A	B	0.427559494972229
7908	HR09	Han22	A	B	0.4138493239879608
7909	HR09	Han26	A	B	0.4134687185287476
7910	HR09	Han28	A	B	0.40852952003479
7911	HR09	Han30	A	B	0.4201661348342896
7912	HR09	Han32	A	B	0.4216721653938293
7913	HR09	Han34	A	B	0.4128084778785706
7914	HR09	Han36	A	B	0.416862428188324
7915	HR09	Han38	A	B	0.4290655255317688
7916	HR09	Han40	A	B	0.4160283803939819
7917	HR09	Han42	A	B	0.4142782092094421
7918	HR09	Han44	A	B	0.4172958433628082
7919	HR09	Han46	A	B	0.4390541017055511
7920	HR09	Han48	A	B	0.4148030877113342
7921	HR09	P3PCRpos	A	B	0.4180893003940582
7922	HR11	Py2	A	B	0.3520829379558563
7923	HR11	Py4	A	B	0.353247344493866
7924	HR11	Py6	A	B	0.3596016764640808
7925	HR11	Py8	A	B	0.3640426695346832
7926	HR11	Py10	A	B	0.3734453618526459
7927	HR11	Py12	A	B	0.3512285947799683
7928	HR11	Py14	A	B	0.4062997102737427
7929	HR11	Py16	A	B	0.3581572771072388
7930	HR11	Py18	A	B	0.4087992310523987
7931	HR11	Py20	A	B	0.4230117499828339
7932	HR11	Py22	A	B	0.4084212183952332
7933	HR11	Py24	A	B	0.4321628212928772
7934	HR11	Py26	A	B	0.3500142991542816
7935	HR11	Py28	A	B	0.3574116826057434
7936	HR11	Py30	A	B	0.35676109790802
7937	HR11	Py32	A	B	0.354409396648407
7938	HR11	Py34	A	B	0.3502976298332214
7939	HR11	Py36	A	B	0.3492546677589417
7940	HR11	Py38	A	B	0.3495908975601196
7941	HR11	Py40	A	B	0.3573314547538757
7942	HR11	Py42	A	B	0.3616755604743958
7943	HR11	Py44	A	B	0.3705074489116669
7944	HR11	Py46	A	B	0.3668302595615387
7945	HR11	Py48	A	B	0.3895024061203003
7946	HR11	Py52	A	B	0.3414044380187988
7947	HR11	Py54	A	B	0.3658853769302368
7948	HR11	Py56	A	B	0.3768970966339111
7949	HR11	Py58	A	B	0.381582111120224
7950	HR11	Py62	A	B	0.3609858751296997
7951	HR11	Py64	A	B	0.35783851146698
7952	HR11	Py66	A	B	0.3543035984039307
7953	HR11	Py68	A	B	0.3597898185253143
7954	HR11	Py70	A	B	0.3463224768638611
7955	HR11	Py72	A	B	0.355699896812439
7956	HR11	Py79	A	B	0.4186671376228333
7957	HR11	Py81	A	B	0.4306107461452484
7958	HR11	Py83	A	B	0.4223681390285492
7959	HR11	Py85	A	B	0.4164402782917023
7960	HR11	Py87	A	B	0.4160228967666626
7961	HR11	P1extneg	A	B	0.4477878212928772
7962	HR11	P1NTC2	A	B	0.5919765830039978
7963	HR11	P1PCRpos	A	B	0.471647173166275
7964	HR11	HR02	A	B	0.1847042888402939
7965	HR11	HR06	A	B	0.198863610625267
7966	HR11	HR08	A	B	0.3470401167869568
7967	HR11	HR10	A	B	0.1799671649932861
7968	HR11	HR12	A	B	0.2286926209926605
7969	HR11	HR18	A	B	0.1477663367986679
7970	HR11	HR20	A	B	0.2082865685224533
7971	HR11	HR22	A	B	0.256764680147171
7972	HR11	HR24	A	B	0.1738619804382324
7973	HR11	HR30	A	B	0.302915096282959
7974	HR11	HR36	A	B	0.3880182504653931
7975	HR11	HR38	A	B	0.382998138666153
7976	HR11	HR42	A	B	0.3074575364589691
7977	HR11	HR57	A	B	0.2924900650978088
7978	HR11	HR59	A	B	0.3646222651004791
7979	HR11	HR61	A	B	0.3200272917747498
7980	HR11	HR67	A	B	0.3969297707080841
7981	HR11	HR71	A	B	0.6483852863311768
7982	HR11	H1	A	B	0.2975584864616394
7983	HR11	H8	A	B	0.1753283441066742
7984	HR11	H12	A	B	0.2993790209293365
7985	HR11	H16	A	B	0.2804310619831085
7986	HR11	P2PCRpos	A	B	0.4696305990219116
7987	HR11	Han02	A	B	0.4608297646045685
7988	HR11	Han04	A	B	0.4928038716316223
7989	HR11	Han06	A	B	0.4651442170143127
7990	HR11	Han08	A	B	0.4788073301315308
7991	HR11	Han10	A	B	0.4390981495380402
7992	HR11	Han12	A	B	0.5247573256492615
7993	HR11	Han14	A	B	0.4450924396514893
7994	HR11	Han16	A	B	0.4635741710662842
7995	HR11	Han18	A	B	0.4720572531223297
7996	HR11	Han20	A	B	0.4555690586566925
7997	HR11	Han22	A	B	0.4421712756156921
7998	HR11	Han26	A	B	0.4235478341579437
7999	HR11	Han28	A	B	0.4418921768665314
8000	HR11	Han30	A	B	0.4473707377910614
8001	HR11	Han32	A	B	0.4453031420707703
8002	HR11	Han34	A	B	0.4612357616424561
8003	HR11	Han36	A	B	0.4543374478816986
8004	HR11	Han38	A	B	0.4599760174751282
8005	HR11	Han40	A	B	0.4253763258457184
8006	HR11	Han42	A	B	0.4640577435493469
8007	HR11	Han44	A	B	0.4653033316135406
8008	HR11	Han46	A	B	0.467244029045105
8009	HR11	Han48	A	B	0.4612818956375122
8010	HR11	P3PCRpos	A	B	0.4707086682319641
8011	HR15	Py2	A	B	0.4397876560688019
8012	HR15	Py4	A	B	0.4409526586532593
8013	HR15	Py6	A	B	0.4448403418064117
8014	HR15	Py8	A	B	0.4527834355831146
8015	HR15	Py10	A	B	0.4621247947216034
8016	HR15	Py12	A	B	0.4393383860588074
8017	HR15	Py14	A	B	0.4861540794372559
8018	HR15	Py16	A	B	0.4472007751464844
8019	HR15	Py18	A	B	0.4897609353065491
8020	HR15	Py20	A	B	0.5045150518417358
8021	HR15	Py22	A	B	0.4889232516288757
8022	HR15	Py24	A	B	0.5123115181922913
8023	HR15	Py26	A	B	0.4388866722583771
8024	HR15	Py28	A	B	0.4469876289367676
8025	HR15	Py30	A	B	0.4472361505031586
8026	HR15	Py32	A	B	0.4449259042739868
8027	HR15	Py34	A	B	0.4410644173622131
8028	HR15	Py36	A	B	0.4399978518486023
8029	HR15	Py38	A	B	0.4324107766151428
8030	HR15	Py40	A	B	0.4412928223609924
8031	HR15	Py42	A	B	0.4446624517440796
8032	HR15	Py44	A	B	0.4538065195083618
8033	HR15	Py46	A	B	0.4515907168388367
8034	HR15	Py48	A	B	0.4676820933818817
8035	HR15	Py52	A	B	0.4235572814941406
8036	HR15	Py54	A	B	0.4533257484436035
8037	HR15	Py56	A	B	0.46209317445755
8038	HR15	Py58	A	B	0.463974803686142
8039	HR15	Py62	A	B	0.4446036219596863
8040	HR15	Py64	A	B	0.4416031241416931
8041	HR15	Py66	A	B	0.4379415810108185
8042	HR15	Py68	A	B	0.44293212890625
8043	HR15	Py70	A	B	0.42988121509552
8044	HR15	Py72	A	B	0.4391199946403503
8045	HR15	Py79	A	B	0.4626623392105103
8046	HR15	Py81	A	B	0.4565873444080353
8047	HR15	Py83	A	B	0.4498710036277771
8048	HR15	Py85	A	B	0.447424590587616
8049	HR15	Py87	A	B	0.4506148099899292
8050	HR15	P1extneg	A	B	0.517528235912323
8051	HR15	P1NTC2	A	B	0.6504274010658264
8052	HR15	P1PCRpos	A	B	0.5340746641159058
8053	HR15	HR02	A	B	0.2430368512868881
8054	HR15	HR06	A	B	0.2021666616201401
8055	HR15	HR08	A	B	0.3574877381324768
8056	HR15	HR10	A	B	0.237520769238472
8057	HR15	HR12	A	B	0.1395139843225479
8058	HR15	HR18	A	B	0.2095402777194977
8059	HR15	HR20	A	B	0.3401104509830475
8060	HR15	HR22	A	B	0.2732587158679962
8061	HR15	HR24	A	B	0.3124867379665375
8062	HR15	HR30	A	B	0.416390597820282
8063	HR15	HR36	A	B	0.4659596979618073
8064	HR15	HR38	A	B	0.4773334860801697
8065	HR15	HR42	A	B	0.3828681111335754
8066	HR15	HR57	A	B	0.2880165278911591
8067	HR15	HR59	A	B	0.4560250639915466
8068	HR15	HR61	A	B	0.4400357604026794
8069	HR15	HR67	A	B	0.4565666615962982
8070	HR15	HR71	A	B	0.5083791613578796
8071	HR15	H1	A	B	0.3928428292274475
8072	HR15	H8	A	B	0.253732830286026
8073	HR15	H12	A	B	0.4107945561408997
8074	HR15	H16	A	B	0.394867330789566
8075	HR15	P2PCRpos	A	B	0.5321993231773376
8076	HR15	Han02	A	B	0.4814714193344116
8077	HR15	Han04	A	B	0.5455777049064636
8078	HR15	Han06	A	B	0.484917938709259
8079	HR15	Han08	A	B	0.5606232285499573
8080	HR15	Han10	A	B	0.4630070328712463
8081	HR15	Han12	A	B	0.5979888439178467
8082	HR15	Han14	A	B	0.4634497761726379
8083	HR15	Han16	A	B	0.4760498404502869
8084	HR15	Han18	A	B	0.4812127947807312
8085	HR15	Han20	A	B	0.4692130982875824
8086	HR15	Han22	A	B	0.4778676331043243
8087	HR15	Han26	A	B	0.4972245395183563
8088	HR15	Han28	A	B	0.4820371270179749
8089	HR15	Han30	A	B	0.4829936027526855
8090	HR15	Han32	A	B	0.4825247228145599
8091	HR15	Han34	A	B	0.5359880924224854
8092	HR15	Han36	A	B	0.5064211487770081
8093	HR15	Han38	A	B	0.524751603603363
8094	HR15	Han40	A	B	0.505558967590332
8095	HR15	Han42	A	B	0.5266857743263245
8096	HR15	Han44	A	B	0.5423930883407593
8097	HR15	Han46	A	B	0.485526442527771
8098	HR15	Han48	A	B	0.5133255124092102
8099	HR15	P3PCRpos	A	B	0.5332740545272827
8100	HR19	Py2	A	B	0.356450617313385
8101	HR19	Py4	A	B	0.3578612208366394
8102	HR19	Py6	A	B	0.3669601678848267
8103	HR19	Py8	A	B	0.3679283261299133
8104	HR19	Py10	A	B	0.3800196647644043
8105	HR19	Py12	A	B	0.3548429608345032
8106	HR19	Py14	A	B	0.4128307998180389
8107	HR19	Py16	A	B	0.362512618303299
8108	HR19	Py18	A	B	0.4155823588371277
8109	HR19	Py20	A	B	0.4308807253837585
8110	HR19	Py22	A	B	0.4149906635284424
8111	HR19	Py24	A	B	0.4405168294906616
8112	HR19	Py26	A	B	0.3540262877941132
8113	HR19	Py28	A	B	0.3615149557590485
8114	HR19	Py30	A	B	0.3612756729125977
8115	HR19	Py32	A	B	0.3592197895050049
8116	HR19	Py34	A	B	0.3551198244094849
8117	HR19	Py36	A	B	0.354087620973587
8118	HR19	Py38	A	B	0.3466073274612427
8119	HR19	Py40	A	B	0.3536803126335144
8120	HR19	Py42	A	B	0.3574797213077545
8121	HR19	Py44	A	B	0.3698508441448212
8122	HR19	Py46	A	B	0.3668282032012939
8123	HR19	Py48	A	B	0.3894672989845276
8124	HR19	Py52	A	B	0.3384073078632355
8125	HR19	Py54	A	B	0.3694289028644562
8126	HR19	Py56	A	B	0.3834826946258545
8127	HR19	Py58	A	B	0.3877403140068054
8128	HR19	Py62	A	B	0.3571503162384033
8129	HR19	Py64	A	B	0.3541662693023682
8130	HR19	Py66	A	B	0.3510756194591522
8131	HR19	Py68	A	B	0.3561842143535614
8132	HR19	Py70	A	B	0.3432560861110687
8133	HR19	Py72	A	B	0.3528826236724854
8134	HR19	Py79	A	B	0.4074223637580872
8135	HR19	Py81	A	B	0.4135967493057251
8136	HR19	Py83	A	B	0.4056237936019897
8137	HR19	Py85	A	B	0.4042342007160187
8138	HR19	Py87	A	B	0.3836670517921448
8139	HR19	P1extneg	A	B	0.4281809031963348
8140	HR19	P1NTC2	A	B	0.5983119010925293
8141	HR19	P1PCRpos	A	B	0.4841336905956268
8142	HR19	HR02	A	B	0.1849151700735092
8143	HR19	HR06	A	B	0.2245512753725052
8144	HR19	HR08	A	B	0.3385061621665955
8145	HR19	HR10	A	B	0.1606060564517975
8146	HR19	HR12	A	B	0.2633854448795319
8147	HR19	HR18	A	B	0.1475866436958313
8148	HR19	HR20	A	B	0.2100127041339874
8149	HR19	HR22	A	B	0.2207219451665878
8150	HR19	HR24	A	B	0.1799769103527069
8151	HR19	HR30	A	B	0.2947081327438354
8152	HR19	HR36	A	B	0.4048869609832764
8153	HR19	HR38	A	B	0.3768704831600189
8154	HR19	HR42	A	B	0.2957011461257935
8155	HR19	HR57	A	B	0.2345667034387589
8156	HR19	HR59	A	B	0.3560436069965363
8157	HR19	HR61	A	B	0.3147039711475372
8158	HR19	HR67	A	B	0.3756462335586548
8159	HR19	HR71	A	B	0.6701621413230896
8160	HR19	H1	A	B	0.2823058068752289
8161	HR19	H8	A	B	0.1539414077997208
8162	HR19	H12	A	B	0.2807787358760834
8163	HR19	H16	A	B	0.2764454782009125
8164	HR19	P2PCRpos	A	B	0.4823422133922577
8165	HR19	Han02	A	B	0.4416925311088562
8166	HR19	Han04	A	B	0.4819196462631226
8167	HR19	Han06	A	B	0.4527870118618011
8168	HR19	Han08	A	B	0.4851310253143311
8169	HR19	Han10	A	B	0.4277074635028839
8170	HR19	Han12	A	B	0.529074490070343
8171	HR19	Han14	A	B	0.4207124412059784
8172	HR19	Han16	A	B	0.4486668705940247
8173	HR19	Han18	A	B	0.458050012588501
8174	HR19	Han20	A	B	0.4435738325119019
8175	HR19	Han22	A	B	0.4343967139720917
8176	HR19	Han26	A	B	0.4254776537418365
8177	HR19	Han28	A	B	0.4329298436641693
8178	HR19	Han30	A	B	0.4355347752571106
8179	HR19	Han32	A	B	0.4377617835998535
8180	HR19	Han34	A	B	0.4650955200195312
8181	HR19	Han36	A	B	0.4429226219654083
8182	HR19	Han38	A	B	0.4555050432682037
8183	HR19	Han40	A	B	0.4246784746646881
8184	HR19	Han42	A	B	0.4571671783924103
8185	HR19	Han44	A	B	0.4730952680110931
8186	HR19	Han46	A	B	0.452171117067337
8187	HR19	Han48	A	B	0.4478428661823273
8188	HR19	P3PCRpos	A	B	0.4833955466747284
8189	HR21	Py2	A	B	0.3709895312786102
8190	HR21	Py4	A	B	0.3722470998764038
8191	HR21	Py6	A	B	0.375752180814743
8192	HR21	Py8	A	B	0.3817429542541504
8193	HR21	Py10	A	B	0.3897543251514435
8194	HR21	Py12	A	B	0.3709860146045685
8195	HR21	Py14	A	B	0.4228160977363586
8196	HR21	Py16	A	B	0.3763527274131775
8197	HR21	Py18	A	B	0.424925297498703
8198	HR21	Py20	A	B	0.4390988647937775
8199	HR21	Py22	A	B	0.4245779812335968
8200	HR21	Py24	A	B	0.448884904384613
8201	HR21	Py26	A	B	0.3701522052288055
8202	HR21	Py28	A	B	0.3756596148014069
8203	HR21	Py30	A	B	0.372674286365509
8204	HR21	Py32	A	B	0.3708555698394775
8205	HR21	Py34	A	B	0.3684854209423065
8206	HR21	Py36	A	B	0.3669844269752502
8207	HR21	Py38	A	B	0.3712280690670013
8208	HR21	Py40	A	B	0.3792352080345154
8209	HR21	Py42	A	B	0.3833222389221191
8210	HR21	Py44	A	B	0.3918067812919617
8211	HR21	Py46	A	B	0.3882969915866852
8212	HR21	Py48	A	B	0.4106848239898682
8213	HR21	Py52	A	B	0.3624275922775269
8214	HR21	Py54	A	B	0.3872843980789185
8215	HR21	Py56	A	B	0.3990011513233185
8216	HR21	Py58	A	B	0.4035050868988037
8217	HR21	Py62	A	B	0.3827450275421143
8218	HR21	Py64	A	B	0.3791548311710358
8219	HR21	Py66	A	B	0.3759184777736664
8220	HR21	Py68	A	B	0.3808312118053436
8221	HR21	Py70	A	B	0.3673988282680511
8222	HR21	Py72	A	B	0.3768806457519531
8223	HR21	Py79	A	B	0.4045707285404205
8224	HR21	Py81	A	B	0.4156847596168518
8225	HR21	Py83	A	B	0.4072251915931702
8226	HR21	Py85	A	B	0.4031513035297394
8227	HR21	Py87	A	B	0.388498067855835
8228	HR21	P1extneg	A	B	0.4217579066753387
8229	HR21	P1NTC2	A	B	0.6036190390586853
8230	HR21	P1PCRpos	A	B	0.4767569303512573
8231	HR21	HR02	A	B	0.1557057648897171
8232	HR21	HR06	A	B	0.2060928791761398
8233	HR21	HR08	A	B	0.3183920979499817
8234	HR21	HR10	A	B	0.1228358000516891
8235	HR21	HR12	A	B	0.250596821308136
8236	HR21	HR18	A	B	0.1539224684238434
8237	HR21	HR20	A	B	0.241993710398674
8238	HR21	HR22	A	B	0.250960499048233
8239	HR21	HR24	A	B	0.1557154953479767
8240	HR21	HR30	A	B	0.2759927213191986
8241	HR21	HR36	A	B	0.3939500749111176
8242	HR21	HR38	A	B	0.358428955078125
8243	HR21	HR42	A	B	0.2517949044704437
8244	HR21	HR57	A	B	0.2531065344810486
8245	HR21	HR59	A	B	0.342042863368988
8246	HR21	HR61	A	B	0.2863428890705109
8247	HR21	HR67	A	B	0.3326736986637115
8248	HR21	HR71	A	B	0.6709965467453003
8249	HR21	H1	A	B	0.2681872844696045
8250	HR21	H8	A	B	0.1684745401144028
8251	HR21	H12	A	B	0.2634669244289398
8252	HR21	H16	A	B	0.2586631178855896
8253	HR21	P2PCRpos	A	B	0.4750217199325562
8254	HR21	Han02	A	B	0.4415819644927979
8255	HR21	Han04	A	B	0.4896133542060852
8256	HR21	Han06	A	B	0.4503781497478485
8257	HR21	Han08	A	B	0.5004541277885437
8258	HR21	Han10	A	B	0.4263441860675812
8259	HR21	Han12	A	B	0.5378006100654602
8260	HR21	Han14	A	B	0.419002890586853
8261	HR21	Han16	A	B	0.4471670389175415
8262	HR21	Han18	A	B	0.4569719135761261
8263	HR21	Han20	A	B	0.4387882947921753
8264	HR21	Han22	A	B	0.4251492321491241
8265	HR21	Han26	A	B	0.4271766543388367
8266	HR21	Han28	A	B	0.4288541674613953
8267	HR21	Han30	A	B	0.4338385760784149
8268	HR21	Han32	A	B	0.4276529252529144
8269	HR21	Han34	A	B	0.476095050573349
8270	HR21	Han36	A	B	0.4517361521720886
8271	HR21	Han38	A	B	0.458113431930542
8272	HR21	Han40	A	B	0.4426040351390839
8273	HR21	Han42	A	B	0.4719178080558777
8274	HR21	Han44	A	B	0.4842869639396667
8275	HR21	Han46	A	B	0.4489676952362061
8276	HR21	Han48	A	B	0.4607414305210114
8277	HR21	P3PCRpos	A	B	0.4760750234127045
8278	HR25	Py2	A	B	0.4842806458473206
8279	HR25	Py4	A	B	0.4837117195129395
8280	HR25	Py6	A	B	0.4845839738845825
8281	HR25	Py8	A	B	0.4911717176437378
8282	HR25	Py10	A	B	0.4985153079032898
8283	HR25	Py12	A	B	0.4825584888458252
8284	HR25	Py14	A	B	0.5176690220832825
8285	HR25	Py16	A	B	0.4862419068813324
8286	HR25	Py18	A	B	0.5187209844589233
8287	HR25	Py20	A	B	0.5265517234802246
8288	HR25	Py22	A	B	0.5182229280471802
8289	HR25	Py24	A	B	0.5334498882293701
8290	HR25	Py26	A	B	0.4788516163825989
8291	HR25	Py28	A	B	0.4839542210102081
8292	HR25	Py30	A	B	0.4810253977775574
8293	HR25	Py32	A	B	0.4796653389930725
8294	HR25	Py34	A	B	0.4768778681755066
8295	HR25	Py36	A	B	0.4745019972324371
8296	HR25	Py38	A	B	0.4887360036373138
8297	HR25	Py40	A	B	0.4951508939266205
8298	HR25	Py42	A	B	0.4993857443332672
8299	HR25	Py44	A	B	0.5072728991508484
8300	HR25	Py46	A	B	0.5040662288665771
8301	HR25	Py48	A	B	0.5217903852462769
8302	HR25	Py52	A	B	0.4788293838500977
8303	HR25	Py54	A	B	0.504037618637085
8304	HR25	Py56	A	B	0.5135190486907959
8305	HR25	Py58	A	B	0.515537440776825
8306	HR25	Py62	A	B	0.4983486235141754
8307	HR25	Py64	A	B	0.4944600164890289
8308	HR25	Py66	A	B	0.492141455411911
8309	HR25	Py68	A	B	0.4962756335735321
8310	HR25	Py70	A	B	0.4832663536071777
8311	HR25	Py72	A	B	0.492364376783371
8312	HR25	Py79	A	B	0.5318830609321594
8313	HR25	Py81	A	B	0.5406265258789062
8314	HR25	Py83	A	B	0.5332034826278687
8315	HR25	Py85	A	B	0.5301011800765991
8316	HR25	Py87	A	B	0.5277554988861084
8317	HR25	P1extneg	A	B	0.4895690679550171
8318	HR25	P1NTC2	A	B	0.6752495765686035
8319	HR25	P1PCRpos	A	B	0.527899444103241
8320	HR25	HR02	A	B	0.4055868685245514
8321	HR25	HR06	A	B	0.4575538039207458
8322	HR25	HR08	A	B	0.5200793147087097
8323	HR25	HR10	A	B	0.4016461372375488
8324	HR25	HR12	A	B	0.4816681146621704
8325	HR25	HR18	A	B	0.4138547480106354
8326	HR25	HR20	A	B	0.4118919670581818
8327	HR25	HR22	A	B	0.4666792452335358
8328	HR25	HR24	A	B	0.3598474562168121
8329	HR25	HR30	A	B	0.3653571307659149
8330	HR25	HR36	A	B	0.2742588818073273
8331	HR25	HR38	A	B	0.1967223137617111
8332	HR25	HR42	A	B	0.260435938835144
8333	HR25	HR57	A	B	0.4454978704452515
8334	HR25	HR59	A	B	0.224222868680954
8335	HR25	HR61	A	B	0.3534292876720428
8336	HR25	HR67	A	B	0.2283955216407776
8337	HR25	HR71	A	B	0.7872123122215271
8338	HR25	H1	A	B	0.3497498035430908
8339	HR25	H8	A	B	0.4198029637336731
8340	HR25	H12	A	B	0.3568236529827118
8341	HR25	H16	A	B	0.3591066002845764
8342	HR25	P2PCRpos	A	B	0.5278682708740234
8343	HR25	Han02	A	B	0.5614462494850159
8344	HR25	Han04	A	B	0.6140559911727905
8345	HR25	Han06	A	B	0.5597633719444275
8346	HR25	Han08	A	B	0.5935699343681335
8347	HR25	Han10	A	B	0.548772931098938
8348	HR25	Han12	A	B	0.6308954954147339
8349	HR25	Han14	A	B	0.5354066491127014
8350	HR25	Han16	A	B	0.5592179298400879
8351	HR25	Han18	A	B	0.5675178170204163
8352	HR25	Han20	A	B	0.5594094395637512
8353	HR25	Han22	A	B	0.5577743649482727
8354	HR25	Han26	A	B	0.5371601581573486
8355	HR25	Han28	A	B	0.5628793835639954
8356	HR25	Han30	A	B	0.569721519947052
8357	HR25	Han32	A	B	0.557201623916626
8358	HR25	Han34	A	B	0.582343578338623
8359	HR25	Han36	A	B	0.5760960578918457
8360	HR25	Han38	A	B	0.576166033744812
8361	HR25	Han40	A	B	0.5537049174308777
8362	HR25	Han42	A	B	0.5848473310470581
8363	HR25	Han44	A	B	0.586809515953064
8364	HR25	Han46	A	B	0.5554969310760498
8365	HR25	Han48	A	B	0.5798847079277039
8366	HR25	P3PCRpos	A	B	0.5288691520690918
8367	HR31	Py2	A	B	0.4754788875579834
8368	HR31	Py4	A	B	0.4731906354427338
8369	HR31	Py6	A	B	0.4755321145057678
8370	HR31	Py8	A	B	0.4741704165935516
8371	HR31	Py10	A	B	0.4797783493995667
8372	HR31	Py12	A	B	0.465932697057724
8373	HR31	Py14	A	B	0.4995394051074982
8374	HR31	Py16	A	B	0.4708332717418671
8375	HR31	Py18	A	B	0.5001101493835449
8376	HR31	Py20	A	B	0.5074874758720398
8377	HR31	Py22	A	B	0.5005069971084595
8378	HR31	Py24	A	B	0.5161803960800171
8379	HR31	Py26	A	B	0.4669212996959686
8380	HR31	Py28	A	B	0.4690696001052856
8381	HR31	Py30	A	B	0.4644336700439453
8382	HR31	Py32	A	B	0.4619913697242737
8383	HR31	Py34	A	B	0.461813896894455
8384	HR31	Py36	A	B	0.4605542719364166
8385	HR31	Py38	A	B	0.4754021465778351
8386	HR31	Py40	A	B	0.4790326654911041
8387	HR31	Py42	A	B	0.4835363328456879
8388	HR31	Py44	A	B	0.4904331862926483
8389	HR31	Py46	A	B	0.4874774217605591
8390	HR31	Py48	A	B	0.5051298141479492
8391	HR31	Py52	A	B	0.4632115364074707
8392	HR31	Py54	A	B	0.4874229431152344
8393	HR31	Py56	A	B	0.4968955814838409
8394	HR31	Py58	A	B	0.498709112405777
8395	HR31	Py62	A	B	0.4822637140750885
8396	HR31	Py64	A	B	0.4784793257713318
8397	HR31	Py66	A	B	0.475807785987854
8398	HR31	Py68	A	B	0.4805541038513184
8399	HR31	Py70	A	B	0.4678266644477844
8400	HR31	Py72	A	B	0.476510763168335
8401	HR31	Py79	A	B	0.5299224853515625
8402	HR31	Py81	A	B	0.5387463569641113
8403	HR31	Py83	A	B	0.5310964584350586
8404	HR31	Py85	A	B	0.5286587476730347
8405	HR31	Py87	A	B	0.5260094404220581
8406	HR31	P1extneg	A	B	0.5229427218437195
8407	HR31	P1NTC2	A	B	0.6574190258979797
8408	HR31	P1PCRpos	A	B	0.5061421394348145
8409	HR31	HR02	A	B	0.4236882328987122
8410	HR31	HR06	A	B	0.4734964072704315
8411	HR31	HR08	A	B	0.5167538523674011
8412	HR31	HR10	A	B	0.4183948636054993
8413	HR31	HR12	A	B	0.5036017298698425
8414	HR31	HR18	A	B	0.4323568344116211
8415	HR31	HR20	A	B	0.4263516664505005
8416	HR31	HR22	A	B	0.4852954149246216
8417	HR31	HR24	A	B	0.3763904869556427
8418	HR31	HR30	A	B	0.4370162785053253
8419	HR31	HR36	A	B	0.2423422187566757
8420	HR31	HR38	A	B	0.1447826772928238
8421	HR31	HR42	A	B	0.3234095573425293
8422	HR31	HR57	A	B	0.4643698632717133
8423	HR31	HR59	A	B	0.2139896601438522
8424	HR31	HR61	A	B	0.4254710078239441
8425	HR31	HR67	A	B	0.2662745118141174
8426	HR31	HR71	A	B	0.7919778227806091
8427	HR31	H1	A	B	0.421406090259552
8428	HR31	H8	A	B	0.4373837113380432
8429	HR31	H12	A	B	0.4273546636104584
8430	HR31	H16	A	B	0.4311343431472778
8431	HR31	P2PCRpos	A	B	0.5064828991889954
8432	HR31	Han02	A	B	0.5633469223976135
8433	HR31	Han04	A	B	0.610792875289917
8434	HR31	Han06	A	B	0.5599743723869324
8435	HR31	Han08	A	B	0.586215615272522
8436	HR31	Han10	A	B	0.5536729097366333
8437	HR31	Han12	A	B	0.6225618124008179
8438	HR31	Han14	A	B	0.5362163782119751
8439	HR31	Han16	A	B	0.5604823231697083
8440	HR31	Han18	A	B	0.5697762966156006
8441	HR31	Han20	A	B	0.5610129833221436
8442	HR31	Han22	A	B	0.5564041137695312
8443	HR31	Han26	A	B	0.5481262803077698
8444	HR31	Han28	A	B	0.5644253492355347
8445	HR31	Han30	A	B	0.5776875615119934
8446	HR31	Han32	A	B	0.5575891733169556
8447	HR31	Han34	A	B	0.5841686725616455
8448	HR31	Han36	A	B	0.5829505920410156
8449	HR31	Han38	A	B	0.5789470672607422
8450	HR31	Han40	A	B	0.564850926399231
8451	HR31	Han42	A	B	0.5817690491676331
8452	HR31	Han44	A	B	0.5848771333694458
8453	HR31	Han46	A	B	0.5552127361297607
8454	HR31	Han48	A	B	0.5761269927024841
8455	HR31	P3PCRpos	A	B	0.5074411034584045
8456	HR33	Py2	A	B	0.3981563150882721
8457	HR33	Py4	A	B	0.3995170295238495
8458	HR33	Py6	A	B	0.405463695526123
8459	HR33	Py8	A	B	0.412731260061264
8460	HR33	Py10	A	B	0.4223225116729736
8461	HR33	Py12	A	B	0.3985380828380585
8462	HR33	Py14	A	B	0.4421529173851013
8463	HR33	Py16	A	B	0.4070769548416138
8464	HR33	Py18	A	B	0.4463792741298676
8465	HR33	Py20	A	B	0.4612255990505219
8466	HR33	Py22	A	B	0.4456502795219421
8467	HR33	Py24	A	B	0.4669898450374603
8468	HR33	Py26	A	B	0.3991444110870361
8469	HR33	Py28	A	B	0.4082761406898499
8470	HR33	Py30	A	B	0.408144474029541
8471	HR33	Py32	A	B	0.4059242010116577
8472	HR33	Py34	A	B	0.4021382331848145
8473	HR33	Py36	A	B	0.4011304974555969
8474	HR33	Py38	A	B	0.3869118094444275
8475	HR33	Py40	A	B	0.3982411026954651
8476	HR33	Py42	A	B	0.399105429649353
8477	HR33	Py44	A	B	0.4116988182067871
8478	HR33	Py46	A	B	0.4092987477779388
8479	HR33	Py48	A	B	0.4261786639690399
8480	HR33	Py52	A	B	0.3787688016891479
8481	HR33	Py54	A	B	0.4111631214618683
8482	HR33	Py56	A	B	0.4206824898719788
8483	HR33	Py58	A	B	0.4225180149078369
8484	HR33	Py62	A	B	0.4001201987266541
8485	HR33	Py64	A	B	0.3958376348018646
8486	HR33	Py66	A	B	0.3923942148685455
8487	HR33	Py68	A	B	0.398844838142395
8488	HR33	Py70	A	B	0.3869830369949341
8489	HR33	Py72	A	B	0.3934969007968903
8490	HR33	Py79	A	B	0.4390106797218323
8491	HR33	Py81	A	B	0.4464185833930969
8492	HR33	Py83	A	B	0.4327903985977173
8493	HR33	Py85	A	B	0.4331153631210327
8494	HR33	Py87	A	B	0.4139310121536255
8495	HR33	P1extneg	A	B	0.4000527560710907
8496	HR33	P1NTC2	A	B	0.6098554134368896
8497	HR33	P1PCRpos	A	B	0.5016754269599915
8498	HR33	HR02	A	B	0.2059803009033203
8499	HR33	HR06	A	B	0.2932064235210419
8500	HR33	HR08	A	B	0.4058529138565063
8501	HR33	HR10	A	B	0.2195123434066772
8502	HR33	HR12	A	B	0.3178505599498749
8503	HR33	HR18	A	B	0.2038260400295258
8504	HR33	HR20	A	B	0.2473932802677155
8505	HR33	HR22	A	B	0.2901785671710968
8506	HR33	HR24	A	B	0.1774354130029678
8507	HR33	HR30	A	B	0.2486545294523239
8508	HR33	HR36	A	B	0.4060359001159668
8509	HR33	HR38	A	B	0.3730154037475586
8510	HR33	HR42	A	B	0.2630204260349274
8511	HR33	HR57	A	B	0.2818218767642975
8512	HR33	HR59	A	B	0.359943300485611
8513	HR33	HR61	A	B	0.2775526642799377
8514	HR33	HR67	A	B	0.3347004055976868
8515	HR33	HR71	A	B	0.7084131836891174
8516	HR33	H1	A	B	0.2294563502073288
8517	HR33	H8	A	B	0.2119695097208023
8518	HR33	H12	A	B	0.2471916973590851
8519	HR33	H16	A	B	0.2325789034366608
8520	HR33	P2PCRpos	A	B	0.4997571706771851
8521	HR33	Han02	A	B	0.4703142642974854
8522	HR33	Han04	A	B	0.5192579627037048
8523	HR33	Han06	A	B	0.4812744855880737
8524	HR33	Han08	A	B	0.5131727457046509
8525	HR33	Han10	A	B	0.4637881815433502
8526	HR33	Han12	A	B	0.5501001477241516
8527	HR33	Han14	A	B	0.4479624032974243
8528	HR33	Han16	A	B	0.4774526655673981
8529	HR33	Han18	A	B	0.4891672730445862
8530	HR33	Han20	A	B	0.4742268323898315
8531	HR33	Han22	A	B	0.4693486988544464
8532	HR33	Han26	A	B	0.4595549702644348
8533	HR33	Han28	A	B	0.4755860567092896
8534	HR33	Han30	A	B	0.4771112203598022
8535	HR33	Han32	A	B	0.4743457138538361
8536	HR33	Han34	A	B	0.4985737204551697
8537	HR33	Han36	A	B	0.4845512509346008
8538	HR33	Han38	A	B	0.498746395111084
8539	HR33	Han40	A	B	0.4568026959896088
8540	HR33	Han42	A	B	0.4959417581558228
8541	HR33	Han44	A	B	0.5051179528236389
8542	HR33	Han46	A	B	0.4784348905086517
8543	HR33	Han48	A	B	0.4895520806312561
8544	HR33	P3PCRpos	A	B	0.5008352398872375
8545	HR37	Py2	A	B	0.4065249562263489
8546	HR37	Py4	A	B	0.4064905047416687
8547	HR37	Py6	A	B	0.4107186496257782
8548	HR37	Py8	A	B	0.410748153924942
8549	HR37	Py10	A	B	0.4179663360118866
8550	HR37	Py12	A	B	0.4023853242397308
8551	HR37	Py14	A	B	0.4365048110485077
8552	HR37	Py16	A	B	0.4063997268676758
8553	HR37	Py18	A	B	0.4387935996055603
8554	HR37	Py20	A	B	0.4466706812381744
8555	HR37	Py22	A	B	0.4385105967521667
8556	HR37	Py24	A	B	0.4562830030918121
8557	HR37	Py26	A	B	0.4001975655555725
8558	HR37	Py28	A	B	0.4034397602081299
8559	HR37	Py30	A	B	0.4001501202583313
8560	HR37	Py32	A	B	0.3979253768920898
8561	HR37	Py34	A	B	0.3967859148979187
8562	HR37	Py36	A	B	0.3949222564697266
8563	HR37	Py38	A	B	0.4083153009414673
8564	HR37	Py40	A	B	0.416100025177002
8565	HR37	Py42	A	B	0.4205461144447327
8566	HR37	Py44	A	B	0.4286887049674988
8567	HR37	Py46	A	B	0.4254052639007568
8568	HR37	Py48	A	B	0.4419033527374268
8569	HR37	Py52	A	B	0.3994725346565247
8570	HR37	Py54	A	B	0.4248360097408295
8571	HR37	Py56	A	B	0.4345877170562744
8572	HR37	Py58	A	B	0.4362718164920807
8573	HR37	Py62	A	B	0.4193169176578522
8574	HR37	Py64	A	B	0.4159300923347473
8575	HR37	Py66	A	B	0.4127623438835144
8576	HR37	Py68	A	B	0.4177525639533997
8577	HR37	Py70	A	B	0.4043518900871277
8578	HR37	Py72	A	B	0.4135165512561798
8579	HR37	Py79	A	B	0.4663427472114563
8580	HR37	Py81	A	B	0.4735368192195892
8581	HR37	Py83	A	B	0.4636808931827545
8582	HR37	Py85	A	B	0.4599882960319519
8583	HR37	Py87	A	B	0.4672361016273499
8584	HR37	P1extneg	A	B	0.4947390258312225
8585	HR37	P1NTC2	A	B	0.6085745692253113
8586	HR37	P1PCRpos	A	B	0.463040828704834
8587	HR37	HR02	A	B	0.3276031613349915
8588	HR37	HR06	A	B	0.3829190731048584
8589	HR37	HR08	A	B	0.4424920976161957
8590	HR37	HR10	A	B	0.3326990604400635
8591	HR37	HR12	A	B	0.4192578494548798
8592	HR37	HR18	A	B	0.3412194848060608
8593	HR37	HR20	A	B	0.3312896490097046
8594	HR37	HR22	A	B	0.3946429491043091
8595	HR37	HR24	A	B	0.3201601505279541
8596	HR37	HR30	A	B	0.4023874700069427
8597	HR37	HR36	A	B	0.1875177025794983
8598	HR37	HR38	A	B	0.180261492729187
8599	HR37	HR42	A	B	0.2866213619709015
8600	HR37	HR57	A	B	0.3870635628700256
8601	HR37	HR59	A	B	0.1779114753007889
8602	HR37	HR61	A	B	0.3936595320701599
8603	HR37	HR67	A	B	0.2748688459396362
8604	HR37	HR71	A	B	0.7330151796340942
8605	HR37	H1	A	B	0.3938457369804382
8606	HR37	H8	A	B	0.344254195690155
8607	HR37	H12	A	B	0.398191511631012
8608	HR37	H16	A	B	0.4012969434261322
8609	HR37	P2PCRpos	A	B	0.4610913991928101
8610	HR37	Han02	A	B	0.5057355165481567
8611	HR37	Han04	A	B	0.5555388927459717
8612	HR37	Han06	A	B	0.5025985240936279
8613	HR37	Han08	A	B	0.5313119292259216
8614	HR37	Han10	A	B	0.4904915392398834
8615	HR37	Han12	A	B	0.5616639852523804
8616	HR37	Han14	A	B	0.4780706167221069
8617	HR37	Han16	A	B	0.5010549426078796
8618	HR37	Han18	A	B	0.5103060603141785
8619	HR37	Han20	A	B	0.5002691745758057
8620	HR37	Han22	A	B	0.4945844411849976
8621	HR37	Han26	A	B	0.4811914563179016
8622	HR37	Han28	A	B	0.5028967261314392
8623	HR37	Han30	A	B	0.5145018696784973
8624	HR37	Han32	A	B	0.4957413673400879
8625	HR37	Han34	A	B	0.5226329565048218
8626	HR37	Han36	A	B	0.5199882984161377
8627	HR37	Han38	A	B	0.5145618319511414
8628	HR37	Han40	A	B	0.500977098941803
8629	HR37	Han42	A	B	0.5240981578826904
8630	HR37	Han44	A	B	0.5232111811637878
8631	HR37	Han46	A	B	0.4960180222988129
8632	HR37	Han48	A	B	0.519575297832489
8633	HR37	P3PCRpos	A	B	0.4621639847755432
8634	HR47	Py2	A	B	0.4199275374412537
8635	HR47	Py4	A	B	0.4174444675445557
8636	HR47	Py6	A	B	0.426186740398407
8637	HR47	Py8	A	B	0.4204013347625732
8638	HR47	Py10	A	B	0.4277219474315643
8639	HR47	Py12	A	B	0.4105470180511475
8640	HR47	Py14	A	B	0.4454540014266968
8641	HR47	Py16	A	B	0.4163420796394348
8642	HR47	Py18	A	B	0.4482186436653137
8643	HR47	Py20	A	B	0.456593781709671
8644	HR47	Py22	A	B	0.4480343759059906
8645	HR47	Py24	A	B	0.463665246963501
8646	HR47	Py26	A	B	0.4122825562953949
8647	HR47	Py28	A	B	0.4160730838775635
8648	HR47	Py30	A	B	0.4120832979679108
8649	HR47	Py32	A	B	0.4096919894218445
8650	HR47	Py34	A	B	0.4089763164520264
8651	HR47	Py36	A	B	0.4079299867153168
8652	HR47	Py38	A	B	0.4201087653636932
8653	HR47	Py40	A	B	0.42301344871521
8654	HR47	Py42	A	B	0.42815300822258
8655	HR47	Py44	A	B	0.4344471096992493
8656	HR47	Py46	A	B	0.4312205612659454
8657	HR47	Py48	A	B	0.4486954808235168
8658	HR47	Py52	A	B	0.4072698056697845
8659	HR47	Py54	A	B	0.4305776357650757
8660	HR47	Py56	A	B	0.4401577115058899
8661	HR47	Py58	A	B	0.4418240785598755
8662	HR47	Py62	A	B	0.4268981218338013
8663	HR47	Py64	A	B	0.4234781563282013
8664	HR47	Py66	A	B	0.421104222536087
8665	HR47	Py68	A	B	0.425211489200592
8666	HR47	Py70	A	B	0.4119027853012085
8667	HR47	Py72	A	B	0.4217882752418518
8668	HR47	Py79	A	B	0.4954142272472382
8669	HR47	Py81	A	B	0.4965614080429077
8670	HR47	Py83	A	B	0.4999601542949677
8671	HR47	Py85	A	B	0.4940117597579956
8672	HR47	Py87	A	B	0.5070350766181946
8673	HR47	P1extneg	A	B	0.5391702651977539
8674	HR47	P1NTC2	A	B	0.6134768128395081
8675	HR47	P1PCRpos	A	B	0.4737662672996521
8676	HR47	HR02	A	B	0.3899602293968201
8677	HR47	HR06	A	B	0.4300886988639832
8678	HR47	HR08	A	B	0.4705349504947662
8679	HR47	HR10	A	B	0.3984450399875641
8680	HR47	HR12	A	B	0.4593242704868317
8681	HR47	HR18	A	B	0.4046476483345032
8682	HR47	HR20	A	B	0.3919923901557922
8683	HR47	HR22	A	B	0.4298277795314789
8684	HR47	HR24	A	B	0.3912275433540344
8685	HR47	HR30	A	B	0.4761587381362915
8686	HR47	HR36	A	B	0.2452392727136612
8687	HR47	HR38	A	B	0.2572194635868073
8688	HR47	HR42	A	B	0.3828578591346741
8689	HR47	HR57	A	B	0.4501440227031708
8690	HR47	HR59	A	B	0.2734023034572601
8691	HR47	HR61	A	B	0.4627925753593445
8692	HR47	HR67	A	B	0.3761110305786133
8693	HR47	HR71	A	B	0.757095217704773
8694	HR47	H1	A	B	0.4570050835609436
8695	HR47	H8	A	B	0.404452919960022
8696	HR47	H12	A	B	0.4573028981685638
8697	HR47	H16	A	B	0.4651744365692139
8698	HR47	P2PCRpos	A	B	0.4717472791671753
8699	HR47	Han02	A	B	0.5397552847862244
8700	HR47	Han04	A	B	0.565875768661499
8701	HR47	Han06	A	B	0.5312360525131226
8702	HR47	Han08	A	B	0.5532885193824768
8703	HR47	Han10	A	B	0.5234996676445007
8704	HR47	Han12	A	B	0.5468887686729431
8705	HR47	Han14	A	B	0.5155606865882874
8706	HR47	Han16	A	B	0.5243273973464966
8707	HR47	Han18	A	B	0.5260390043258667
8708	HR47	Han20	A	B	0.5213109850883484
8709	HR47	Han22	A	B	0.5183343887329102
8710	HR47	Han26	A	B	0.5082981586456299
8711	HR47	Han28	A	B	0.5140697360038757
8712	HR47	Han30	A	B	0.5302464962005615
8713	HR47	Han32	A	B	0.5228045582771301
8714	HR47	Han34	A	B	0.5372700691223145
8715	HR47	Han36	A	B	0.5343301892280579
8716	HR47	Han38	A	B	0.5360891222953796
8717	HR47	Han40	A	B	0.5281025767326355
8718	HR47	Han42	A	B	0.5370663404464722
8719	HR47	Han44	A	B	0.5364306569099426
8720	HR47	Han46	A	B	0.5248263478279114
8721	HR47	Han48	A	B	0.5327332615852356
8722	HR47	P3PCRpos	A	B	0.4729497730731964
8723	HR50	Py2	A	B	0.3890173435211182
8724	HR50	Py4	A	B	0.3907759189605713
8725	HR50	Py6	A	B	0.394477903842926
8726	HR50	Py8	A	B	0.4033500254154205
8727	HR50	Py10	A	B	0.4120608568191528
8728	HR50	Py12	A	B	0.3901114165782928
8729	HR50	Py14	A	B	0.4389004707336426
8730	HR50	Py16	A	B	0.397966206073761
8731	HR50	Py18	A	B	0.4415554702281952
8732	HR50	Py20	A	B	0.4559254348278046
8733	HR50	Py22	A	B	0.4412318766117096
8734	HR50	Py24	A	B	0.4650774002075195
8735	HR50	Py26	A	B	0.3894661068916321
8736	HR50	Py28	A	B	0.3969514071941376
8737	HR50	Py30	A	B	0.396986722946167
8738	HR50	Py32	A	B	0.3947529792785645
8739	HR50	Py34	A	B	0.3905698657035828
8740	HR50	Py36	A	B	0.3894062042236328
8741	HR50	Py38	A	B	0.3784796595573425
8742	HR50	Py40	A	B	0.3887375295162201
8743	HR50	Py42	A	B	0.3918941617012024
8744	HR50	Py44	A	B	0.4032076299190521
8745	HR50	Py46	A	B	0.4008191823959351
8746	HR50	Py48	A	B	0.4165912270545959
8747	HR50	Py52	A	B	0.3706204295158386
8748	HR50	Py54	A	B	0.4026025533676147
8749	HR50	Py56	A	B	0.4115706980228424
8750	HR50	Py58	A	B	0.4139184653759003
8751	HR50	Py62	A	B	0.3919657766819
8752	HR50	Py64	A	B	0.3889184892177582
8753	HR50	Py66	A	B	0.3853627443313599
8754	HR50	Py68	A	B	0.3902602195739746
8755	HR50	Py70	A	B	0.3776794075965881
8756	HR50	Py72	A	B	0.3862957060337067
8757	HR50	Py79	A	B	0.4445078670978546
8758	HR50	Py81	A	B	0.4512290060520172
8759	HR50	Py83	A	B	0.4414091110229492
8760	HR50	Py85	A	B	0.4405195116996765
8761	HR50	Py87	A	B	0.421851247549057
8762	HR50	P1extneg	A	B	0.4094950556755066
8763	HR50	P1NTC2	A	B	0.6125528812408447
8764	HR50	P1PCRpos	A	B	0.4990527331829071
8765	HR50	HR02	A	B	0.2374087572097778
8766	HR50	HR06	A	B	0.2837331891059875
8767	HR50	HR08	A	B	0.3985027968883514
8768	HR50	HR10	A	B	0.2133438736200333
8769	HR50	HR12	A	B	0.3159189224243164
8770	HR50	HR18	A	B	0.202321395277977
8771	HR50	HR20	A	B	0.2219720780849457
8772	HR50	HR22	A	B	0.2753153741359711
8773	HR50	HR24	A	B	0.1705495268106461
8774	HR50	HR30	A	B	0.2120776176452637
8775	HR50	HR36	A	B	0.4094025790691376
8776	HR50	HR38	A	B	0.3682481050491333
8777	HR50	HR42	A	B	0.2355232238769531
8778	HR50	HR57	A	B	0.2759861648082733
8779	HR50	HR59	A	B	0.3511258959770203
8780	HR50	HR61	A	B	0.2149010449647903
8781	HR50	HR67	A	B	0.3250214159488678
8782	HR50	HR71	A	B	0.7047946453094482
8783	HR50	H1	A	B	0.2161859124898911
8784	HR50	H8	A	B	0.2000090181827545
8785	HR50	H12	A	B	0.2021296322345734
8786	HR50	H16	A	B	0.1888702511787415
8787	HR50	P2PCRpos	A	B	0.4971518814563751
8788	HR50	Han02	A	B	0.4759455323219299
8789	HR50	Han04	A	B	0.5218257308006287
8790	HR50	Han06	A	B	0.4871317446231842
8791	HR50	Han08	A	B	0.5099765658378601
8792	HR50	Han10	A	B	0.4644021391868591
8793	HR50	Han12	A	B	0.5469697713851929
8794	HR50	Han14	A	B	0.4511702656745911
8795	HR50	Han16	A	B	0.4816182255744934
8796	HR50	Han18	A	B	0.4926257133483887
8797	HR50	Han20	A	B	0.4758435487747192
8798	HR50	Han22	A	B	0.4690646231174469
8799	HR50	Han26	A	B	0.4553750455379486
8800	HR50	Han28	A	B	0.4733921885490417
8801	HR50	Han30	A	B	0.4765538275241852
8802	HR50	Han32	A	B	0.4772195816040039
8803	HR50	Han34	A	B	0.4964984655380249
8804	HR50	Han36	A	B	0.4839406907558441
8805	HR50	Han38	A	B	0.4969328343868256
8806	HR50	Han40	A	B	0.4542178213596344
8807	HR50	Han42	A	B	0.4941696524620056
8808	HR50	Han44	A	B	0.4992540180683136
8809	HR50	Han46	A	B	0.4814015924930573
8810	HR50	Han48	A	B	0.489311158657074
8811	HR50	P3PCRpos	A	B	0.4982080459594727
8812	HR52	Py2	A	B	0.4603824317455292
8813	HR52	Py4	A	B	0.4619051218032837
8814	HR52	Py6	A	B	0.4695557951927185
8815	HR52	Py8	A	B	0.4771439135074615
8816	HR52	Py10	A	B	0.4869637489318848
8817	HR52	Py12	A	B	0.4612509906291962
8818	HR52	Py14	A	B	0.503075361251831
8819	HR52	Py16	A	B	0.470908910036087
8820	HR52	Py18	A	B	0.5081111788749695
8821	HR52	Py20	A	B	0.5226917266845703
8822	HR52	Py22	A	B	0.507323145866394
8823	HR52	Py24	A	B	0.526759922504425
8824	HR52	Py26	A	B	0.4628193974494934
8825	HR52	Py28	A	B	0.4728225469589233
8826	HR52	Py30	A	B	0.4729642271995544
8827	HR52	Py32	A	B	0.470716267824173
8828	HR52	Py34	A	B	0.4663068056106567
8829	HR52	Py36	A	B	0.4652699828147888
8830	HR52	Py38	A	B	0.4439102113246918
8831	HR52	Py40	A	B	0.4566368758678436
8832	HR52	Py42	A	B	0.4526369571685791
8833	HR52	Py44	A	B	0.4719277322292328
8834	HR52	Py46	A	B	0.4696586132049561
8835	HR52	Py48	A	B	0.4843366146087646
8836	HR52	Py52	A	B	0.4365061521530151
8837	HR52	Py54	A	B	0.4730890989303589
8838	HR52	Py56	A	B	0.4827690720558167
8839	HR52	Py58	A	B	0.4842784702777863
8840	HR52	Py62	A	B	0.4577006697654724
8841	HR52	Py64	A	B	0.4517981708049774
8842	HR52	Py66	A	B	0.4481520652770996
8843	HR52	Py68	A	B	0.4566046595573425
8844	HR52	Py70	A	B	0.4465734958648682
8845	HR52	Py72	A	B	0.4497297406196594
8846	HR52	Py79	A	B	0.5010702013969421
8847	HR52	Py81	A	B	0.5043966174125671
8848	HR52	Py83	A	B	0.4925587475299835
8849	HR52	Py85	A	B	0.4927694797515869
8850	HR52	Py87	A	B	0.4679731428623199
8851	HR52	P1extneg	A	B	0.4281804859638214
8852	HR52	P1NTC2	A	B	0.6634976267814636
8853	HR52	P1PCRpos	A	B	0.5589922070503235
8854	HR52	HR02	A	B	0.3295961618423462
8855	HR52	HR06	A	B	0.3689578771591187
8856	HR52	HR08	A	B	0.4696893990039825
8857	HR52	HR10	A	B	0.31827312707901
8858	HR52	HR12	A	B	0.3964800834655762
8859	HR52	HR18	A	B	0.3011122345924377
8860	HR52	HR20	A	B	0.3327385485172272
8861	HR52	HR22	A	B	0.338252067565918
8862	HR52	HR24	A	B	0.289293110370636
8863	HR52	HR30	A	B	0.2517949640750885
8864	HR52	HR36	A	B	0.403736799955368
8865	HR52	HR38	A	B	0.3291054964065552
8866	HR52	HR42	A	B	0.1769082993268967
8867	HR52	HR57	A	B	0.3232759237289429
8868	HR52	HR59	A	B	0.3313880562782288
8869	HR52	HR61	A	B	0.2556429803371429
8870	HR52	HR67	A	B	0.222790539264679
8871	HR52	HR71	A	B	0.7553459405899048
8872	HR52	H1	A	B	0.2273709625005722
8873	HR52	H8	A	B	0.2838840782642365
8874	HR52	H12	A	B	0.2443416714668274
8875	HR52	H16	A	B	0.2402320802211761
8876	HR52	P2PCRpos	A	B	0.5571618676185608
8877	HR52	Han02	A	B	0.5285029411315918
8878	HR52	Han04	A	B	0.5820011496543884
8879	HR52	Han06	A	B	0.5383152365684509
8880	HR52	Han08	A	B	0.570238471031189
8881	HR52	Han10	A	B	0.5269026160240173
8882	HR52	Han12	A	B	0.609062671661377
8883	HR52	Han14	A	B	0.5086970925331116
8884	HR52	Han16	A	B	0.5344444513320923
8885	HR52	Han18	A	B	0.5458171367645264
8886	HR52	Han20	A	B	0.5355303287506104
8887	HR52	Han22	A	B	0.5363866090774536
8888	HR52	Han26	A	B	0.5304152965545654
8889	HR52	Han28	A	B	0.5427181720733643
8890	HR52	Han30	A	B	0.5446348190307617
8891	HR52	Han32	A	B	0.5419330596923828
8892	HR52	Han34	A	B	0.5687219500541687
8893	HR52	Han36	A	B	0.5550597906112671
8894	HR52	Han38	A	B	0.573357880115509
8895	HR52	Han40	A	B	0.5215670466423035
8896	HR52	Han42	A	B	0.5663256049156189
8897	HR52	Han44	A	B	0.5708529949188232
8898	HR52	Han46	A	B	0.5328352451324463
8899	HR52	Han48	A	B	0.5547918081283569
8900	HR52	P3PCRpos	A	B	0.5581713914871216
8901	HR56	Py2	A	B	0.3426654040813446
8902	HR56	Py4	A	B	0.342760443687439
8903	HR56	Py6	A	B	0.3598054349422455
8904	HR56	Py8	A	B	0.3529937863349915
8905	HR56	Py10	A	B	0.3617962002754211
8906	HR56	Py12	A	B	0.3425086736679077
8907	HR56	Py14	A	B	0.3910044729709625
8908	HR56	Py16	A	B	0.3475066721439362
8909	HR56	Py18	A	B	0.394739031791687
8910	HR56	Py20	A	B	0.4102339744567871
8911	HR56	Py22	A	B	0.393878161907196
8912	HR56	Py24	A	B	0.4189493954181671
8913	HR56	Py26	A	B	0.3398269414901733
8914	HR56	Py28	A	B	0.3473495543003082
8915	HR56	Py30	A	B	0.3471556603908539
8916	HR56	Py32	A	B	0.3448891043663025
8917	HR56	Py34	A	B	0.3405342400074005
8918	HR56	Py36	A	B	0.3395075500011444
8919	HR56	Py38	A	B	0.338943213224411
8920	HR56	Py40	A	B	0.3464819490909576
8921	HR56	Py42	A	B	0.349817305803299
8922	HR56	Py44	A	B	0.3585358262062073
8923	HR56	Py46	A	B	0.3552670776844025
8924	HR56	Py48	A	B	0.3758002519607544
8925	HR56	Py52	A	B	0.3343989849090576
8926	HR56	Py54	A	B	0.3602699935436249
8927	HR56	Py56	A	B	0.3723658919334412
8928	HR56	Py58	A	B	0.3747222423553467
8929	HR56	Py62	A	B	0.3500643968582153
8930	HR56	Py64	A	B	0.3469729423522949
8931	HR56	Py66	A	B	0.3434602022171021
8932	HR56	Py68	A	B	0.3486247658729553
8933	HR56	Py70	A	B	0.335565060377121
8934	HR56	Py72	A	B	0.3450171053409576
8935	HR56	Py79	A	B	0.4264076352119446
8936	HR56	Py81	A	B	0.4395332336425781
8937	HR56	Py83	A	B	0.4314807951450348
8938	HR56	Py85	A	B	0.4266831874847412
8939	HR56	Py87	A	B	0.4108254015445709
8940	HR56	P1extneg	A	B	0.3927558660507202
8941	HR56	P1NTC2	A	B	0.5982480645179749
8942	HR56	P1PCRpos	A	B	0.4769679307937622
8943	HR56	HR02	A	B	0.2221794873476028
8944	HR56	HR06	A	B	0.2811112105846405
8945	HR56	HR08	A	B	0.3973504602909088
8946	HR56	HR10	A	B	0.2387830913066864
8947	HR56	HR12	A	B	0.3195368945598602
8948	HR56	HR18	A	B	0.2212938070297241
8949	HR56	HR20	A	B	0.2211842685937881
8950	HR56	HR22	A	B	0.2979718148708344
8951	HR56	HR24	A	B	0.1751380413770676
8952	HR56	HR30	A	B	0.222453236579895
8953	HR56	HR36	A	B	0.384747713804245
8954	HR56	HR38	A	B	0.3661816120147705
8955	HR56	HR42	A	B	0.2403349578380585
8956	HR56	HR57	A	B	0.2934662997722626
8957	HR56	HR59	A	B	0.3395088613033295
8958	HR56	HR61	A	B	0.255472332239151
8959	HR56	HR67	A	B	0.3432888984680176
8960	HR56	HR71	A	B	0.7197019457817078
8961	HR56	H1	A	B	0.231530949473381
8962	HR56	H8	A	B	0.223594531416893
8963	HR56	H12	A	B	0.2283931076526642
8964	HR56	H16	A	B	0.2319126725196838
8965	HR56	P2PCRpos	A	B	0.4752356708049774
8966	HR56	Han02	A	B	0.4839945435523987
8967	HR56	Han04	A	B	0.5257389545440674
8968	HR56	Han06	A	B	0.4933130741119385
8969	HR56	Han08	A	B	0.5048611164093018
8970	HR56	Han10	A	B	0.4725504517555237
8971	HR56	Han12	A	B	0.5371116995811462
8972	HR56	Han14	A	B	0.4544797539710999
8973	HR56	Han16	A	B	0.4899659752845764
8974	HR56	Han18	A	B	0.4995789527893066
8975	HR56	Han20	A	B	0.4819354712963104
8976	HR56	Han22	A	B	0.4631637334823608
8977	HR56	Han26	A	B	0.4471254348754883
8978	HR56	Han28	A	B	0.4743552207946777
8979	HR56	Han30	A	B	0.4802948534488678
8980	HR56	Han32	A	B	0.4638915657997131
8981	HR56	Han34	A	B	0.4951843023300171
8982	HR56	Han36	A	B	0.4860690236091614
8983	HR56	Han38	A	B	0.4928402304649353
8984	HR56	Han40	A	B	0.4592728018760681
8985	HR56	Han42	A	B	0.4978853762149811
8986	HR56	Han44	A	B	0.4977577328681946
8987	HR56	Han46	A	B	0.4900672137737274
8988	HR56	Han48	A	B	0.4964478313922882
8989	HR56	P3PCRpos	A	B	0.4762031137943268
8990	HR60	Py2	A	B	0.3802137970924377
8991	HR60	Py4	A	B	0.3800496459007263
8992	HR60	Py6	A	B	0.3963109254837036
8993	HR60	Py8	A	B	0.3912812471389771
8994	HR60	Py10	A	B	0.3985262215137482
8995	HR60	Py12	A	B	0.3780549168586731
8996	HR60	Py14	A	B	0.4163902997970581
8997	HR60	Py16	A	B	0.3863583207130432
8998	HR60	Py18	A	B	0.4193546772003174
8999	HR60	Py20	A	B	0.4271332919597626
9000	HR60	Py22	A	B	0.418715626001358
9001	HR60	Py24	A	B	0.4294883906841278
9002	HR60	Py26	A	B	0.3823598325252533
9003	HR60	Py28	A	B	0.3874818384647369
9004	HR60	Py30	A	B	0.384265661239624
9005	HR60	Py32	A	B	0.3821709752082825
9006	HR60	Py34	A	B	0.3804194331169128
9007	HR60	Py36	A	B	0.3794412910938263
9008	HR60	Py38	A	B	0.3576487600803375
9009	HR60	Py40	A	B	0.3628815114498138
9010	HR60	Py42	A	B	0.3514756858348846
9011	HR60	Py44	A	B	0.3831645846366882
9012	HR60	Py46	A	B	0.3819387257099152
9013	HR60	Py48	A	B	0.3942895531654358
9014	HR60	Py52	A	B	0.3506535887718201
9015	HR60	Py54	A	B	0.3871293365955353
9016	HR60	Py56	A	B	0.3977323770523071
9017	HR60	Py58	A	B	0.3993536233901978
9018	HR60	Py62	A	B	0.3594993948936462
9019	HR60	Py64	A	B	0.352317750453949
9020	HR60	Py66	A	B	0.3516129851341248
9021	HR60	Py68	A	B	0.3603225946426392
9022	HR60	Py70	A	B	0.3554810285568237
9023	HR60	Py72	A	B	0.3533328473567963
9024	HR60	Py79	A	B	0.45030677318573
9025	HR60	Py81	A	B	0.4370931684970856
9026	HR60	Py83	A	B	0.4554312527179718
9027	HR60	Py85	A	B	0.453946441411972
9028	HR60	Py87	A	B	0.4290392100811005
9029	HR60	P1extneg	A	B	0.4671347439289093
9030	HR60	P1NTC2	A	B	0.4417097270488739
9031	HR60	P1PCRpos	A	B	0.43020960688591
9032	HR60	HR02	A	B	0.3343220353126526
9033	HR60	HR06	A	B	0.3885462880134583
9034	HR60	HR08	A	B	0.4420128762722015
9035	HR60	HR10	A	B	0.383380115032196
9036	HR60	HR12	A	B	0.4313306510448456
9037	HR60	HR18	A	B	0.36810103058815
9038	HR60	HR20	A	B	0.3770091533660889
9039	HR60	HR22	A	B	0.3717631101608276
9040	HR60	HR24	A	B	0.3829476535320282
9041	HR60	HR30	A	B	0.4728260040283203
9042	HR60	HR36	A	B	0.40360426902771
9043	HR60	HR38	A	B	0.4609633982181549
9044	HR60	HR42	A	B	0.4623839855194092
9045	HR60	HR57	A	B	0.4063442349433899
9046	HR60	HR59	A	B	0.4369581043720245
9047	HR60	HR61	A	B	0.4958699345588684
9048	HR60	HR67	A	B	0.5092155337333679
9049	HR60	HR71	A	B	0.7391649484634399
9050	HR60	H1	A	B	0.4462561011314392
9051	HR60	H8	A	B	0.3816699981689453
9052	HR60	H12	A	B	0.4696603715419769
9053	HR60	H16	A	B	0.471532016992569
9054	HR60	P2PCRpos	A	B	0.4251068234443665
9055	HR60	Han02	A	B	0.4794443547725677
9056	HR60	Han04	A	B	0.4552028179168701
9057	HR60	Han06	A	B	0.4987711906433105
9058	HR60	Han08	A	B	0.4743759632110596
9059	HR60	Han10	A	B	0.486587256193161
9060	HR60	Han12	A	B	0.4663186073303223
9061	HR60	Han14	A	B	0.4736561179161072
9062	HR60	Han16	A	B	0.4884756207466125
9063	HR60	Han18	A	B	0.4892672002315521
9064	HR60	Han20	A	B	0.4859932959079742
9065	HR60	Han22	A	B	0.4730959832668304
9066	HR60	Han26	A	B	0.4937364459037781
9067	HR60	Han28	A	B	0.4825146496295929
9068	HR60	Han30	A	B	0.4867058396339417
9069	HR60	Han32	A	B	0.4896526634693146
9070	HR60	Han34	A	B	0.4927224516868591
9071	HR60	Han36	A	B	0.4905695915222168
9072	HR60	Han38	A	B	0.5162199139595032
9073	HR60	Han40	A	B	0.4721625447273254
9074	HR60	Han42	A	B	0.4922514259815216
9075	HR60	Han44	A	B	0.4971464276313782
9076	HR60	Han46	A	B	0.4919783174991608
9077	HR60	Han48	A	B	0.4763520359992981
9078	HR60	P3PCRpos	A	B	0.4262414574623108
9079	HR62	Py2	A	B	0.3486112952232361
9080	HR62	Py4	A	B	0.3507153987884521
9081	HR62	Py6	A	B	0.357477605342865
9082	HR62	Py8	A	B	0.3660147786140442
9083	HR62	Py10	A	B	0.3755073249340057
9084	HR62	Py12	A	B	0.3511598408222198
9085	HR62	Py14	A	B	0.3924734592437744
9086	HR62	Py16	A	B	0.36016446352005
9087	HR62	Py18	A	B	0.397401750087738
9088	HR62	Py20	A	B	0.4093659222126007
9089	HR62	Py22	A	B	0.396626353263855
9090	HR62	Py24	A	B	0.413879781961441
9091	HR62	Py26	A	B	0.3526715040206909
9092	HR62	Py28	A	B	0.3613763153553009
9093	HR62	Py30	A	B	0.3602203726768494
9094	HR62	Py32	A	B	0.3581759035587311
9095	HR62	Py34	A	B	0.3542290925979614
9096	HR62	Py36	A	B	0.3532694578170776
9097	HR62	Py38	A	B	0.3226346969604492
9098	HR62	Py40	A	B	0.3346005082130432
9099	HR62	Py42	A	B	0.3281899094581604
9100	HR62	Py44	A	B	0.3533320724964142
9101	HR62	Py46	A	B	0.3520929515361786
9102	HR62	Py48	A	B	0.3645650148391724
9103	HR62	Py52	A	B	0.3147353529930115
9104	HR62	Py54	A	B	0.3585484623908997
9105	HR62	Py56	A	B	0.3696362972259521
9106	HR62	Py58	A	B	0.3707209527492523
9107	HR62	Py62	A	B	0.3346346616744995
9108	HR62	Py64	A	B	0.3287881910800934
9109	HR62	Py66	A	B	0.3251229524612427
9110	HR62	Py68	A	B	0.3344120681285858
9111	HR62	Py70	A	B	0.325612336397171
9112	HR62	Py72	A	B	0.3276534080505371
9113	HR62	Py79	A	B	0.3866174817085266
9114	HR62	Py81	A	B	0.380872368812561
9115	HR62	Py83	A	B	0.3891457617282867
9116	HR62	Py85	A	B	0.3877470195293427
9117	HR62	Py87	A	B	0.3658183217048645
9118	HR62	P1extneg	A	B	0.4096314907073975
9119	HR62	P1NTC2	A	B	0.5432354211807251
9120	HR62	P1PCRpos	A	B	0.4612700641155243
9121	HR62	HR02	A	B	0.1862581074237823
9122	HR62	HR06	A	B	0.2726565897464752
9123	HR62	HR08	A	B	0.3800789713859558
9124	HR62	HR10	A	B	0.2195279747247696
9125	HR62	HR12	A	B	0.3017658591270447
9126	HR62	HR18	A	B	0.1998266577720642
9127	HR62	HR20	A	B	0.2488823682069778
9128	HR62	HR22	A	B	0.2408151924610138
9129	HR62	HR24	A	B	0.231897845864296
9130	HR62	HR30	A	B	0.3378527760505676
9131	HR62	HR36	A	B	0.356489896774292
9132	HR62	HR38	A	B	0.3742372095584869
9133	HR62	HR42	A	B	0.2892545461654663
9134	HR62	HR57	A	B	0.2574146091938019
9135	HR62	HR59	A	B	0.3396568596363068
9136	HR62	HR61	A	B	0.3469286561012268
9137	HR62	HR67	A	B	0.3829290866851807
9138	HR62	HR71	A	B	0.6755572557449341
9139	HR62	H1	A	B	0.2920253276824951
9140	HR62	H8	A	B	0.2101438641548157
9141	HR62	H12	A	B	0.3286316394805908
9142	HR62	H16	A	B	0.3268740177154541
9143	HR62	P2PCRpos	A	B	0.4595055282115936
9144	HR62	Han02	A	B	0.4294496774673462
9145	HR62	Han04	A	B	0.4580347239971161
9146	HR62	Han06	A	B	0.4435250163078308
9147	HR62	Han08	A	B	0.4542845785617828
9148	HR62	Han10	A	B	0.4271972179412842
9149	HR62	Han12	A	B	0.4849843978881836
9150	HR62	Han14	A	B	0.4104586243629456
9151	HR62	Han16	A	B	0.4313945770263672
9152	HR62	Han18	A	B	0.4438359141349792
9153	HR62	Han20	A	B	0.4308009445667267
9154	HR62	Han22	A	B	0.4163192212581635
9155	HR62	Han26	A	B	0.4144138693809509
9156	HR62	Han28	A	B	0.4293789267539978
9157	HR62	Han30	A	B	0.4295659959316254
9158	HR62	Han32	A	B	0.4268265962600708
9159	HR62	Han34	A	B	0.4526182115077972
9160	HR62	Han36	A	B	0.4357278048992157
9161	HR62	Han38	A	B	0.4626438021659851
9162	HR62	Han40	A	B	0.404233992099762
9163	HR62	Han42	A	B	0.4453719854354858
9164	HR62	Han44	A	B	0.4575412571430206
9165	HR62	Han46	A	B	0.433809220790863
9166	HR62	Han48	A	B	0.4335994124412537
9167	HR62	P3PCRpos	A	B	0.4605002403259277
9168	HR64	Py2	A	B	0.5069960355758667
9169	HR64	Py4	A	B	0.5050299763679504
9170	HR64	Py6	A	B	0.5083373785018921
9171	HR64	Py8	A	B	0.508415699005127
9172	HR64	Py10	A	B	0.5150655508041382
9173	HR64	Py12	A	B	0.5001844763755798
9174	HR64	Py14	A	B	0.5340409874916077
9175	HR64	Py16	A	B	0.5043116211891174
9176	HR64	Py18	A	B	0.5353200435638428
9177	HR64	Py20	A	B	0.5428577661514282
9178	HR64	Py22	A	B	0.5354702472686768
9179	HR64	Py24	A	B	0.5524893999099731
9180	HR64	Py26	A	B	0.4985210597515106
9181	HR64	Py28	A	B	0.5008155703544617
9182	HR64	Py30	A	B	0.4966793656349182
9183	HR64	Py32	A	B	0.4946796298027039
9184	HR64	Py34	A	B	0.4941062331199646
9185	HR64	Py36	A	B	0.4919334352016449
9186	HR64	Py38	A	B	0.5088061094284058
9187	HR64	Py40	A	B	0.5142232179641724
9188	HR64	Py42	A	B	0.5188911557197571
9189	HR64	Py44	A	B	0.5265591144561768
9190	HR64	Py46	A	B	0.523182213306427
9191	HR64	Py48	A	B	0.5393157005310059
9192	HR64	Py52	A	B	0.4980145692825317
9193	HR64	Py54	A	B	0.5224827527999878
9194	HR64	Py56	A	B	0.5321615934371948
9195	HR64	Py58	A	B	0.5337349772453308
9196	HR64	Py62	A	B	0.5175853967666626
9197	HR64	Py64	A	B	0.5143186450004578
9198	HR64	Py66	A	B	0.5109671950340271
9199	HR64	Py68	A	B	0.5161806344985962
9200	HR64	Py70	A	B	0.5028786659240723
9201	HR64	Py72	A	B	0.5120901465415955
9202	HR64	Py79	A	B	0.5632844567298889
9203	HR64	Py81	A	B	0.5715233683586121
9204	HR64	Py83	A	B	0.5637008547782898
9205	HR64	Py85	A	B	0.560549795627594
9206	HR64	Py87	A	B	0.5592721700668335
9207	HR64	P1extneg	A	B	0.5133026838302612
9208	HR64	P1NTC2	A	B	0.6969457864761353
9209	HR64	P1PCRpos	A	B	0.5444148182868958
9210	HR64	HR02	A	B	0.4461652040481567
9211	HR64	HR06	A	B	0.4913529753684998
9212	HR64	HR08	A	B	0.5419788956642151
9213	HR64	HR10	A	B	0.4371330738067627
9214	HR64	HR12	A	B	0.5206731557846069
9215	HR64	HR18	A	B	0.4524751007556915
9216	HR64	HR20	A	B	0.4528582692146301
9217	HR64	HR22	A	B	0.5016206502914429
9218	HR64	HR24	A	B	0.3983383774757385
9219	HR64	HR30	A	B	0.3843839764595032
9220	HR64	HR36	A	B	0.3212400674819946
9221	HR64	HR38	A	B	0.1711877286434174
9222	HR64	HR42	A	B	0.2741811573505402
9223	HR64	HR57	A	B	0.4877240657806396
9224	HR64	HR59	A	B	0.2610331475734711
9225	HR64	HR61	A	B	0.3743575811386108
9226	HR64	HR67	A	B	0.2112819850444794
9227	HR64	HR71	A	B	0.8079932332038879
9228	HR64	H1	A	B	0.3686387240886688
9229	HR64	H8	A	B	0.4592733383178711
9230	HR64	H12	A	B	0.3736362755298615
9231	HR64	H16	A	B	0.3751790225505829
9232	HR64	P2PCRpos	A	B	0.5450334548950195
9233	HR64	Han02	A	B	0.5922103524208069
9234	HR64	Han04	A	B	0.6416154503822327
9235	HR64	Han06	A	B	0.5881364345550537
9236	HR64	Han08	A	B	0.6180115342140198
9237	HR64	Han10	A	B	0.5821331739425659
9238	HR64	Han12	A	B	0.6587122082710266
9239	HR64	Han14	A	B	0.5684348940849304
9240	HR64	Han16	A	B	0.5879958868026733
9241	HR64	Han18	A	B	0.5962376594543457
9242	HR64	Han20	A	B	0.5887641310691833
9243	HR64	Han22	A	B	0.5892221927642822
9244	HR64	Han26	A	B	0.5750329494476318
9245	HR64	Han28	A	B	0.592412531375885
9246	HR64	Han30	A	B	0.6027063727378845
9247	HR64	Han32	A	B	0.5879424214363098
9248	HR64	Han34	A	B	0.6144713759422302
9249	HR64	Han36	A	B	0.6086668968200684
9250	HR64	Han38	A	B	0.6024541258811951
9251	HR64	Han40	A	B	0.591149091720581
9252	HR64	Han42	A	B	0.6117259860038757
9253	HR64	Han44	A	B	0.61283940076828
9254	HR64	Han46	A	B	0.5872998237609863
9255	HR64	Han48	A	B	0.6097678542137146
9256	HR64	P3PCRpos	A	B	0.5459334254264832
9257	HR66	Py2	A	B	0.3989771604537964
9258	HR66	Py4	A	B	0.3998647332191467
9259	HR66	Py6	A	B	0.3972766995429993
9260	HR66	Py8	A	B	0.4085698127746582
9261	HR66	Py10	A	B	0.4171998202800751
9262	HR66	Py12	A	B	0.3959603011608124
9263	HR66	Py14	A	B	0.4396482408046722
9264	HR66	Py16	A	B	0.4036296606063843
9265	HR66	Py18	A	B	0.4419156014919281
9266	HR66	Py20	A	B	0.4562607407569885
9267	HR66	Py22	A	B	0.4415177404880524
9268	HR66	Py24	A	B	0.4655504822731018
9269	HR66	Py26	A	B	0.3948695659637451
9270	HR66	Py28	A	B	0.4010655283927917
9271	HR66	Py30	A	B	0.4005727171897888
9272	HR66	Py32	A	B	0.3987770676612854
9273	HR66	Py34	A	B	0.3947212100028992
9274	HR66	Py36	A	B	0.3934118151664734
9275	HR66	Py38	A	B	0.3952579498291016
9276	HR66	Py40	A	B	0.4006855487823486
9277	HR66	Py42	A	B	0.4052197933197021
9278	HR66	Py44	A	B	0.4128913879394531
9279	HR66	Py46	A	B	0.4100785255432129
9280	HR66	Py48	A	B	0.4266032576560974
9281	HR66	Py52	A	B	0.386173814535141
9282	HR66	Py54	A	B	0.4105461537837982
9283	HR66	Py56	A	B	0.4189833402633667
9284	HR66	Py58	A	B	0.4208859801292419
9285	HR66	Py62	A	B	0.404293030500412
9286	HR66	Py64	A	B	0.4020262360572815
9287	HR66	Py66	A	B	0.3989204466342926
9288	HR66	Py68	A	B	0.4036304354667664
9289	HR66	Py70	A	B	0.3907313346862793
9290	HR66	Py72	A	B	0.4007413387298584
9291	HR66	Py79	A	B	0.4119585454463959
9292	HR66	Py81	A	B	0.4188522398471832
9293	HR66	Py83	A	B	0.4059982895851135
9294	HR66	Py85	A	B	0.4045837223529816
9295	HR66	Py87	A	B	0.3920757472515106
9296	HR66	P1extneg	A	B	0.4537636339664459
9297	HR66	P1NTC2	A	B	0.6141808032989502
9298	HR66	P1PCRpos	A	B	0.4916045367717743
9299	HR66	HR02	A	B	0.2120831161737442
9300	HR66	HR06	A	B	0.2151908576488495
9301	HR66	HR08	A	B	0.3303059637546539
9302	HR66	HR10	A	B	0.1839076280593872
9303	HR66	HR12	A	B	0.2446773201227188
9304	HR66	HR18	A	B	0.1841416507959366
9305	HR66	HR20	A	B	0.2998128831386566
9306	HR66	HR22	A	B	0.263139545917511
9307	HR66	HR24	A	B	0.2492325007915497
9308	HR66	HR30	A	B	0.3482280671596527
9309	HR66	HR36	A	B	0.3461695909500122
9310	HR66	HR38	A	B	0.2955867946147919
9311	HR66	HR42	A	B	0.2319081276655197
9312	HR66	HR57	A	B	0.2504622340202332
9313	HR66	HR59	A	B	0.2847678065299988
9314	HR66	HR61	A	B	0.3457120358943939
9315	HR66	HR67	A	B	0.2820746302604675
9316	HR66	HR71	A	B	0.6493334174156189
9317	HR66	H1	A	B	0.3199478983879089
9318	HR66	H8	A	B	0.2177750617265701
9319	HR66	H12	A	B	0.3372927010059357
9320	HR66	H16	A	B	0.3234775960445404
9321	HR66	P2PCRpos	A	B	0.4897465407848358
9322	HR66	Han02	A	B	0.4422108232975006
9323	HR66	Han04	A	B	0.5085180401802063
9324	HR66	Han06	A	B	0.4464924335479736
9325	HR66	Han08	A	B	0.5189898610115051
9326	HR66	Han10	A	B	0.4295529425144196
9327	HR66	Han12	A	B	0.5632620453834534
9328	HR66	Han14	A	B	0.4214486479759216
9329	HR66	Han16	A	B	0.4443849921226501
9330	HR66	Han18	A	B	0.4528485238552094
9331	HR66	Han20	A	B	0.4406375288963318
9332	HR66	Han22	A	B	0.4412094056606293
9333	HR66	Han26	A	B	0.4594103395938873
9334	HR66	Han28	A	B	0.4448672533035278
9335	HR66	Han30	A	B	0.4511016607284546
9336	HR66	Han32	A	B	0.4404279291629791
9337	HR66	Han34	A	B	0.4991455674171448
9338	HR66	Han36	A	B	0.4725417196750641
9339	HR66	Han38	A	B	0.4860743284225464
9340	HR66	Han40	A	B	0.4693270325660706
9341	HR66	Han42	A	B	0.4921175539493561
9342	HR66	Han44	A	B	0.5063294768333435
9343	HR66	Han46	A	B	0.4483410716056824
9344	HR66	Han48	A	B	0.4793248772621155
9345	HR66	P3PCRpos	A	B	0.4907998144626617
9346	HR68	Py2	A	B	0.3500281572341919
9347	HR68	Py4	A	B	0.3525688052177429
9348	HR68	Py6	A	B	0.3623772263526917
9349	HR68	Py8	A	B	0.3690809309482574
9350	HR68	Py10	A	B	0.3789541721343994
9351	HR68	Py12	A	B	0.3527005910873413
9352	HR68	Py14	A	B	0.4031964242458344
9353	HR68	Py16	A	B	0.3632555305957794
9354	HR68	Py18	A	B	0.407538115978241
9355	HR68	Py20	A	B	0.4221485257148743
9356	HR68	Py22	A	B	0.4068930745124817
9357	HR68	Py24	A	B	0.4270708858966827
9358	HR68	Py26	A	B	0.3550504148006439
9359	HR68	Py28	A	B	0.364001601934433
9360	HR68	Py30	A	B	0.3636195361614227
9361	HR68	Py32	A	B	0.3617368936538696
9362	HR68	Py34	A	B	0.3579036295413971
9363	HR68	Py36	A	B	0.356689840555191
9364	HR68	Py38	A	B	0.334330141544342
9365	HR68	Py40	A	B	0.3455848693847656
9366	HR68	Py42	A	B	0.3430794179439545
9367	HR68	Py44	A	B	0.3612938523292542
9368	HR68	Py46	A	B	0.3588695526123047
9369	HR68	Py48	A	B	0.3745552003383636
9370	HR68	Py52	A	B	0.325150340795517
9371	HR68	Py54	A	B	0.3630734384059906
9372	HR68	Py56	A	B	0.3720687627792358
9373	HR68	Py58	A	B	0.3737514913082123
9374	HR68	Py62	A	B	0.346086710691452
9375	HR68	Py64	A	B	0.3407107293605804
9376	HR68	Py66	A	B	0.3368687927722931
9377	HR68	Py68	A	B	0.3464542329311371
9378	HR68	Py70	A	B	0.3362191617488861
9379	HR68	Py72	A	B	0.3393535614013672
9380	HR68	Py79	A	B	0.3811251223087311
9381	HR68	Py81	A	B	0.3749886155128479
9382	HR68	Py83	A	B	0.3811883628368378
9383	HR68	Py85	A	B	0.3782880306243896
9384	HR68	Py87	A	B	0.3647490739822388
9385	HR68	P1extneg	A	B	0.4393218755722046
9386	HR68	P1NTC2	A	B	0.5569733381271362
9387	HR68	P1PCRpos	A	B	0.4632861912250519
9388	HR68	HR02	A	B	0.1568669378757477
9389	HR68	HR06	A	B	0.170756071805954
9390	HR68	HR08	A	B	0.2735050916671753
9391	HR68	HR10	A	B	0.1788512319326401
9392	HR68	HR12	A	B	0.2247801870107651
9393	HR68	HR18	A	B	0.1543508321046829
9394	HR68	HR20	A	B	0.2590417861938477
9395	HR68	HR22	A	B	0.187607154250145
9396	HR68	HR24	A	B	0.2428413331508636
9397	HR68	HR30	A	B	0.3689137101173401
9398	HR68	HR36	A	B	0.3871356248855591
9399	HR68	HR38	A	B	0.4250019490718842
9400	HR68	HR42	A	B	0.354632556438446
9401	HR68	HR57	A	B	0.2203788608312607
9402	HR68	HR59	A	B	0.4024767577648163
9403	HR68	HR61	A	B	0.4005878269672394
9404	HR68	HR67	A	B	0.4164722561836243
9405	HR68	HR71	A	B	0.6544893383979797
9406	HR68	H1	A	B	0.3367535173892975
9407	HR68	H8	A	B	0.1729354411363602
9408	HR68	H12	A	B	0.3650491833686829
9409	HR68	H16	A	B	0.3505589365959167
9410	HR68	P2PCRpos	A	B	0.4614003896713257
9411	HR68	Han02	A	B	0.4125090837478638
9412	HR68	Han04	A	B	0.4460511803627014
9413	HR68	Han06	A	B	0.4245944917201996
9414	HR68	Han08	A	B	0.4788523018360138
9415	HR68	Han10	A	B	0.4078461527824402
9416	HR68	Han12	A	B	0.4969817101955414
9417	HR68	Han14	A	B	0.3993237614631653
9418	HR68	Han16	A	B	0.4143263399600983
9419	HR68	Han18	A	B	0.4147321879863739
9420	HR68	Han20	A	B	0.407346099615097
9421	HR68	Han22	A	B	0.3995531797409058
9422	HR68	Han26	A	B	0.4352056980133057
9423	HR68	Han28	A	B	0.3997821509838104
9424	HR68	Han30	A	B	0.406983345746994
9425	HR68	Han32	A	B	0.4112827479839325
9426	HR68	Han34	A	B	0.452793687582016
9427	HR68	Han36	A	B	0.4293695986270905
9428	HR68	Han38	A	B	0.45958012342453
9429	HR68	Han40	A	B	0.4282000064849854
9430	HR68	Han42	A	B	0.4511770606040955
9431	HR68	Han44	A	B	0.464826911687851
9432	HR68	Han46	A	B	0.4223258793354034
9433	HR68	Han48	A	B	0.4263556599617004
9434	HR68	P3PCRpos	A	B	0.4624557197093964
9435	H3	Py2	A	B	0.4111318290233612
9436	H3	Py4	A	B	0.4120070338249207
9437	H3	Py6	A	B	0.411556750535965
9438	H3	Py8	A	B	0.4214847385883331
9439	H3	Py10	A	B	0.4295015931129456
9440	H3	Py12	A	B	0.4106611609458923
9441	H3	Py14	A	B	0.4571567475795746
9442	H3	Py16	A	B	0.4161564707756042
9443	H3	Py18	A	B	0.4593162536621094
9444	H3	Py20	A	B	0.4735262989997864
9445	H3	Py22	A	B	0.4589479565620422
9446	H3	Py24	A	B	0.4833531975746155
9447	H3	Py26	A	B	0.4098956882953644
9448	H3	Py28	A	B	0.4157673120498657
9449	H3	Py30	A	B	0.4140304028987885
9450	H3	Py32	A	B	0.4121057987213135
9451	H3	Py34	A	B	0.4083099961280823
9452	H3	Py36	A	B	0.406905323266983
9453	H3	Py38	A	B	0.4116239547729492
9454	H3	Py40	A	B	0.4197161793708801
9455	H3	Py42	A	B	0.4237410128116608
9456	H3	Py44	A	B	0.4311995506286621
9457	H3	Py46	A	B	0.4279702007770538
9458	H3	Py48	A	B	0.4463851451873779
9459	H3	Py52	A	B	0.4028129875659943
9460	H3	Py54	A	B	0.427279531955719
9461	H3	Py56	A	B	0.4384391307830811
9462	H3	Py58	A	B	0.4397715330123901
9463	H3	Py62	A	B	0.4230355620384216
9464	H3	Py64	A	B	0.4197326004505157
9465	H3	Py66	A	B	0.416621595621109
9466	H3	Py68	A	B	0.4211810231208801
9467	H3	Py70	A	B	0.4080197811126709
9468	H3	Py72	A	B	0.417348325252533
9469	H3	Py79	A	B	0.4721085727214813
9470	H3	Py81	A	B	0.4837359488010406
9471	H3	Py83	A	B	0.4719699025154114
9472	H3	Py85	A	B	0.4687736630439758
9473	H3	Py87	A	B	0.4532362818717957
9474	H3	P1extneg	A	B	0.4185938835144043
9475	H3	P1NTC2	A	B	0.6404825448989868
9476	H3	P1PCRpos	A	B	0.513880729675293
9477	H3	HR02	A	B	0.2492835223674774
9478	H3	HR06	A	B	0.3141142725944519
9479	H3	HR08	A	B	0.4178844690322876
9480	H3	HR10	A	B	0.2191341370344162
9481	H3	HR12	A	B	0.341717541217804
9482	H3	HR18	A	B	0.2333067506551743
9483	H3	HR20	A	B	0.2422053068876266
9484	H3	HR22	A	B	0.3234980702400208
9485	H3	HR24	A	B	0.1739018708467484
9486	H3	HR30	A	B	0.1870030909776688
9487	H3	HR36	A	B	0.4190299510955811
9488	H3	HR38	A	B	0.3855527341365814
9489	H3	HR42	A	B	0.2141378372907639
9490	H3	HR57	A	B	0.3214552104473114
9491	H3	HR59	A	B	0.3645284473896027
9492	H3	HR61	A	B	0.2068863809108734
9493	H3	HR67	A	B	0.3069934844970703
9494	H3	HR71	A	B	0.7281206846237183
9495	H3	H1	A	B	0.1806943565607071
9496	H3	H8	A	B	0.2206327617168427
9497	H3	H12	A	B	0.1857312321662903
9498	H3	H16	A	B	0.1745175421237946
9499	H3	P2PCRpos	A	B	0.5118774771690369
9500	H3	Han02	A	B	0.5073347687721252
9501	H3	Han04	A	B	0.5548908114433289
9502	H3	Han06	A	B	0.5155247449874878
9503	H3	Han08	A	B	0.5445688962936401
9504	H3	Han10	A	B	0.4943375289440155
9505	H3	Han12	A	B	0.5786541700363159
9506	H3	Han14	A	B	0.4799926280975342
9507	H3	Han16	A	B	0.5122109651565552
9508	H3	Han18	A	B	0.5219351649284363
9509	H3	Han20	A	B	0.504112720489502
9510	H3	Han22	A	B	0.4967572689056396
9511	H3	Han26	A	B	0.4735591411590576
9512	H3	Han28	A	B	0.501004159450531
9513	H3	Han30	A	B	0.5064273476600647
9514	H3	Han32	A	B	0.4965827465057373
9515	H3	Han34	A	B	0.5257607102394104
9516	H3	Han36	A	B	0.5126146078109741
9517	H3	Han38	A	B	0.5141311287879944
9518	H3	Han40	A	B	0.4878397285938263
9519	H3	Han42	A	B	0.5271644592285156
9520	H3	Han44	A	B	0.5294532179832458
9521	H3	Han46	A	B	0.5133126974105835
9522	H3	Han48	A	B	0.523205578327179
9523	H3	P3PCRpos	A	B	0.5129555463790894
9524	H5	Py2	A	B	0.3620525300502777
9525	H5	Py4	A	B	0.3646328747272491
9526	H5	Py6	A	B	0.3870728015899658
9527	H5	Py8	A	B	0.3823181390762329
9528	H5	Py10	A	B	0.3924007415771484
9529	H5	Py12	A	B	0.3659151792526245
9530	H5	Py14	A	B	0.4191899299621582
9531	H5	Py16	A	B	0.3759087324142456
9532	H5	Py18	A	B	0.423355907201767
9533	H5	Py20	A	B	0.4381586015224457
9534	H5	Py22	A	B	0.4226668477058411
9535	H5	Py24	A	B	0.4429475665092468
9536	H5	Py26	A	B	0.3674360513687134
9537	H5	Py28	A	B	0.3777099251747131
9538	H5	Py30	A	B	0.3772207200527191
9539	H5	Py32	A	B	0.3750337958335876
9540	H5	Py34	A	B	0.3707300424575806
9541	H5	Py36	A	B	0.3698902428150177
9542	H5	Py38	A	B	0.35575270652771
9543	H5	Py40	A	B	0.3656999468803406
9544	H5	Py42	A	B	0.370284229516983
9545	H5	Py44	A	B	0.3786289691925049
9546	H5	Py46	A	B	0.375555545091629
9547	H5	Py48	A	B	0.393239438533783
9548	H5	Py52	A	B	0.3483012020587921
9549	H5	Py54	A	B	0.3781346678733826
9550	H5	Py56	A	B	0.3885034322738647
9551	H5	Py58	A	B	0.3900856077671051
9552	H5	Py62	A	B	0.3696799278259277
9553	H5	Py64	A	B	0.3662795126438141
9554	H5	Py66	A	B	0.3627327382564545
9555	H5	Py68	A	B	0.3678053021430969
9556	H5	Py70	A	B	0.3542005121707916
9557	H5	Py72	A	B	0.3634828329086304
9558	H5	Py79	A	B	0.4400177299976349
9559	H5	Py81	A	B	0.4513447880744934
9560	H5	Py83	A	B	0.4431900382041931
9561	H5	Py85	A	B	0.4407722353935242
9562	H5	Py87	A	B	0.4235913157463074
9563	H5	P1extneg	A	B	0.4231449067592621
9564	H5	P1NTC2	A	B	0.5959405899047852
9565	H5	P1PCRpos	A	B	0.4870290458202362
9566	H5	HR02	A	B	0.2103652060031891
9567	H5	HR06	A	B	0.2888815701007843
9568	H5	HR08	A	B	0.401120126247406
9569	H5	HR10	A	B	0.2183382958173752
9570	H5	HR12	A	B	0.3262361884117126
9571	H5	HR18	A	B	0.2084872424602509
9572	H5	HR20	A	B	0.2341624200344086
9573	H5	HR22	A	B	0.3014041185379028
9574	H5	HR24	A	B	0.1707711070775986
9575	H5	HR30	A	B	0.2567968368530273
9576	H5	HR36	A	B	0.3966533839702606
9577	H5	HR38	A	B	0.3625712990760803
9578	H5	HR42	A	B	0.2787129878997803
9579	H5	HR57	A	B	0.3065813183784485
9580	H5	HR59	A	B	0.3484326601028442
9581	H5	HR61	A	B	0.2854649722576141
9582	H5	HR67	A	B	0.3651869595050812
9583	H5	HR71	A	B	0.7247193455696106
9584	H5	H1	A	B	0.2285234779119492
9585	H5	H8	A	B	0.2290772944688797
9586	H5	H12	A	B	0.2433959245681763
9587	H5	H16	A	B	0.2118749469518661
9588	H5	P2PCRpos	A	B	0.4851107895374298
9589	H5	Han02	A	B	0.4779179692268372
9590	H5	Han04	A	B	0.514827311038971
9591	H5	Han06	A	B	0.48552405834198
9592	H5	Han08	A	B	0.4928425848484039
9593	H5	Han10	A	B	0.4636022448539734
9594	H5	Han12	A	B	0.5302272439002991
9595	H5	Han14	A	B	0.4563009738922119
9596	H5	Han16	A	B	0.4828574955463409
9597	H5	Han18	A	B	0.491870641708374
9598	H5	Han20	A	B	0.4757859706878662
9599	H5	Han22	A	B	0.4660288393497467
9600	H5	Han26	A	B	0.4533361792564392
9601	H5	Han28	A	B	0.466996818780899
9602	H5	Han30	A	B	0.4702887237071991
9603	H5	Han32	A	B	0.4741005897521973
9604	H5	Han34	A	B	0.4863832890987396
9605	H5	Han36	A	B	0.4763697981834412
9606	H5	Han38	A	B	0.4911725223064423
9607	H5	Han40	A	B	0.4480578005313873
9608	H5	Han42	A	B	0.4867948889732361
9609	H5	Han44	A	B	0.4867257475852966
9610	H5	Han46	A	B	0.4866609275341034
9611	H5	Han48	A	B	0.4850584864616394
9612	H5	P3PCRpos	A	B	0.4861887991428375
9613	H7	Py2	A	B	0.3181916773319244
9614	H7	Py4	A	B	0.32088902592659
9615	H7	Py6	A	B	0.3414437174797058
9616	H7	Py8	A	B	0.335624486207962
9617	H7	Py10	A	B	0.3502050340175629
9618	H7	Py12	A	B	0.3157565593719482
9619	H7	Py14	A	B	0.3837802410125732
9620	H7	Py16	A	B	0.3264877498149872
9621	H7	Py18	A	B	0.3888026475906372
9622	H7	Py20	A	B	0.405040442943573
9623	H7	Py22	A	B	0.3875963687896729
9624	H7	Py24	A	B	0.415348082780838
9625	H7	Py26	A	B	0.3149062991142273
9626	H7	Py28	A	B	0.3273545503616333
9627	H7	Py30	A	B	0.3232243657112122
9628	H7	Py32	A	B	0.3196196854114532
9629	H7	Py34	A	B	0.3155349791049957
9630	H7	Py36	A	B	0.3143789768218994
9631	H7	Py38	A	B	0.3043285310268402
9632	H7	Py40	A	B	0.3139337301254272
9633	H7	Py42	A	B	0.3224785923957825
9634	H7	Py44	A	B	0.3403470814228058
9635	H7	Py46	A	B	0.336737334728241
9636	H7	Py48	A	B	0.3592303097248077
9637	H7	Py52	A	B	0.2961601316928864
9638	H7	Py54	A	B	0.3394622206687927
9639	H7	Py56	A	B	0.3545409440994263
9640	H7	Py58	A	B	0.358721137046814
9641	H7	Py62	A	B	0.3226358890533447
9642	H7	Py64	A	B	0.3156971633434296
9643	H7	Py66	A	B	0.3116074204444885
9644	H7	Py68	A	B	0.3224416375160217
9645	H7	Py70	A	B	0.3040733933448792
9646	H7	Py72	A	B	0.3127531409263611
9647	H7	Py79	A	B	0.4073217511177063
9648	H7	Py81	A	B	0.4129099547863007
9649	H7	Py83	A	B	0.4085483551025391
9650	H7	Py85	A	B	0.4070499539375305
9651	H7	Py87	A	B	0.3935218155384064
9652	H7	P1extneg	A	B	0.423775315284729
9653	H7	P1NTC2	A	B	0.5804163813591003
9654	H7	P1PCRpos	A	B	0.4657337963581085
9655	H7	HR02	A	B	0.1939894706010818
9656	H7	HR06	A	B	0.217775285243988
9657	H7	HR08	A	B	0.3435214459896088
9658	H7	HR10	A	B	0.1664959639310837
9659	H7	HR12	A	B	0.2641336619853973
9660	H7	HR18	A	B	0.1590546518564224
9661	H7	HR20	A	B	0.1754928827285767
9662	H7	HR22	A	B	0.2177066504955292
9663	H7	HR24	A	B	0.1801154017448425
9664	H7	HR30	A	B	0.2869769334793091
9665	H7	HR36	A	B	0.3858900964260101
9666	H7	HR38	A	B	0.3767514526844025
9667	H7	HR42	A	B	0.3027775287628174
9668	H7	HR57	A	B	0.2501983642578125
9669	H7	HR59	A	B	0.3538660407066345
9670	H7	HR61	A	B	0.3217819631099701
9671	H7	HR67	A	B	0.3952031135559082
9672	H7	HR71	A	B	0.6760985851287842
9673	H7	H1	A	B	0.2811511158943176
9674	H7	H8	A	B	0.1642411947250366
9675	H7	H12	A	B	0.2844828367233276
9676	H7	H16	A	B	0.2734358310699463
9677	H7	P2PCRpos	A	B	0.463805079460144
9678	H7	Han02	A	B	0.4419507086277008
9679	H7	Han04	A	B	0.4784259498119354
9680	H7	Han06	A	B	0.4535781443119049
9681	H7	Han08	A	B	0.460569828748703
9682	H7	Han10	A	B	0.4338909685611725
9683	H7	Han12	A	B	0.5022494196891785
9684	H7	Han14	A	B	0.4223441481590271
9685	H7	Han16	A	B	0.4485926330089569
9686	H7	Han18	A	B	0.4591467380523682
9687	H7	Han20	A	B	0.4448219835758209
9688	H7	Han22	A	B	0.4364336729049683
9689	H7	Han26	A	B	0.4131474494934082
9690	H7	Han28	A	B	0.4291572272777557
9691	H7	Han30	A	B	0.4322217404842377
9692	H7	Han32	A	B	0.4419167935848236
9693	H7	Han34	A	B	0.4504667818546295
9694	H7	Han36	A	B	0.438859760761261
9695	H7	Han38	A	B	0.4475590586662292
9696	H7	Han40	A	B	0.4086339175701141
9697	H7	Han42	A	B	0.447947084903717
9698	H7	Han44	A	B	0.4503792226314545
9699	H7	Han46	A	B	0.4531936049461365
9700	H7	Han48	A	B	0.4450311660766602
9701	H7	P3PCRpos	A	B	0.4648118317127228
9702	H11	Py2	A	B	0.3746846914291382
9703	H11	Py4	A	B	0.3779655694961548
9704	H11	Py6	A	B	0.3886535465717316
9705	H11	Py8	A	B	0.3964153528213501
9706	H11	Py10	A	B	0.4064071178436279
9707	H11	Py12	A	B	0.3802043497562408
9708	H11	Py14	A	B	0.431389331817627
9709	H11	Py16	A	B	0.3900755047798157
9710	H11	Py18	A	B	0.4355566501617432
9711	H11	Py20	A	B	0.4503212571144104
9712	H11	Py22	A	B	0.434634804725647
9713	H11	Py24	A	B	0.4547201991081238
9714	H11	Py26	A	B	0.3817822933197021
9715	H11	Py28	A	B	0.3918493092060089
9716	H11	Py30	A	B	0.3915156126022339
9717	H11	Py32	A	B	0.3892980217933655
9718	H11	Py34	A	B	0.3851479589939117
9719	H11	Py36	A	B	0.3841047883033752
9720	H11	Py38	A	B	0.3523111045360565
9721	H11	Py40	A	B	0.3657133281230927
9722	H11	Py42	A	B	0.3640247583389282
9723	H11	Py44	A	B	0.3820633292198181
9724	H11	Py46	A	B	0.3807467222213745
9725	H11	Py48	A	B	0.3951241075992584
9726	H11	Py52	A	B	0.3443180620670319
9727	H11	Py54	A	B	0.3885446190834045
9728	H11	Py56	A	B	0.3987587094306946
9729	H11	Py58	A	B	0.4000800549983978
9730	H11	Py62	A	B	0.365761786699295
9731	H11	Py64	A	B	0.3612541258335114
9732	H11	Py66	A	B	0.3575794994831085
9733	H11	Py68	A	B	0.3650349080562592
9734	H11	Py70	A	B	0.3550325036048889
9735	H11	Py72	A	B	0.3587697744369507
9736	H11	Py79	A	B	0.4225906133651733
9737	H11	Py81	A	B	0.4263860285282135
9738	H11	Py83	A	B	0.418851226568222
9739	H11	Py85	A	B	0.4179385006427765
9740	H11	Py87	A	B	0.4042381346225739
9741	H11	P1extneg	A	B	0.438891738653183
9742	H11	P1NTC2	A	B	0.5790045261383057
9743	H11	P1PCRpos	A	B	0.4913694560527802
9744	H11	HR02	A	B	0.17831951379776
9745	H11	HR06	A	B	0.233899399638176
9746	H11	HR08	A	B	0.3777739703655243
9747	H11	HR10	A	B	0.2060135751962662
9748	H11	HR12	A	B	0.266657292842865
9749	H11	HR18	A	B	0.1762420535087585
9750	H11	HR20	A	B	0.2393110394477844
9751	H11	HR22	A	B	0.2420697063207626
9752	H11	HR24	A	B	0.2030399590730667
9753	H11	HR30	A	B	0.3403289616107941
9754	H11	HR36	A	B	0.4033596515655518
9755	H11	HR38	A	B	0.4060406386852264
9756	H11	HR42	A	B	0.3329091370105743
9757	H11	HR57	A	B	0.2771963775157928
9758	H11	HR59	A	B	0.3864728212356567
9759	H11	HR61	A	B	0.3716478943824768
9760	H11	HR67	A	B	0.4090611934661865
9761	H11	HR71	A	B	0.6660502552986145
9762	H11	H1	A	B	0.2912834882736206
9763	H11	H8	A	B	0.19870725274086
9764	H11	H12	A	B	0.3350390493869781
9765	H11	H16	A	B	0.3147162795066833
9766	H11	P2PCRpos	A	B	0.4894765615463257
9767	H11	Han02	A	B	0.4470752775669098
9768	H11	Han04	A	B	0.4868481457233429
9769	H11	Han06	A	B	0.4592557847499847
9770	H11	Han08	A	B	0.4738754630088806
9771	H11	Han10	A	B	0.436751514673233
9772	H11	Han12	A	B	0.5178532004356384
9773	H11	Han14	A	B	0.4344648420810699
9774	H11	Han16	A	B	0.4551513195037842
9775	H11	Han18	A	B	0.4648154079914093
9776	H11	Han20	A	B	0.450995147228241
9777	H11	Han22	A	B	0.4451563060283661
9778	H11	Han26	A	B	0.4463397264480591
9779	H11	Han28	A	B	0.4509417116641998
9780	H11	Han30	A	B	0.4473988711833954
9781	H11	Han32	A	B	0.462137371301651
9782	H11	Han34	A	B	0.4675678312778473
9783	H11	Han36	A	B	0.4549911320209503
9784	H11	Han38	A	B	0.4829054772853851
9785	H11	Han40	A	B	0.4193683266639709
9786	H11	Han42	A	B	0.4624885022640228
9787	H11	Han44	A	B	0.4681234657764435
9788	H11	Han46	A	B	0.4586901664733887
9789	H11	Han48	A	B	0.4546296894550323
9790	H11	P3PCRpos	A	B	0.4905299544334412
9791	H13	Py2	A	B	0.4029020965099335
9792	H13	Py4	A	B	0.4045310020446777
9793	H13	Py6	A	B	0.4160982668399811
9794	H13	Py8	A	B	0.4202763736248016
9795	H13	Py10	A	B	0.4303986430168152
9796	H13	Py12	A	B	0.4041027724742889
9797	H13	Py14	A	B	0.4525994658470154
9798	H13	Py16	A	B	0.4141419529914856
9799	H13	Py18	A	B	0.4584620296955109
9800	H13	Py20	A	B	0.4742682576179504
9801	H13	Py22	A	B	0.4569819867610931
9802	H13	Py24	A	B	0.4790079295635223
9803	H13	Py26	A	B	0.4051042497158051
9804	H13	Py28	A	B	0.4161864519119263
9805	H13	Py30	A	B	0.4167174696922302
9806	H13	Py32	A	B	0.4144129157066345
9807	H13	Py34	A	B	0.4095844626426697
9808	H13	Py36	A	B	0.4085146188735962
9809	H13	Py38	A	B	0.3851186633110046
9810	H13	Py40	A	B	0.3980755805969238
9811	H13	Py42	A	B	0.3925238251686096
9812	H13	Py44	A	B	0.4136065244674683
9813	H13	Py46	A	B	0.4117141664028168
9814	H13	Py48	A	B	0.4266338050365448
9815	H13	Py52	A	B	0.3776113390922546
9816	H13	Py54	A	B	0.4156327843666077
9817	H13	Py56	A	B	0.4250625669956207
9818	H13	Py58	A	B	0.4264744818210602
9819	H13	Py62	A	B	0.3990219235420227
9820	H13	Py64	A	B	0.3938217461109161
9821	H13	Py66	A	B	0.3897634446620941
9822	H13	Py68	A	B	0.398649662733078
9823	H13	Py70	A	B	0.3885008990764618
9824	H13	Py72	A	B	0.3917085528373718
9825	H13	Py79	A	B	0.4610625803470612
9826	H13	Py81	A	B	0.4632278084754944
9827	H13	Py83	A	B	0.4553679227828979
9828	H13	Py85	A	B	0.4550450444221497
9829	H13	Py87	A	B	0.426838606595993
9830	H13	P1extneg	A	B	0.4084882438182831
9831	H13	P1NTC2	A	B	0.6182324886322021
9832	H13	P1PCRpos	A	B	0.523257851600647
9833	H13	HR02	A	B	0.2623135149478912
9834	H13	HR06	A	B	0.3223044574260712
9835	H13	HR08	A	B	0.4420791268348694
9836	H13	HR10	A	B	0.2534959316253662
9837	H13	HR12	A	B	0.356416255235672
9838	H13	HR18	A	B	0.2364010363817215
9839	H13	HR20	A	B	0.2366773188114166
9840	H13	HR22	A	B	0.2928988635540009
9841	H13	HR24	A	B	0.2116901129484177
9842	H13	HR30	A	B	0.213088721036911
9843	H13	HR36	A	B	0.4361148774623871
9844	H13	HR38	A	B	0.4033633470535278
9845	H13	HR42	A	B	0.2586284577846527
9846	H13	HR57	A	B	0.2809968888759613
9847	H13	HR59	A	B	0.3862449824810028
9848	H13	HR61	A	B	0.2523279190063477
9849	H13	HR67	A	B	0.3550038933753967
9850	H13	HR71	A	B	0.739946722984314
9851	H13	H1	A	B	0.2074697017669678
9852	H13	H8	A	B	0.2294778674840927
9853	H13	H12	A	B	0.2305297702550888
9854	H13	H16	A	B	0.1910827159881592
9855	H13	P2PCRpos	A	B	0.5214346051216125
9856	H13	Han02	A	B	0.4850931167602539
9857	H13	Han04	A	B	0.5333009958267212
9858	H13	Han06	A	B	0.5032109618186951
9859	H13	Han08	A	B	0.5215802192687988
9860	H13	Han10	A	B	0.4868472814559937
9861	H13	Han12	A	B	0.5557090044021606
9862	H13	Han14	A	B	0.4667545557022095
9863	H13	Han16	A	B	0.497772604227066
9864	H13	Han18	A	B	0.5093553066253662
9865	H13	Han20	A	B	0.4944638907909393
9866	H13	Han22	A	B	0.4934802055358887
9867	H13	Han26	A	B	0.4848316311836243
9868	H13	Han28	A	B	0.4979362487792969
9869	H13	Han30	A	B	0.5003412961959839
9870	H13	Han32	A	B	0.4982632696628571
9871	H13	Han34	A	B	0.5222983956336975
9872	H13	Han36	A	B	0.5077449679374695
9873	H13	Han38	A	B	0.5272958874702454
9874	H13	Han40	A	B	0.4749710857868195
9875	H13	Han42	A	B	0.5183613896369934
9876	H13	Han44	A	B	0.5234915018081665
9877	H13	Han46	A	B	0.4984142482280731
9878	H13	Han48	A	B	0.5098158121109009
9879	H13	P3PCRpos	A	B	0.5224879384040833
9880	H15	Py2	A	B	0.4650217890739441
9881	H15	Py4	A	B	0.4649674892425537
9882	H15	Py6	A	B	0.4693628549575806
9883	H15	Py8	A	B	0.4751492142677307
9884	H15	Py10	A	B	0.4832877218723297
9885	H15	Py12	A	B	0.4633907377719879
9886	H15	Py14	A	B	0.504473090171814
9887	H15	Py16	A	B	0.470651388168335
9888	H15	Py18	A	B	0.5069741606712341
9889	H15	Py20	A	B	0.5212340354919434
9890	H15	Py22	A	B	0.5067151188850403
9891	H15	Py24	A	B	0.5306113362312317
9892	H15	Py26	A	B	0.4625355303287506
9893	H15	Py28	A	B	0.4683123528957367
9894	H15	Py30	A	B	0.4670116603374481
9895	H15	Py32	A	B	0.4647092521190643
9896	H15	Py34	A	B	0.4620423018932343
9897	H15	Py36	A	B	0.4605526626110077
9898	H15	Py38	A	B	0.463100403547287
9899	H15	Py40	A	B	0.4720112085342407
9900	H15	Py42	A	B	0.473945677280426
9901	H15	Py44	A	B	0.4825012683868408
9902	H15	Py46	A	B	0.4797101616859436
9903	H15	Py48	A	B	0.4965817928314209
9904	H15	Py52	A	B	0.4528650641441345
9905	H15	Py54	A	B	0.4778231084346771
9906	H15	Py56	A	B	0.4866845905780792
9907	H15	Py58	A	B	0.4881135225296021
9908	H15	Py62	A	B	0.4737863540649414
9909	H15	Py64	A	B	0.4702707231044769
9910	H15	Py66	A	B	0.4669632017612457
9911	H15	Py68	A	B	0.4713773429393768
9912	H15	Py70	A	B	0.4583717882633209
9913	H15	Py72	A	B	0.4676580131053925
9914	H15	Py79	A	B	0.5185017585754395
9915	H15	Py81	A	B	0.5297368764877319
9916	H15	Py83	A	B	0.5170665383338928
9917	H15	Py85	A	B	0.5142837762832642
9918	H15	Py87	A	B	0.5030303001403809
9919	H15	P1extneg	A	B	0.4679825305938721
9920	H15	P1NTC2	A	B	0.6885709762573242
9921	H15	P1PCRpos	A	B	0.5630282759666443
9922	H15	HR02	A	B	0.3465720415115356
9923	H15	HR06	A	B	0.3988345563411713
9924	H15	HR08	A	B	0.5043476819992065
9925	H15	HR10	A	B	0.3151680827140808
9926	H15	HR12	A	B	0.4177994728088379
9927	H15	HR18	A	B	0.3275795578956604
9928	H15	HR20	A	B	0.3277664482593536
9929	H15	HR22	A	B	0.4029361009597778
9930	H15	HR24	A	B	0.2877572178840637
9931	H15	HR30	A	B	0.1605039536952972
9932	H15	HR36	A	B	0.4896107316017151
9933	H15	HR38	A	B	0.4582200944423676
9934	H15	HR42	A	B	0.2407217174768448
9935	H15	HR57	A	B	0.3848222494125366
9936	H15	HR59	A	B	0.4341042339801788
9937	H15	HR61	A	B	0.1379563063383102
9938	H15	HR67	A	B	0.3243533372879028
9939	H15	HR71	A	B	0.7892105579376221
9940	H15	H1	A	B	0.212523877620697
9941	H15	H8	A	B	0.3080266118049622
9942	H15	H12	A	B	0.1885638833045959
9943	H15	H16	A	B	0.1779954731464386
9944	H15	P2PCRpos	A	B	0.5611901879310608
9945	H15	Han02	A	B	0.5627267360687256
9946	H15	Han04	A	B	0.6186226606369019
9947	H15	Han06	A	B	0.567435622215271
9948	H15	Han08	A	B	0.6051186919212341
9949	H15	Han10	A	B	0.5481359958648682
9950	H15	Han12	A	B	0.6402094960212708
9951	H15	Han14	A	B	0.5322362780570984
9952	H15	Han16	A	B	0.5637889504432678
9953	H15	Han18	A	B	0.5733767151832581
9954	H15	Han20	A	B	0.5575702786445618
9955	H15	Han22	A	B	0.5493053793907166
9956	H15	Han26	A	B	0.5429185628890991
9957	H15	Han28	A	B	0.5587448477745056
9958	H15	Han30	A	B	0.5664734244346619
9959	H15	Han32	A	B	0.550849974155426
9960	H15	Han34	A	B	0.5901529788970947
9961	H15	Han36	A	B	0.578807532787323
9962	H15	Han38	A	B	0.5856650471687317
9963	H15	Han40	A	B	0.5547189712524414
9964	H15	Han42	A	B	0.5919027328491211
9965	H15	Han44	A	B	0.5955404043197632
9966	H15	Han46	A	B	0.5635684132575989
9967	H15	Han48	A	B	0.585871696472168
9968	H15	P3PCRpos	A	B	0.5621556639671326
9969	Han01	Py2	A	B	0.4562781751155853
9970	Han01	Py4	A	B	0.4645776748657227
9971	Han01	Py6	A	B	0.4586263000965118
9972	Han01	Py8	A	B	0.4915603399276733
9973	Han01	Py10	A	B	0.5006555318832397
9974	Han01	Py12	A	B	0.4780468642711639
9975	Han01	Py14	A	B	0.5191203951835632
9976	Han01	Py16	A	B	0.4829740822315216
9977	Han01	Py18	A	B	0.5230701565742493
9978	Han01	Py20	A	B	0.5340958833694458
9979	Han01	Py22	A	B	0.5212230086326599
9980	Han01	Py24	A	B	0.5350605845451355
9981	Han01	Py26	A	B	0.4670307040214539
9982	Han01	Py28	A	B	0.4840593636035919
9983	Han01	Py30	A	B	0.4852031767368317
9984	Han01	Py32	A	B	0.4840339124202728
9985	Han01	Py34	A	B	0.4726662933826447
9986	Han01	Py36	A	B	0.4736889600753784
9987	Han01	Py38	A	B	0.426891565322876
9988	Han01	Py40	A	B	0.4532423615455627
9989	Han01	Py42	A	B	0.4448344111442566
9990	Han01	Py44	A	B	0.4730713367462158
9991	Han01	Py46	A	B	0.4727576971054077
9992	Han01	Py48	A	B	0.485890120267868
9993	Han01	Py52	A	B	0.4290529787540436
9994	Han01	Py54	A	B	0.4859681129455566
9995	Han01	Py56	A	B	0.4976223409175873
9996	Han01	Py58	A	B	0.4987421929836273
9997	Han01	Py62	A	B	0.4527507126331329
9998	Han01	Py64	A	B	0.4450591206550598
9999	Han01	Py66	A	B	0.4438208639621735
10000	Han01	Py68	A	B	0.4479125738143921
10001	Han01	Py70	A	B	0.4367380440235138
10002	Han01	Py72	A	B	0.4428810179233551
10003	Han01	Py79	A	B	0.2844107449054718
10004	Han01	Py81	A	B	0.2729890942573547
10005	Han01	Py83	A	B	0.1864411234855652
10006	Han01	Py85	A	B	0.1908690929412842
10007	Han01	Py87	A	B	0.2664796113967896
10008	Han01	P1extneg	A	B	0.459276556968689
10009	Han01	P1NTC2	A	B	0.6466461420059204
10010	Han01	P1PCRpos	A	B	0.5337920188903809
10011	Han01	HR02	A	B	0.4450846910476685
10012	Han01	HR06	A	B	0.4569587707519531
10013	Han01	HR08	A	B	0.4405522644519806
10014	Han01	HR10	A	B	0.438080221414566
10015	Han01	HR12	A	B	0.5002482533454895
10016	Han01	HR18	A	B	0.4473798871040344
10017	Han01	HR20	A	B	0.4756978154182434
10018	Han01	HR22	A	B	0.4345807731151581
10019	Han01	HR24	A	B	0.4881002902984619
10020	Han01	HR30	A	B	0.5633485317230225
10021	Han01	HR36	A	B	0.5225220322608948
10022	Han01	HR38	A	B	0.5381701588630676
10023	Han01	HR42	A	B	0.53190016746521
10024	Han01	HR57	A	B	0.4259873330593109
10025	Han01	HR59	A	B	0.5264650583267212
10026	Han01	HR61	A	B	0.5811373591423035
10027	Han01	HR67	A	B	0.5591708421707153
10028	Han01	HR71	A	B	0.7827182412147522
10029	Han01	H1	A	B	0.5513031482696533
10030	Han01	H8	A	B	0.4361695945262909
10031	Han01	H12	A	B	0.5466557145118713
10032	Han01	H16	A	B	0.5516534447669983
10033	Han01	P2PCRpos	A	B	0.5317097306251526
10034	Han01	Han02	A	B	0.1790170669555664
10035	Han01	Han04	A	B	0.4225896298885345
10036	Han01	Han06	A	B	0.03678254410624504
10037	Han01	Han08	A	B	0.4391115605831146
10038	Han01	Han10	A	B	0.1641087532043457
10039	Han01	Han12	A	B	0.5080344676971436
10040	Han01	Han14	A	B	0.1492015272378922
10041	Han01	Han16	A	B	0.05553828179836273
10042	Han01	Han18	A	B	0.05546494945883751
10043	Han01	Han20	A	B	0.1068310663104057
10044	Han01	Han22	A	B	0.2674454748630524
10045	Han01	Han26	A	B	0.4184693992137909
10046	Han01	Han28	A	B	0.3067201972007751
10047	Han01	Han30	A	B	0.3150407373905182
10048	Han01	Han32	A	B	0.2529527544975281
10049	Han01	Han34	A	B	0.411963164806366
10050	Han01	Han36	A	B	0.3699765205383301
10051	Han01	Han38	A	B	0.4330957233905792
10052	Han01	Han40	A	B	0.3826769590377808
10053	Han01	Han42	A	B	0.3734310269355774
10054	Han01	Han44	A	B	0.4158701002597809
10055	Han01	Han46	A	B	0.05252181366086006
10056	Han01	Han48	A	B	0.3581259250640869
10057	Han01	P3PCRpos	A	B	0.5327363610267639
10058	Han03	Py2	A	B	0.434881329536438
10059	Han03	Py4	A	B	0.4430735111236572
10060	Han03	Py6	A	B	0.437472939491272
10061	Han03	Py8	A	B	0.4701321721076965
10062	Han03	Py10	A	B	0.4791777431964874
10063	Han03	Py12	A	B	0.456611692905426
10064	Han03	Py14	A	B	0.5000702142715454
10065	Han03	Py16	A	B	0.4616680443286896
10066	Han03	Py18	A	B	0.5038082003593445
10067	Han03	Py20	A	B	0.5157073736190796
10068	Han03	Py22	A	B	0.5018950700759888
10069	Han03	Py24	A	B	0.51661616563797
10070	Han03	Py26	A	B	0.4455389678478241
10071	Han03	Py28	A	B	0.4626446962356567
10072	Han03	Py30	A	B	0.4639332294464111
10073	Han03	Py32	A	B	0.4627031683921814
10074	Han03	Py34	A	B	0.4512721300125122
10075	Han03	Py36	A	B	0.4523551762104034
10076	Han03	Py38	A	B	0.4062091112136841
10077	Han03	Py40	A	B	0.4337049722671509
10078	Han03	Py42	A	B	0.4245646297931671
10079	Han03	Py44	A	B	0.4514847695827484
10080	Han03	Py46	A	B	0.4504128396511078
10081	Han03	Py48	A	B	0.4670345485210419
10082	Han03	Py52	A	B	0.4088268578052521
10083	Han03	Py54	A	B	0.4635824859142303
10084	Han03	Py56	A	B	0.4751379489898682
10085	Han03	Py58	A	B	0.4759698212146759
10086	Han03	Py62	A	B	0.431846410036087
10087	Han03	Py64	A	B	0.424077183008194
10088	Han03	Py66	A	B	0.4233081042766571
10089	Han03	Py68	A	B	0.4265759587287903
10090	Han03	Py70	A	B	0.414960116147995
10091	Han03	Py72	A	B	0.4214321970939636
10092	Han03	Py79	A	B	0.2444602102041245
10093	Han03	Py81	A	B	0.2600017488002777
10094	Han03	Py83	A	B	0.1659402251243591
10095	Han03	Py85	A	B	0.1698294579982758
10096	Han03	Py87	A	B	0.2364479899406433
10097	Han03	P1extneg	A	B	0.4342783987522125
10098	Han03	P1NTC2	A	B	0.6315118074417114
10099	Han03	P1PCRpos	A	B	0.5273071527481079
10100	Han03	HR02	A	B	0.429103285074234
10101	Han03	HR06	A	B	0.4444793462753296
10102	Han03	HR08	A	B	0.4281936585903168
10103	Han03	HR10	A	B	0.4228714406490326
10104	Han03	HR12	A	B	0.4879271686077118
10105	Han03	HR18	A	B	0.4336788356304169
10106	Han03	HR20	A	B	0.4605980217456818
10107	Han03	HR22	A	B	0.4241629540920258
10108	Han03	HR24	A	B	0.4696553349494934
10109	Han03	HR30	A	B	0.543519914150238
10110	Han03	HR36	A	B	0.5102330446243286
10111	Han03	HR38	A	B	0.5277625322341919
10112	Han03	HR42	A	B	0.5145561099052429
10113	Han03	HR57	A	B	0.4055649042129517
10114	Han03	HR59	A	B	0.5106655359268188
10115	Han03	HR61	A	B	0.5618081092834473
10116	Han03	HR67	A	B	0.5510749816894531
10117	Han03	HR71	A	B	0.7885389924049377
10118	Han03	H1	A	B	0.536709725856781
10119	Han03	H8	A	B	0.4203163087368011
10120	Han03	H12	A	B	0.5295520424842834
10121	Han03	H16	A	B	0.5354757905006409
10122	Han03	P2PCRpos	A	B	0.525299072265625
10123	Han03	Han02	A	B	0.1323320418596268
10124	Han03	Han04	A	B	0.3850489258766174
10125	Han03	Han06	A	B	0.06587371975183487
10126	Han03	Han08	A	B	0.4025634229183197
10127	Han03	Han10	A	B	0.1220330595970154
10128	Han03	Han12	A	B	0.463456928730011
10129	Han03	Han14	A	B	0.0895674005150795
10130	Han03	Han16	A	B	0.05953104421496391
10131	Han03	Han18	A	B	0.08178204298019409
10132	Han03	Han20	A	B	0.06557998806238174
10133	Han03	Han22	A	B	0.2249628007411957
10134	Han03	Han26	A	B	0.3728483617305756
10135	Han03	Han28	A	B	0.2605909705162048
10136	Han03	Han30	A	B	0.2735424935817719
10137	Han03	Han32	A	B	0.2062970250844955
10138	Han03	Han34	A	B	0.3681835234165192
10139	Han03	Han36	A	B	0.3307259380817413
10140	Han03	Han38	A	B	0.3911924064159393
10141	Han03	Han40	A	B	0.3430105149745941
10142	Han03	Han42	A	B	0.3315190374851227
10143	Han03	Han44	A	B	0.373622715473175
10144	Han03	Han46	A	B	0.05800912529230118
10145	Han03	Han48	A	B	0.31563800573349
10146	Han03	P3PCRpos	A	B	0.5262784361839294
10147	Han05	Py2	A	B	0.4180167317390442
10148	Han05	Py4	A	B	0.4261260032653809
10149	Han05	Py6	A	B	0.4348309636116028
10150	Han05	Py8	A	B	0.4551850855350494
10151	Han05	Py10	A	B	0.4665890634059906
10152	Han05	Py12	A	B	0.4352681934833527
10153	Han05	Py14	A	B	0.4894270598888397
10154	Han05	Py16	A	B	0.4442827701568604
10155	Han05	Py18	A	B	0.4917949736118317
10156	Han05	Py20	A	B	0.5030775666236877
10157	Han05	Py22	A	B	0.4905776679515839
10158	Han05	Py24	A	B	0.5035658478736877
10159	Han05	Py26	A	B	0.4266154766082764
10160	Han05	Py28	A	B	0.4433525204658508
10161	Han05	Py30	A	B	0.4431148767471313
10162	Han05	Py32	A	B	0.4403232932090759
10163	Han05	Py34	A	B	0.4322478175163269
10164	Han05	Py36	A	B	0.4330654740333557
10165	Han05	Py38	A	B	0.3584973812103271
10166	Han05	Py40	A	B	0.4075141549110413
10167	Han05	Py42	A	B	0.3884834945201874
10168	Han05	Py44	A	B	0.4400510191917419
10169	Han05	Py46	A	B	0.4396804571151733
10170	Han05	Py48	A	B	0.4496830701828003
10171	Han05	Py52	A	B	0.3672593235969543
10172	Han05	Py54	A	B	0.4485766291618347
10173	Han05	Py56	A	B	0.462841123342514
10174	Han05	Py58	A	B	0.4652064442634583
10175	Han05	Py62	A	B	0.3976180553436279
10176	Han05	Py64	A	B	0.3792239129543304
10177	Han05	Py66	A	B	0.3766001462936401
10178	Han05	Py68	A	B	0.3938685357570648
10179	Han05	Py70	A	B	0.3851840794086456
10180	Han05	Py72	A	B	0.3717774152755737
10181	Han05	Py79	A	B	0.3629723787307739
10182	Han05	Py81	A	B	0.4114409387111664
10183	Han05	Py83	A	B	0.405786544084549
10184	Han05	Py85	A	B	0.4031575918197632
10185	Han05	Py87	A	B	0.3570774495601654
10186	Han05	P1extneg	A	B	0.4599437713623047
10187	Han05	P1NTC2	A	B	0.601635217666626
10188	Han05	P1PCRpos	A	B	0.5434308052062988
10189	Han05	HR02	A	B	0.4730069935321808
10190	Han05	HR06	A	B	0.4839964509010315
10191	Han05	HR08	A	B	0.5215064287185669
10192	Han05	HR10	A	B	0.4904738962650299
10193	Han05	HR12	A	B	0.5397660136222839
10194	Han05	HR18	A	B	0.482429027557373
10195	Han05	HR20	A	B	0.4727489650249481
10196	Han05	HR22	A	B	0.4593877494335175
10197	Han05	HR24	A	B	0.4963057637214661
10198	Han05	HR30	A	B	0.5874245762825012
10199	Han05	HR36	A	B	0.5261229276657104
10200	Han05	HR38	A	B	0.5671743154525757
10201	Han05	HR42	A	B	0.5726485252380371
10202	Han05	HR57	A	B	0.5178572535514832
10203	Han05	HR59	A	B	0.5533228516578674
10204	Han05	HR61	A	B	0.6080295443534851
10205	Han05	HR67	A	B	0.6010181903839111
10206	Han05	HR71	A	B	0.8441402912139893
10207	Han05	H1	A	B	0.5772074460983276
10208	Han05	H8	A	B	0.4738159775733948
10209	Han05	H12	A	B	0.5764000415802002
10210	Han05	H16	A	B	0.5764531493186951
10211	Han05	P2PCRpos	A	B	0.5414241552352905
10212	Han05	Han02	A	B	0.3088779747486115
10213	Han05	Han04	A	B	0.1808681190013885
10214	Han05	Han06	A	B	0.4154507517814636
10215	Han05	Han08	A	B	0.08735126256942749
10216	Han05	Han10	A	B	0.3177133202552795
10217	Han05	Han12	A	B	0.1841742992401123
10218	Han05	Han14	A	B	0.3686449527740479
10219	Han05	Han16	A	B	0.4045864939689636
10220	Han05	Han18	A	B	0.3998321294784546
10221	Han05	Han20	A	B	0.3567211329936981
10222	Han05	Han22	A	B	0.2625518143177032
10223	Han05	Han26	A	B	0.1712500005960464
10224	Han05	Han28	A	B	0.1784164905548096
10225	Han05	Han30	A	B	0.1801267862319946
10226	Han05	Han32	A	B	0.3058096766471863
10227	Han05	Han34	A	B	0.09788160771131516
10228	Han05	Han36	A	B	0.1253068000078201
10229	Han05	Han38	A	B	0.1434658616781235
10230	Han05	Han40	A	B	0.1207134500145912
10231	Han05	Han42	A	B	0.0888073593378067
10232	Han05	Han44	A	B	0.09692973643541336
10233	Han05	Han46	A	B	0.4280308485031128
10234	Han05	Han48	A	B	0.1077124923467636
10235	Han05	P3PCRpos	A	B	0.5426150560379028
10236	Han07	Py2	A	B	0.4606310129165649
10237	Han07	Py4	A	B	0.4689139425754547
10238	Han07	Py6	A	B	0.4633256793022156
10239	Han07	Py8	A	B	0.4958899021148682
10240	Han07	Py10	A	B	0.5049394369125366
10241	Han07	Py12	A	B	0.4823894798755646
10242	Han07	Py14	A	B	0.5233727097511292
10243	Han07	Py16	A	B	0.487395316362381
10244	Han07	Py18	A	B	0.5277119278907776
10245	Han07	Py20	A	B	0.5389617085456848
10246	Han07	Py22	A	B	0.525973379611969
10247	Han07	Py24	A	B	0.5398436188697815
10248	Han07	Py26	A	B	0.4713594317436218
10249	Han07	Py28	A	B	0.4883250594139099
10250	Han07	Py30	A	B	0.4896187484264374
10251	Han07	Py32	A	B	0.4884011745452881
10252	Han07	Py34	A	B	0.4770064353942871
10253	Han07	Py36	A	B	0.4780908524990082
10254	Han07	Py38	A	B	0.4379442930221558
10255	Han07	Py40	A	B	0.4648837149143219
10256	Han07	Py42	A	B	0.456400454044342
10257	Han07	Py44	A	B	0.4823923707008362
10258	Han07	Py46	A	B	0.479954332113266
10259	Han07	Py48	A	B	0.4970729351043701
10260	Han07	Py52	A	B	0.4404040575027466
10261	Han07	Py54	A	B	0.4907019138336182
10262	Han07	Py56	A	B	0.5022888779640198
10263	Han07	Py58	A	B	0.503203809261322
10264	Han07	Py62	A	B	0.4638830125331879
10265	Han07	Py64	A	B	0.4563583433628082
10266	Han07	Py66	A	B	0.4552108347415924
10267	Han07	Py68	A	B	0.4590907096862793
10268	Han07	Py70	A	B	0.4474527537822723
10269	Han07	Py72	A	B	0.4540612101554871
10270	Han07	Py79	A	B	0.2898946106433868
10271	Han07	Py81	A	B	0.2853403985500336
10272	Han07	Py83	A	B	0.1934029012918472
10273	Han07	Py85	A	B	0.1944413483142853
10274	Han07	Py87	A	B	0.2666820883750916
10275	Han07	P1extneg	A	B	0.4611817002296448
10276	Han07	P1NTC2	A	B	0.6575555205345154
10277	Han07	P1PCRpos	A	B	0.5390943288803101
10278	Han07	HR02	A	B	0.4502348005771637
10279	Han07	HR06	A	B	0.4622079730033875
10280	Han07	HR08	A	B	0.445292741060257
10281	Han07	HR10	A	B	0.4352638125419617
10282	Han07	HR12	A	B	0.5045510530471802
10283	Han07	HR18	A	B	0.4528779685497284
10284	Han07	HR20	A	B	0.4798553287982941
10285	Han07	HR22	A	B	0.4434581398963928
10286	Han07	HR24	A	B	0.4829515218734741
10287	Han07	HR30	A	B	0.5578377842903137
10288	Han07	HR36	A	B	0.5272635221481323
10289	Han07	HR38	A	B	0.5337916612625122
10290	Han07	HR42	A	B	0.5266388058662415
10291	Han07	HR57	A	B	0.4238431453704834
10292	Han07	HR59	A	B	0.5213844180107117
10293	Han07	HR61	A	B	0.5757293701171875
10294	Han07	HR67	A	B	0.5557024478912354
10295	Han07	HR71	A	B	0.7865952253341675
10296	Han07	H1	A	B	0.5489384531974792
10297	Han07	H8	A	B	0.4431968331336975
10298	Han07	H12	A	B	0.5413451790809631
10299	Han07	H16	A	B	0.5473732948303223
10300	Han07	P2PCRpos	A	B	0.5369636416435242
10301	Han07	Han02	A	B	0.1773206889629364
10302	Han07	Han04	A	B	0.4337943196296692
10303	Han07	Han06	A	B	0.04585615918040276
10304	Han07	Han08	A	B	0.449396163225174
10305	Han07	Han10	A	B	0.1671654284000397
10306	Han07	Han12	A	B	0.5186565518379211
10307	Han07	Han14	A	B	0.1437951028347015
10308	Han07	Han16	A	B	0.06530076265335083
10309	Han07	Han18	A	B	0.06517835706472397
10310	Han07	Han20	A	B	0.1113753020763397
10311	Han07	Han22	A	B	0.2756885290145874
10312	Han07	Han26	A	B	0.421377420425415
10313	Han07	Han28	A	B	0.3108246624469757
10314	Han07	Han30	A	B	0.3197775781154633
10315	Han07	Han32	A	B	0.255464643239975
10316	Han07	Han34	A	B	0.4177471101284027
10317	Han07	Han36	A	B	0.3778237104415894
10318	Han07	Han38	A	B	0.4357486665248871
10319	Han07	Han40	A	B	0.3936690390110016
10320	Han07	Han42	A	B	0.3851290941238403
10321	Han07	Han44	A	B	0.4228523373603821
10322	Han07	Han46	A	B	0.0647583156824112
10323	Han07	Han48	A	B	0.3705157935619354
10324	Han07	P3PCRpos	A	B	0.5380173325538635
10325	Han09	Py2	A	B	0.4496260285377502
10326	Han09	Py4	A	B	0.4580443203449249
10327	Han09	Py6	A	B	0.4532505571842194
10328	Han09	Py8	A	B	0.4849233627319336
10329	Han09	Py10	A	B	0.4939121007919312
10330	Han09	Py12	A	B	0.471325546503067
10331	Han09	Py14	A	B	0.5131818056106567
10332	Han09	Py16	A	B	0.4763673841953278
10333	Han09	Py18	A	B	0.5178065896034241
10334	Han09	Py20	A	B	0.529849648475647
10335	Han09	Py22	A	B	0.5157730579376221
10336	Han09	Py24	A	B	0.5308308005332947
10337	Han09	Py26	A	B	0.4603058099746704
10338	Han09	Py28	A	B	0.4773411154747009
10339	Han09	Py30	A	B	0.4786757230758667
10340	Han09	Py32	A	B	0.477357029914856
10341	Han09	Py34	A	B	0.4659942090511322
10342	Han09	Py36	A	B	0.4670747220516205
10343	Han09	Py38	A	B	0.4248209595680237
10344	Han09	Py40	A	B	0.4501098394393921
10345	Han09	Py42	A	B	0.4424249231815338
10346	Han09	Py44	A	B	0.4685923457145691
10347	Han09	Py46	A	B	0.4669314324855804
10348	Han09	Py48	A	B	0.482638418674469
10349	Han09	Py52	A	B	0.4259578287601471
10350	Han09	Py54	A	B	0.4798390865325928
10351	Han09	Py56	A	B	0.4914668798446655
10352	Han09	Py58	A	B	0.4925132393836975
10353	Han09	Py62	A	B	0.4502538740634918
10354	Han09	Py64	A	B	0.4426971673965454
10355	Han09	Py66	A	B	0.4411394894123077
10356	Han09	Py68	A	B	0.4454576373100281
10357	Han09	Py70	A	B	0.4340395331382751
10358	Han09	Py72	A	B	0.440373957157135
10359	Han09	Py79	A	B	0.2770105004310608
10360	Han09	Py81	A	B	0.2710593044757843
10361	Han09	Py83	A	B	0.1854746043682098
10362	Han09	Py85	A	B	0.1871858835220337
10363	Han09	Py87	A	B	0.2615329623222351
10364	Han09	P1extneg	A	B	0.454337865114212
10365	Han09	P1NTC2	A	B	0.6462203860282898
10366	Han09	P1PCRpos	A	B	0.5313363075256348
10367	Han09	HR02	A	B	0.4425928294658661
10368	Han09	HR06	A	B	0.4526315331459045
10369	Han09	HR08	A	B	0.4342682361602783
10370	Han09	HR10	A	B	0.4358570575714111
10371	Han09	HR12	A	B	0.4951332211494446
10372	Han09	HR18	A	B	0.4468117356300354
10373	Han09	HR20	A	B	0.4736008644104004
10374	Han09	HR22	A	B	0.4313418567180634
10375	Han09	HR24	A	B	0.4871847927570343
10376	Han09	HR30	A	B	0.5625743269920349
10377	Han09	HR36	A	B	0.518204927444458
10378	Han09	HR38	A	B	0.5385976433753967
10379	Han09	HR42	A	B	0.5319814085960388
10380	Han09	HR57	A	B	0.4255307614803314
10381	Han09	HR59	A	B	0.5259741544723511
10382	Han09	HR61	A	B	0.5808694958686829
10383	Han09	HR67	A	B	0.5583605766296387
10384	Han09	HR71	A	B	0.7805195450782776
10385	Han09	H1	A	B	0.5520101189613342
10386	Han09	H8	A	B	0.4357722997665405
10387	Han09	H12	A	B	0.5459906458854675
10388	Han09	H16	A	B	0.5506359934806824
10389	Han09	P2PCRpos	A	B	0.5292863249778748
10390	Han09	Han02	A	B	0.1757601946592331
10391	Han09	Han04	A	B	0.415081799030304
10392	Han09	Han06	A	B	0.03389888256788254
10393	Han09	Han08	A	B	0.4317114651203156
10394	Han09	Han10	A	B	0.1558545529842377
10395	Han09	Han12	A	B	0.5013272762298584
10396	Han09	Han14	A	B	0.144822359085083
10397	Han09	Han16	A	B	0.04587157070636749
10398	Han09	Han18	A	B	0.04585769027471542
10399	Han09	Han20	A	B	0.09781450033187866
10400	Han09	Han22	A	B	0.257743239402771
10401	Han09	Han26	A	B	0.4127921164035797
10402	Han09	Han28	A	B	0.2968347072601318
10403	Han09	Han30	A	B	0.3074971139431
10404	Han09	Han32	A	B	0.2459780424833298
10405	Han09	Han34	A	B	0.400876522064209
10406	Han09	Han36	A	B	0.3629112541675568
10407	Han09	Han38	A	B	0.4259873628616333
10408	Han09	Han40	A	B	0.3809277713298798
10409	Han09	Han42	A	B	0.3667759001255035
10410	Han09	Han44	A	B	0.4062936305999756
10411	Han09	Han46	A	B	0.0546569861471653
10412	Han09	Han48	A	B	0.3475621938705444
10413	Han09	P3PCRpos	A	B	0.5302991271018982
10414	Han11	Py2	A	B	0.4518822431564331
10415	Han11	Py4	A	B	0.4601522982120514
10416	Han11	Py6	A	B	0.4546284675598145
10417	Han11	Py8	A	B	0.4871329665184021
10418	Han11	Py10	A	B	0.4961864352226257
10419	Han11	Py12	A	B	0.4735838770866394
10420	Han11	Py14	A	B	0.5155954360961914
10421	Han11	Py16	A	B	0.4786138832569122
10422	Han11	Py18	A	B	0.5195240378379822
10423	Han11	Py20	A	B	0.5314672589302063
10424	Han11	Py22	A	B	0.5176690816879272
10425	Han11	Py24	A	B	0.5323561429977417
10426	Han11	Py26	A	B	0.4625780582427979
10427	Han11	Py28	A	B	0.4796347618103027
10428	Han11	Py30	A	B	0.4807032346725464
10429	Han11	Py32	A	B	0.4795301258563995
10430	Han11	Py34	A	B	0.4682386219501495
10431	Han11	Py36	A	B	0.4692664742469788
10432	Han11	Py38	A	B	0.4230399429798126
10433	Han11	Py40	A	B	0.4487040936946869
10434	Han11	Py42	A	B	0.440891832113266
10435	Han11	Py44	A	B	0.4683305323123932
10436	Han11	Py46	A	B	0.4681531190872192
10437	Han11	Py48	A	B	0.4808671474456787
10438	Han11	Py52	A	B	0.4244127571582794
10439	Han11	Py54	A	B	0.4816034436225891
10440	Han11	Py56	A	B	0.4929544031620026
10441	Han11	Py58	A	B	0.4940221309661865
10442	Han11	Py62	A	B	0.4488887190818787
10443	Han11	Py64	A	B	0.4412993490695953
10444	Han11	Py66	A	B	0.4397452175617218
10445	Han11	Py68	A	B	0.4440221190452576
10446	Han11	Py70	A	B	0.4328545331954956
10447	Han11	Py72	A	B	0.4390470385551453
10448	Han11	Py79	A	B	0.2696644067764282
10449	Han11	Py81	A	B	0.2705196440219879
10450	Han11	Py83	A	B	0.1784623712301254
10451	Han11	Py85	A	B	0.1860207468271255
10452	Han11	Py87	A	B	0.246975839138031
10453	Han11	P1extneg	A	B	0.4400005042552948
10454	Han11	P1NTC2	A	B	0.6443045139312744
10455	Han11	P1PCRpos	A	B	0.5355588793754578
10456	Han11	HR02	A	B	0.4415032267570496
10457	Han11	HR06	A	B	0.4538207054138184
10458	Han11	HR08	A	B	0.4390199482440948
10459	Han11	HR10	A	B	0.4293022155761719
10460	Han11	HR12	A	B	0.4978923797607422
10461	Han11	HR18	A	B	0.4433484971523285
10462	Han11	HR20	A	B	0.4723155796527863
10463	Han11	HR22	A	B	0.4326445460319519
10464	Han11	HR24	A	B	0.4776298403739929
10465	Han11	HR30	A	B	0.5533175468444824
10466	Han11	HR36	A	B	0.5188786387443542
10467	Han11	HR38	A	B	0.5321974158287048
10468	Han11	HR42	A	B	0.5222563743591309
10469	Han11	HR57	A	B	0.4150166213512421
10470	Han11	HR59	A	B	0.5168777704238892
10471	Han11	HR61	A	B	0.5710474848747253
10472	Han11	HR67	A	B	0.5540564656257629
10473	Han11	HR71	A	B	0.7888842225074768
10474	Han11	H1	A	B	0.5422801971435547
10475	Han11	H8	A	B	0.4325432479381561
10476	Han11	H12	A	B	0.5364813804626465
10477	Han11	H16	A	B	0.5420003533363342
10478	Han11	P2PCRpos	A	B	0.5334393978118896
10479	Han11	Han02	A	B	0.1479445695877075
10480	Han11	Han04	A	B	0.4074579775333405
10481	Han11	Han06	A	B	0.03166535869240761
10482	Han11	Han08	A	B	0.424191951751709
10483	Han11	Han10	A	B	0.1476203054189682
10484	Han11	Han12	A	B	0.4910956621170044
10485	Han11	Han14	A	B	0.1110302954912186
10486	Han11	Han16	A	B	0.03093596361577511
10487	Han11	Han18	A	B	0.05474437028169632
10488	Han11	Han20	A	B	0.08494984358549118
10489	Han11	Han22	A	B	0.2504982650279999
10490	Han11	Han26	A	B	0.4024134576320648
10491	Han11	Han28	A	B	0.2918142378330231
10492	Han11	Han30	A	B	0.3021458685398102
10493	Han11	Han32	A	B	0.2367389500141144
10494	Han11	Han34	A	B	0.3966718316078186
10495	Han11	Han36	A	B	0.3566786050796509
10496	Han11	Han38	A	B	0.4193952977657318
10497	Han11	Han40	A	B	0.3702113628387451
10498	Han11	Han42	A	B	0.3603856563568115
10499	Han11	Han44	A	B	0.4027566015720367
10500	Han11	Han46	A	B	0.04419370368123055
10501	Han11	Han48	A	B	0.3406851887702942
10502	Han11	P3PCRpos	A	B	0.5345093607902527
10503	Han13	Py2	A	B	0.4445366859436035
10504	Han13	Py4	A	B	0.4529036283493042
10505	Han13	Py6	A	B	0.448398768901825
10506	Han13	Py8	A	B	0.4800646603107452
10507	Han13	Py10	A	B	0.4891978204250336
10508	Han13	Py12	A	B	0.4666090905666351
10509	Han13	Py14	A	B	0.5093787908554077
10510	Han13	Py16	A	B	0.4714985489845276
10511	Han13	Py18	A	B	0.514018177986145
10512	Han13	Py20	A	B	0.5261579751968384
10513	Han13	Py22	A	B	0.5122336149215698
10514	Han13	Py24	A	B	0.5271257162094116
10515	Han13	Py26	A	B	0.4553180336952209
10516	Han13	Py28	A	B	0.4724016785621643
10517	Han13	Py30	A	B	0.4737211167812347
10518	Han13	Py32	A	B	0.4724560379981995
10519	Han13	Py34	A	B	0.4610447883605957
10520	Han13	Py36	A	B	0.4621604084968567
10521	Han13	Py38	A	B	0.4113312959671021
10522	Han13	Py40	A	B	0.4384768605232239
10523	Han13	Py42	A	B	0.4290947914123535
10524	Han13	Py44	A	B	0.4597787857055664
10525	Han13	Py46	A	B	0.4598742723464966
10526	Han13	Py48	A	B	0.4707578122615814
10527	Han13	Py52	A	B	0.4140094816684723
10528	Han13	Py54	A	B	0.4741362631320953
10529	Han13	Py56	A	B	0.4857485592365265
10530	Han13	Py58	A	B	0.486400842666626
10531	Han13	Py62	A	B	0.4373622536659241
10532	Han13	Py64	A	B	0.4296723008155823
10533	Han13	Py66	A	B	0.4286594986915588
10534	Han13	Py68	A	B	0.432165265083313
10535	Han13	Py70	A	B	0.4216538071632385
10536	Han13	Py72	A	B	0.4273362159729004
10537	Han13	Py79	A	B	0.2555506229400635
10538	Han13	Py81	A	B	0.2605058550834656
10539	Han13	Py83	A	B	0.1722436249256134
10540	Han13	Py85	A	B	0.1786995977163315
10541	Han13	Py87	A	B	0.2271174043416977
10542	Han13	P1extneg	A	B	0.4218654036521912
10543	Han13	P1NTC2	A	B	0.6371088624000549
10544	Han13	P1PCRpos	A	B	0.5377585291862488
10545	Han13	HR02	A	B	0.430784672498703
10546	Han13	HR06	A	B	0.4458955526351929
10547	Han13	HR08	A	B	0.4373182356357574
10548	Han13	HR10	A	B	0.4229386746883392
10549	Han13	HR12	A	B	0.4907794594764709
10550	Han13	HR18	A	B	0.4352621734142303
10551	Han13	HR20	A	B	0.4620362222194672
10552	Han13	HR22	A	B	0.4233683943748474
10553	Han13	HR24	A	B	0.4567098617553711
10554	Han13	HR30	A	B	0.5299014449119568
10555	Han13	HR36	A	B	0.513001024723053
10556	Han13	HR38	A	B	0.517637312412262
10557	Han13	HR42	A	B	0.4999245703220367
10558	Han13	HR57	A	B	0.3949662148952484
10559	Han13	HR59	A	B	0.4979327917098999
10560	Han13	HR61	A	B	0.5478118658065796
10561	Han13	HR67	A	B	0.541631281375885
10562	Han13	HR71	A	B	0.7948259711265564
10563	Han13	H1	A	B	0.5234991908073425
10564	Han13	H8	A	B	0.4211763441562653
10565	Han13	H12	A	B	0.5158897042274475
10566	Han13	H16	A	B	0.5237411856651306
10567	Han13	P2PCRpos	A	B	0.5356249213218689
10568	Han13	Han02	A	B	0.1271549761295319
10569	Han13	Han04	A	B	0.3936912417411804
10570	Han13	Han06	A	B	0.0855693519115448
10571	Han13	Han08	A	B	0.4119325876235962
10572	Han13	Han10	A	B	0.1348809152841568
10573	Han13	Han12	A	B	0.4742679297924042
10574	Han13	Han14	A	B	0.07326553761959076
10575	Han13	Han16	A	B	0.06823751330375671
10576	Han13	Han18	A	B	0.0958009585738182
10577	Han13	Han20	A	B	0.07447294145822525
10578	Han13	Han22	A	B	0.2339665740728378
10579	Han13	Han26	A	B	0.3797326385974884
10580	Han13	Han28	A	B	0.2778062224388123
10581	Han13	Han30	A	B	0.2861366868019104
10582	Han13	Han32	A	B	0.2191615998744965
10583	Han13	Han34	A	B	0.3838798999786377
10584	Han13	Han36	A	B	0.339844286441803
10585	Han13	Han38	A	B	0.405452698469162
10586	Han13	Han40	A	B	0.3517395853996277
10587	Han13	Han42	A	B	0.3461480438709259
10588	Han13	Han44	A	B	0.3896889686584473
10589	Han13	Han46	A	B	0.08709109574556351
10590	Han13	Han48	A	B	0.329671323299408
10591	Han13	P3PCRpos	A	B	0.536679208278656
10592	Han15	Py2	A	B	0.4360052645206451
10593	Han15	Py4	A	B	0.4442269206047058
10594	Han15	Py6	A	B	0.4446441829204559
10595	Han15	Py8	A	B	0.4738554358482361
10596	Han15	Py10	A	B	0.4853051900863647
10597	Han15	Py12	A	B	0.4545028507709503
10598	Han15	Py14	A	B	0.5093477368354797
10599	Han15	Py16	A	B	0.4629601836204529
10600	Han15	Py18	A	B	0.5111151337623596
10601	Han15	Py20	A	B	0.5227410793304443
10602	Han15	Py22	A	B	0.5103117227554321
10603	Han15	Py24	A	B	0.5234969258308411
10604	Han15	Py26	A	B	0.4450141191482544
10605	Han15	Py28	A	B	0.4621111750602722
10606	Han15	Py30	A	B	0.4616860151290894
10607	Han15	Py32	A	B	0.4589916169643402
10608	Han15	Py34	A	B	0.4507015645503998
10609	Han15	Py36	A	B	0.4514493048191071
10610	Han15	Py38	A	B	0.3676854074001312
10611	Han15	Py40	A	B	0.4253185987472534
10612	Han15	Py42	A	B	0.3952972888946533
10613	Han15	Py44	A	B	0.4584680497646332
10614	Han15	Py46	A	B	0.4584774971008301
10615	Han15	Py48	A	B	0.4697366058826447
10616	Han15	Py52	A	B	0.3857382535934448
10617	Han15	Py54	A	B	0.4679897129535675
10618	Han15	Py56	A	B	0.4832736849784851
10619	Han15	Py58	A	B	0.4855773448944092
10620	Han15	Py62	A	B	0.414339005947113
10621	Han15	Py64	A	B	0.3961485028266907
10622	Han15	Py66	A	B	0.3930089771747589
10623	Han15	Py68	A	B	0.4091152548789978
10624	Han15	Py70	A	B	0.4007090330123901
10625	Han15	Py72	A	B	0.3885916769504547
10626	Han15	Py79	A	B	0.3292003571987152
10627	Han15	Py81	A	B	0.3782043755054474
10628	Han15	Py83	A	B	0.3718130588531494
10629	Han15	Py85	A	B	0.3684922456741333
10630	Han15	Py87	A	B	0.3166691362857819
10631	Han15	P1extneg	A	B	0.4523041248321533
10632	Han15	P1NTC2	A	B	0.6042652130126953
10633	Han15	P1PCRpos	A	B	0.5565745234489441
10634	Han15	HR02	A	B	0.4514610171318054
10635	Han15	HR06	A	B	0.4616536498069763
10636	Han15	HR08	A	B	0.5103375315666199
10637	Han15	HR10	A	B	0.4679480195045471
10638	Han15	HR12	A	B	0.5183793306350708
10639	Han15	HR18	A	B	0.459342360496521
10640	Han15	HR20	A	B	0.4755592346191406
10641	Han15	HR22	A	B	0.4328216016292572
10642	Han15	HR24	A	B	0.4894612729549408
10643	Han15	HR30	A	B	0.5836503505706787
10644	Han15	HR36	A	B	0.535527765750885
10645	Han15	HR38	A	B	0.5726008415222168
10646	Han15	HR42	A	B	0.563922107219696
10647	Han15	HR57	A	B	0.4887542724609375
10648	Han15	HR59	A	B	0.5571122169494629
10649	Han15	HR61	A	B	0.6058578491210938
10650	Han15	HR67	A	B	0.5955882668495178
10651	Han15	HR71	A	B	0.8312126398086548
10652	Han15	H1	A	B	0.5730805397033691
10653	Han15	H8	A	B	0.4505351483821869
10654	Han15	H12	A	B	0.5727891325950623
10655	Han15	H16	A	B	0.5715569257736206
10656	Han15	P2PCRpos	A	B	0.5546562671661377
10657	Han15	Han02	A	B	0.2788596451282501
10658	Han15	Han04	A	B	0.1411599218845367
10659	Han15	Han06	A	B	0.3862093389034271
10660	Han15	Han08	A	B	0.1457133144140244
10661	Han15	Han10	A	B	0.280612051486969
10662	Han15	Han12	A	B	0.181049719452858
10663	Han15	Han14	A	B	0.3430094420909882
10664	Han15	Han16	A	B	0.3742337226867676
10665	Han15	Han18	A	B	0.3660266995429993
10666	Han15	Han20	A	B	0.322496235370636
10667	Han15	Han22	A	B	0.2290027886629105
10668	Han15	Han26	A	B	0.1384840458631516
10669	Han15	Han28	A	B	0.1420920491218567
10670	Han15	Han30	A	B	0.1238438114523888
10671	Han15	Han32	A	B	0.2659079432487488
10672	Han15	Han34	A	B	0.1126231774687767
10673	Han15	Han36	A	B	0.08438413590192795
10674	Han15	Han38	A	B	0.1244984492659569
10675	Han15	Han40	A	B	0.1075743138790131
10676	Han15	Han42	A	B	0.09742527455091476
10677	Han15	Han44	A	B	0.1246537715196609
10678	Han15	Han46	A	B	0.3980913460254669
10679	Han15	Han48	A	B	0.0844140574336052
10680	Han15	P3PCRpos	A	B	0.5557197332382202
10681	Han17	Py2	A	B	0.4414955079555511
10682	Han17	Py4	A	B	0.449817955493927
10683	Han17	Py6	A	B	0.4456403851509094
10684	Han17	Py8	A	B	0.4770569801330566
10685	Han17	Py10	A	B	0.4861949682235718
10686	Han17	Py12	A	B	0.4637016654014587
10687	Han17	Py14	A	B	0.5075616240501404
10688	Han17	Py16	A	B	0.4685260057449341
10689	Han17	Py18	A	B	0.5123185515403748
10690	Han17	Py20	A	B	0.5245263576507568
10691	Han17	Py22	A	B	0.5104081034660339
10692	Han17	Py24	A	B	0.5256461501121521
10693	Han17	Py26	A	B	0.4524281620979309
10694	Han17	Py28	A	B	0.4695656597614288
10695	Han17	Py30	A	B	0.4711084961891174
10696	Han17	Py32	A	B	0.4695895314216614
10697	Han17	Py34	A	B	0.4581697285175323
10698	Han17	Py36	A	B	0.4593467116355896
10699	Han17	Py38	A	B	0.4031759202480316
10700	Han17	Py40	A	B	0.4305256009101868
10701	Han17	Py42	A	B	0.4212304949760437
10702	Han17	Py44	A	B	0.4569604992866516
10703	Han17	Py46	A	B	0.456821084022522
10704	Han17	Py48	A	B	0.4663987755775452
10705	Han17	Py52	A	B	0.4059083461761475
10706	Han17	Py54	A	B	0.4709473848342896
10707	Han17	Py56	A	B	0.4827126860618591
10708	Han17	Py58	A	B	0.4836511611938477
10709	Han17	Py62	A	B	0.4300482571125031
10710	Han17	Py64	A	B	0.4213996529579163
10711	Han17	Py66	A	B	0.4204081296920776
10712	Han17	Py68	A	B	0.4248585999011993
10713	Han17	Py70	A	B	0.4150634109973907
10714	Han17	Py72	A	B	0.4191233813762665
10715	Han17	Py79	A	B	0.2512336075305939
10716	Han17	Py81	A	B	0.25174281001091
10717	Han17	Py83	A	B	0.1724745482206345
10718	Han17	Py85	A	B	0.1762541830539703
10719	Han17	Py87	A	B	0.2333847284317017
10720	Han17	P1extneg	A	B	0.4368864893913269
10721	Han17	P1NTC2	A	B	0.631127655506134
10722	Han17	P1PCRpos	A	B	0.5345392823219299
10723	Han17	HR02	A	B	0.4315330684185028
10724	Han17	HR06	A	B	0.4441118240356445
10725	Han17	HR08	A	B	0.4303812682628632
10726	Han17	HR10	A	B	0.4270282387733459
10727	Han17	HR12	A	B	0.4891273677349091
10728	Han17	HR18	A	B	0.4326982200145721
10729	Han17	HR20	A	B	0.4622054100036621
10730	Han17	HR22	A	B	0.4169594347476959
10731	Han17	HR24	A	B	0.4753533899784088
10732	Han17	HR30	A	B	0.5510936975479126
10733	Han17	HR36	A	B	0.5137652158737183
10734	Han17	HR38	A	B	0.5343767404556274
10735	Han17	HR42	A	B	0.5215616822242737
10736	Han17	HR57	A	B	0.407516747713089
10737	Han17	HR59	A	B	0.5181595087051392
10738	Han17	HR61	A	B	0.5692300200462341
10739	Han17	HR67	A	B	0.5545279383659363
10740	Han17	HR71	A	B	0.7883627414703369
10741	Han17	H1	A	B	0.5387157201766968
10742	Han17	H8	A	B	0.4202089309692383
10743	Han17	H12	A	B	0.5354943871498108
10744	Han17	H16	A	B	0.5396255850791931
10745	Han17	P2PCRpos	A	B	0.5324928164482117
10746	Han17	Han02	A	B	0.1205791234970093
10747	Han17	Han04	A	B	0.369213193655014
10748	Han17	Han06	A	B	0.06011059507727623
10749	Han17	Han08	A	B	0.3870442509651184
10750	Han17	Han10	A	B	0.1229951232671738
10751	Han17	Han12	A	B	0.4525920748710632
10752	Han17	Han14	A	B	0.09337955713272095
10753	Han17	Han16	A	B	0.04157152771949768
10754	Han17	Han18	A	B	0.06671452522277832
10755	Han17	Han20	A	B	0.05482882261276245
10756	Han17	Han22	A	B	0.2202001959085464
10757	Han17	Han26	A	B	0.3717910945415497
10758	Han17	Han28	A	B	0.2645344436168671
10759	Han17	Han30	A	B	0.2708180546760559
10760	Han17	Han32	A	B	0.2069865316152573
10761	Han17	Han34	A	B	0.3694890737533569
10762	Han17	Han36	A	B	0.3237758576869965
10763	Han17	Han38	A	B	0.3902274668216705
10764	Han17	Han40	A	B	0.3321548998355865
10765	Han17	Han42	A	B	0.3258523344993591
10766	Han17	Han44	A	B	0.3729538321495056
10767	Han17	Han46	A	B	0.06825970858335495
10768	Han17	Han48	A	B	0.3052499294281006
10769	Han17	P3PCRpos	A	B	0.5334762334823608
10770	Han19	Py2	A	B	0.4440904259681702
10771	Han19	Py4	A	B	0.4524451792240143
10772	Han19	Py6	A	B	0.4478486776351929
10773	Han19	Py8	A	B	0.4794493317604065
10774	Han19	Py10	A	B	0.4885478317737579
10775	Han19	Py12	A	B	0.4659697413444519
10776	Han19	Py14	A	B	0.508879542350769
10777	Han19	Py16	A	B	0.4709019064903259
10778	Han19	Py18	A	B	0.5134286880493164
10779	Han19	Py20	A	B	0.5255288481712341
10780	Han19	Py22	A	B	0.5115163326263428
10781	Han19	Py24	A	B	0.5265330672264099
10782	Han19	Py26	A	B	0.4548782706260681
10783	Han19	Py28	A	B	0.4720799922943115
10784	Han19	Py30	A	B	0.4731646776199341
10785	Han19	Py32	A	B	0.4719499051570892
10786	Han19	Py34	A	B	0.4605661332607269
10787	Han19	Py36	A	B	0.4616413712501526
10788	Han19	Py38	A	B	0.4161999225616455
10789	Han19	Py40	A	B	0.4431243240833282
10790	Han19	Py42	A	B	0.4342749416828156
10791	Han19	Py44	A	B	0.4614453315734863
10792	Han19	Py46	A	B	0.4605515599250793
10793	Han19	Py48	A	B	0.4756800532341003
10794	Han19	Py52	A	B	0.4185133576393127
10795	Han19	Py54	A	B	0.4738576710224152
10796	Han19	Py56	A	B	0.4853203892707825
10797	Han19	Py58	A	B	0.4864073395729065
10798	Han19	Py62	A	B	0.4419039487838745
10799	Han19	Py64	A	B	0.4344173073768616
10800	Han19	Py66	A	B	0.4333198964595795
10801	Han19	Py68	A	B	0.4369944930076599
10802	Han19	Py70	A	B	0.4254444539546967
10803	Han19	Py72	A	B	0.4321415424346924
10804	Han19	Py79	A	B	0.2561891674995422
10805	Han19	Py81	A	B	0.2666122615337372
10806	Han19	Py83	A	B	0.1779098510742188
10807	Han19	Py85	A	B	0.1803379356861115
10808	Han19	Py87	A	B	0.2504872679710388
10809	Han19	P1extneg	A	B	0.4424357116222382
10810	Han19	P1NTC2	A	B	0.6411035656929016
10811	Han19	P1PCRpos	A	B	0.5315707325935364
10812	Han19	HR02	A	B	0.4342518448829651
10813	Han19	HR06	A	B	0.4458742439746857
10814	Han19	HR08	A	B	0.4314267933368683
10815	Han19	HR10	A	B	0.4278303384780884
10816	Han19	HR12	A	B	0.4890290796756744
10817	Han19	HR18	A	B	0.438211590051651
10818	Han19	HR20	A	B	0.4650873243808746
10819	Han19	HR22	A	B	0.425292581319809
10820	Han19	HR24	A	B	0.4793359339237213
10821	Han19	HR30	A	B	0.5539628863334656
10822	Han19	HR36	A	B	0.5128309726715088
10823	Han19	HR38	A	B	0.5337452292442322
10824	Han19	HR42	A	B	0.524230420589447
10825	Han19	HR57	A	B	0.4159682393074036
10826	Han19	HR59	A	B	0.5183717608451843
10827	Han19	HR61	A	B	0.572204053401947
10828	Han19	HR67	A	B	0.5559743642807007
10829	Han19	HR71	A	B	0.7826824188232422
10830	Han19	H1	A	B	0.544421374797821
10831	Han19	H8	A	B	0.426843672990799
10832	Han19	H12	A	B	0.5380629897117615
10833	Han19	H16	A	B	0.5424329042434692
10834	Han19	P2PCRpos	A	B	0.5296356678009033
10835	Han19	Han02	A	B	0.1485066115856171
10836	Han19	Han04	A	B	0.3948802649974823
10837	Han19	Han06	A	B	0.03355971351265907
10838	Han19	Han08	A	B	0.4118511080741882
10839	Han19	Han10	A	B	0.132122278213501
10840	Han19	Han12	A	B	0.4798754751682281
10841	Han19	Han14	A	B	0.1136576160788536
10842	Han19	Han16	A	B	0.02595870569348335
10843	Han19	Han18	A	B	0.04431996122002602
10844	Han19	Han20	A	B	0.07322349399328232
10845	Han19	Han22	A	B	0.2371131330728531
10846	Han19	Han26	A	B	0.3905527889728546
10847	Han19	Han28	A	B	0.274871289730072
10848	Han19	Han30	A	B	0.2834265530109406
10849	Han19	Han32	A	B	0.2209775447845459
10850	Han19	Han34	A	B	0.3793855309486389
10851	Han19	Han36	A	B	0.3404384255409241
10852	Han19	Han38	A	B	0.4031844735145569
10853	Han19	Han40	A	B	0.3570663630962372
10854	Han19	Han42	A	B	0.3464301228523254
10855	Han19	Han44	A	B	0.3861193060874939
10856	Han19	Han46	A	B	0.04735425114631653
10857	Han19	Han48	A	B	0.3266031742095947
10858	Han19	P3PCRpos	A	B	0.5306237936019897
10859	Han21	Py2	A	B	0.4390143752098083
10860	Han21	Py4	A	B	0.4460516273975372
10861	Han21	Py6	A	B	0.4403097331523895
10862	Han21	Py8	A	B	0.4733005464076996
10863	Han21	Py10	A	B	0.4818961620330811
10864	Han21	Py12	A	B	0.4592368304729462
10865	Han21	Py14	A	B	0.5011127591133118
10866	Han21	Py16	A	B	0.4645607471466064
10867	Han21	Py18	A	B	0.5050541162490845
10868	Han21	Py20	A	B	0.5170502066612244
10869	Han21	Py22	A	B	0.5031808614730835
10870	Han21	Py24	A	B	0.5179760456085205
10871	Han21	Py26	A	B	0.4482927918434143
10872	Han21	Py28	A	B	0.465294361114502
10873	Han21	Py30	A	B	0.4664340615272522
10874	Han21	Py32	A	B	0.46527498960495
10875	Han21	Py34	A	B	0.4540276825428009
10876	Han21	Py36	A	B	0.4550281167030334
10877	Han21	Py38	A	B	0.4134440720081329
10878	Han21	Py40	A	B	0.4420461058616638
10879	Han21	Py42	A	B	0.4312472641468048
10880	Han21	Py44	A	B	0.4587009251117706
10881	Han21	Py46	A	B	0.4567307829856873
10882	Han21	Py48	A	B	0.4722969532012939
10883	Han21	Py52	A	B	0.4165085852146149
10884	Han21	Py54	A	B	0.4670606255531311
10885	Han21	Py56	A	B	0.4786323010921478
10886	Han21	Py58	A	B	0.4796137809753418
10887	Han21	Py62	A	B	0.4389033615589142
10888	Han21	Py64	A	B	0.4313331544399261
10889	Han21	Py66	A	B	0.4302310943603516
10890	Han21	Py68	A	B	0.4338608682155609
10891	Han21	Py70	A	B	0.4223022758960724
10892	Han21	Py72	A	B	0.4289494752883911
10893	Han21	Py79	A	B	0.2550179064273834
10894	Han21	Py81	A	B	0.263250321149826
10895	Han21	Py83	A	B	0.1790935695171356
10896	Han21	Py85	A	B	0.1781437695026398
10897	Han21	Py87	A	B	0.2531026601791382
10898	Han21	P1extneg	A	B	0.4512839913368225
10899	Han21	P1NTC2	A	B	0.6323118805885315
10900	Han21	P1PCRpos	A	B	0.5235251784324646
10901	Han21	HR02	A	B	0.4343990385532379
10902	Han21	HR06	A	B	0.4489981830120087
10903	Han21	HR08	A	B	0.4321572184562683
10904	Han21	HR10	A	B	0.4325752556324005
10905	Han21	HR12	A	B	0.4915565252304077
10906	Han21	HR18	A	B	0.4433364272117615
10907	Han21	HR20	A	B	0.4653884470462799
10908	Han21	HR22	A	B	0.4288199841976166
10909	Han21	HR24	A	B	0.478576123714447
10910	Han21	HR30	A	B	0.5527247786521912
10911	Han21	HR36	A	B	0.5097588300704956
10912	Han21	HR38	A	B	0.5371593832969666
10913	Han21	HR42	A	B	0.5222774147987366
10914	Han21	HR57	A	B	0.4179247319698334
10915	Han21	HR59	A	B	0.51804119348526
10916	Han21	HR61	A	B	0.5706580877304077
10917	Han21	HR67	A	B	0.5607986450195312
10918	Han21	HR71	A	B	0.7843587398529053
10919	Han21	H1	A	B	0.5475462079048157
10920	Han21	H8	A	B	0.4271770119667053
10921	Han21	H12	A	B	0.5368564128875732
10922	Han21	H16	A	B	0.5456626415252686
10923	Han21	P2PCRpos	A	B	0.5214407444000244
10924	Han21	Han02	A	B	0.1587714552879333
10925	Han21	Han04	A	B	0.395683079957962
10926	Han21	Han06	A	B	0.03817908465862274
10927	Han21	Han08	A	B	0.4221227169036865
10928	Han21	Han10	A	B	0.1449309885501862
10929	Han21	Han12	A	B	0.4772802591323853
10930	Han21	Han14	A	B	0.1239880546927452
10931	Han21	Han16	A	B	0.03167391195893288
10932	Han21	Han18	A	B	0.04651480168104172
10933	Han21	Han20	A	B	0.07315389811992645
10934	Han21	Han22	A	B	0.2350472807884216
10935	Han21	Han26	A	B	0.3844767212867737
10936	Han21	Han28	A	B	0.2819326817989349
10937	Han21	Han30	A	B	0.2880754172801971
10938	Han21	Han32	A	B	0.2172621935606003
10939	Han21	Han34	A	B	0.3887500166893005
10940	Han21	Han36	A	B	0.3464941680431366
10941	Han21	Han38	A	B	0.4049015939235687
10942	Han21	Han40	A	B	0.3700173497200012
10943	Han21	Han42	A	B	0.3546113967895508
10944	Han21	Han44	A	B	0.3937728703022003
10945	Han21	Han46	A	B	0.04960362985730171
10946	Han21	Han48	A	B	0.3387525081634521
10947	Han21	P3PCRpos	A	B	0.5225061178207397
10948	Han23	Py2	A	B	0.433096170425415
10949	Han23	Py4	A	B	0.4413367509841919
10950	Han23	Py6	A	B	0.4372501075267792
10951	Han23	Py8	A	B	0.4683984518051147
10952	Han23	Py10	A	B	0.4774513244628906
10953	Han23	Py12	A	B	0.4548842906951904
10954	Han23	Py14	A	B	0.4984236359596252
10955	Han23	Py16	A	B	0.459825873374939
10956	Han23	Py18	A	B	0.5035750269889832
10957	Han23	Py20	A	B	0.5157670974731445
10958	Han23	Py22	A	B	0.5016281008720398
10959	Han23	Py24	A	B	0.516689658164978
10960	Han23	Py26	A	B	0.4438044130802155
10961	Han23	Py28	A	B	0.4608640670776367
10962	Han23	Py30	A	B	0.4624699950218201
10963	Han23	Py32	A	B	0.4608864188194275
10964	Han23	Py34	A	B	0.449491024017334
10965	Han23	Py36	A	B	0.45053830742836
10966	Han23	Py38	A	B	0.4054343700408936
10967	Han23	Py40	A	B	0.4330868721008301
10968	Han23	Py42	A	B	0.4235221445560455
10969	Han23	Py44	A	B	0.4501878917217255
10970	Han23	Py46	A	B	0.4494982361793518
10971	Han23	Py48	A	B	0.464243471622467
10972	Han23	Py52	A	B	0.4079942107200623
10973	Han23	Py54	A	B	0.462673008441925
10974	Han23	Py56	A	B	0.4741799235343933
10975	Han23	Py58	A	B	0.4749581515789032
10976	Han23	Py62	A	B	0.4313230514526367
10977	Han23	Py64	A	B	0.4235883057117462
10978	Han23	Py66	A	B	0.4228093028068542
10979	Han23	Py68	A	B	0.4261239767074585
10980	Han23	Py70	A	B	0.4145425260066986
10981	Han23	Py72	A	B	0.4213072061538696
10982	Han23	Py79	A	B	0.2427999675273895
10983	Han23	Py81	A	B	0.2552087604999542
10984	Han23	Py83	A	B	0.1612420231103897
10985	Han23	Py85	A	B	0.1659044027328491
10986	Han23	Py87	A	B	0.2253675311803818
10987	Han23	P1extneg	A	B	0.4229232966899872
10988	Han23	P1NTC2	A	B	0.6342145800590515
10989	Han23	P1PCRpos	A	B	0.5308718681335449
10990	Han23	HR02	A	B	0.4176539182662964
10991	Han23	HR06	A	B	0.434066116809845
10992	Han23	HR08	A	B	0.4278720319271088
10993	Han23	HR10	A	B	0.4088953733444214
10994	Han23	HR12	A	B	0.4785548448562622
10995	Han23	HR18	A	B	0.42330601811409
10996	Han23	HR20	A	B	0.4487470686435699
10997	Han23	HR22	A	B	0.4124970734119415
10998	Han23	HR24	A	B	0.4519796669483185
10999	Han23	HR30	A	B	0.5247843265533447
11000	Han23	HR36	A	B	0.5048260688781738
11001	Han23	HR38	A	B	0.5171971917152405
11002	Han23	HR42	A	B	0.4959669411182404
11003	Han23	HR57	A	B	0.3882374465465546
11004	Han23	HR59	A	B	0.496999591588974
11005	Han23	HR61	A	B	0.5427395701408386
11006	Han23	HR67	A	B	0.5416173338890076
11007	Han23	HR71	A	B	0.7873720526695251
11008	Han23	H1	A	B	0.519957959651947
11009	Han23	H8	A	B	0.4101788401603699
11010	Han23	H12	A	B	0.5118595957756042
11011	Han23	H16	A	B	0.5179647207260132
11012	Han23	P2PCRpos	A	B	0.5288306474685669
11013	Han23	Han02	A	B	0.1222358271479607
11014	Han23	Han04	A	B	0.3896540999412537
11015	Han23	Han06	A	B	0.0804249495267868
11016	Han23	Han08	A	B	0.4078643321990967
11017	Han23	Han10	A	B	0.1228690147399902
11018	Han23	Han12	A	B	0.471166580915451
11019	Han23	Han14	A	B	0.07628341019153595
11020	Han23	Han16	A	B	0.06599615514278412
11021	Han23	Han18	A	B	0.08994966745376587
11022	Han23	Han20	A	B	0.06557717174291611
11023	Han23	Han22	A	B	0.2263559550046921
11024	Han23	Han26	A	B	0.3706867694854736
11025	Han23	Han28	A	B	0.2643817067146301
11026	Han23	Han30	A	B	0.272693008184433
11027	Han23	Han32	A	B	0.2076347023248672
11028	Han23	Han34	A	B	0.3706155121326447
11029	Han23	Han36	A	B	0.3298524022102356
11030	Han23	Han38	A	B	0.3907422423362732
11031	Han23	Han40	A	B	0.3447180986404419
11032	Han23	Han42	A	B	0.340187281370163
11033	Han23	Han44	A	B	0.3791281580924988
11034	Han23	Han46	A	B	0.08856020122766495
11035	Han23	Han48	A	B	0.3247579634189606
11036	Han23	P3PCRpos	A	B	0.5298274755477905
11037	Han25	Py2	A	B	0.4523341357707977
11038	Han25	Py4	A	B	0.4606392979621887
11039	Han25	Py6	A	B	0.4568281173706055
11040	Han25	Py8	A	B	0.4876806735992432
11041	Han25	Py10	A	B	0.4967559576034546
11042	Han25	Py12	A	B	0.4742031693458557
11043	Han25	Py14	A	B	0.5166302919387817
11044	Han25	Py16	A	B	0.4791400730609894
11045	Han25	Py18	A	B	0.5221140384674072
11046	Han25	Py20	A	B	0.5342912673950195
11047	Han25	Py22	A	B	0.5200921893119812
11048	Han25	Py24	A	B	0.5352997183799744
11049	Han25	Py26	A	B	0.4630762040615082
11050	Han25	Py28	A	B	0.480118453502655
11051	Han25	Py30	A	B	0.4821471571922302
11052	Han25	Py32	A	B	0.4801862835884094
11053	Han25	Py34	A	B	0.4688442051410675
11054	Han25	Py36	A	B	0.469898134469986
11055	Han25	Py38	A	B	0.4151687920093536
11056	Han25	Py40	A	B	0.4420831501483917
11057	Han25	Py42	A	B	0.4339934885501862
11058	Han25	Py44	A	B	0.4671222567558289
11059	Han25	Py46	A	B	0.4672280848026276
11060	Han25	Py48	A	B	0.4774393141269684
11061	Han25	Py52	A	B	0.417365163564682
11062	Han25	Py54	A	B	0.48128342628479
11063	Han25	Py56	A	B	0.4927880465984344
11064	Han25	Py58	A	B	0.493452250957489
11065	Han25	Py62	A	B	0.4416563808917999
11066	Han25	Py64	A	B	0.4341250956058502
11067	Han25	Py66	A	B	0.4328018128871918
11068	Han25	Py68	A	B	0.436480849981308
11069	Han25	Py70	A	B	0.4262762665748596
11070	Han25	Py72	A	B	0.4318302869796753
11071	Han25	Py79	A	B	0.2726023197174072
11072	Han25	Py81	A	B	0.2646802365779877
11073	Han25	Py83	A	B	0.1786189377307892
11074	Han25	Py85	A	B	0.1851730197668076
11075	Han25	Py87	A	B	0.2295175939798355
11076	Han25	P1extneg	A	B	0.4174427092075348
11077	Han25	P1NTC2	A	B	0.6426522731781006
11078	Han25	P1PCRpos	A	B	0.5454778075218201
11079	Han25	HR02	A	B	0.4320265054702759
11080	Han25	HR06	A	B	0.4452705681324005
11081	Han25	HR08	A	B	0.4430249929428101
11082	Han25	HR10	A	B	0.422993540763855
11083	Han25	HR12	A	B	0.4913491308689117
11084	Han25	HR18	A	B	0.433901458978653
11085	Han25	HR20	A	B	0.4630716145038605
11086	Han25	HR22	A	B	0.4197722673416138
11087	Han25	HR24	A	B	0.4457795023918152
11088	Han25	HR30	A	B	0.5190025568008423
11089	Han25	HR36	A	B	0.5193610191345215
11090	Han25	HR38	A	B	0.513359546661377
11091	Han25	HR42	A	B	0.4899357557296753
11092	Han25	HR57	A	B	0.3942579030990601
11093	Han25	HR59	A	B	0.5016933679580688
11094	Han25	HR61	A	B	0.5373702049255371
11095	Han25	HR67	A	B	0.5324261784553528
11096	Han25	HR71	A	B	0.7974327206611633
11097	Han25	H1	A	B	0.5087084770202637
11098	Han25	H8	A	B	0.4207381308078766
11099	Han25	H12	A	B	0.5042048692703247
11100	Han25	H16	A	B	0.5115310549736023
11101	Han25	P2PCRpos	A	B	0.5435349941253662
11102	Han25	Han02	A	B	0.1452829837799072
11103	Han25	Han04	A	B	0.4109898805618286
11104	Han25	Han06	A	B	0.1012757048010826
11105	Han25	Han08	A	B	0.4287003576755524
11106	Han25	Han10	A	B	0.1524996310472488
11107	Han25	Han12	A	B	0.4918886721134186
11108	Han25	Han14	A	B	0.09932489693164825
11109	Han25	Han16	A	B	0.08486239612102509
11110	Han25	Han18	A	B	0.1158954501152039
11111	Han25	Han20	A	B	0.09403011202812195
11112	Han25	Han22	A	B	0.2581900656223297
11113	Han25	Han26	A	B	0.3933878839015961
11114	Han25	Han28	A	B	0.2973691821098328
11115	Han25	Han30	A	B	0.2977525293827057
11116	Han25	Han32	A	B	0.2384908199310303
11117	Han25	Han34	A	B	0.4020145833492279
11118	Han25	Han36	A	B	0.3541687726974487
11119	Han25	Han38	A	B	0.4165538549423218
11120	Han25	Han40	A	B	0.3628784418106079
11121	Han25	Han42	A	B	0.3663962781429291
11122	Han25	Han44	A	B	0.4086838364601135
11123	Han25	Han46	A	B	0.1016569137573242
11124	Han25	Han48	A	B	0.3475376665592194
11125	Han25	P3PCRpos	A	B	0.5445164442062378
11126	Han27	Py2	A	B	0.4464482963085175
11127	Han27	Py4	A	B	0.4546273946762085
11128	Han27	Py6	A	B	0.4484811127185822
11129	Han27	Py8	A	B	0.4816581904888153
11130	Han27	Py10	A	B	0.4906976521015167
11131	Han27	Py12	A	B	0.4681209325790405
11132	Han27	Py14	A	B	0.5091288089752197
11133	Han27	Py16	A	B	0.4730518758296967
11134	Han27	Py18	A	B	0.5129649639129639
11135	Han27	Py20	A	B	0.5244211554527283
11136	Han27	Py22	A	B	0.5111493468284607
11137	Han27	Py24	A	B	0.5252543687820435
11138	Han27	Py26	A	B	0.4571847021579742
11139	Han27	Py28	A	B	0.4740325212478638
11140	Han27	Py30	A	B	0.4752935767173767
11141	Han27	Py32	A	B	0.4741238057613373
11142	Han27	Py34	A	B	0.4628021419048309
11143	Han27	Py36	A	B	0.4638059735298157
11144	Han27	Py38	A	B	0.4150680601596832
11145	Han27	Py40	A	B	0.441646933555603
11146	Han27	Py42	A	B	0.4337988197803497
11147	Han27	Py44	A	B	0.4613598585128784
11148	Han27	Py46	A	B	0.461225837469101
11149	Han27	Py48	A	B	0.4742091298103333
11150	Han27	Py52	A	B	0.4170137643814087
11151	Han27	Py54	A	B	0.475240558385849
11152	Han27	Py56	A	B	0.4865530133247375
11153	Han27	Py58	A	B	0.4873368442058563
11154	Han27	Py62	A	B	0.4408110976219177
11155	Han27	Py64	A	B	0.433394193649292
11156	Han27	Py66	A	B	0.4320950210094452
11157	Han27	Py68	A	B	0.4357138276100159
11158	Han27	Py70	A	B	0.4241834282875061
11159	Han27	Py72	A	B	0.4311352968215942
11160	Han27	Py79	A	B	0.2776962518692017
11161	Han27	Py81	A	B	0.2639978229999542
11162	Han27	Py83	A	B	0.1745942085981369
11163	Han27	Py85	A	B	0.1817083656787872
11164	Han27	Py87	A	B	0.2412699013948441
11165	Han27	P1extneg	A	B	0.4291777312755585
11166	Han27	P1NTC2	A	B	0.638028621673584
11167	Han27	P1PCRpos	A	B	0.5363487005233765
11168	Han27	HR02	A	B	0.4237413108348846
11169	Han27	HR06	A	B	0.4406065046787262
11170	Han27	HR08	A	B	0.4390997588634491
11171	Han27	HR10	A	B	0.4144898951053619
11172	Han27	HR12	A	B	0.4846066236495972
11173	Han27	HR18	A	B	0.4272049963474274
11174	Han27	HR20	A	B	0.4534680843353271
11175	Han27	HR22	A	B	0.4162981510162354
11176	Han27	HR24	A	B	0.4451223313808441
11177	Han27	HR30	A	B	0.5160272717475891
11178	Han27	HR36	A	B	0.5109270811080933
11179	Han27	HR38	A	B	0.5138224363327026
11180	Han27	HR42	A	B	0.4878711402416229
11181	Han27	HR57	A	B	0.3881800472736359
11182	Han27	HR59	A	B	0.4931806325912476
11183	Han27	HR61	A	B	0.534252405166626
11184	Han27	HR67	A	B	0.5382252931594849
11185	Han27	HR71	A	B	0.794329822063446
11186	Han27	H1	A	B	0.5110352039337158
11187	Han27	H8	A	B	0.4129453301429749
11188	Han27	H12	A	B	0.5026457905769348
11189	Han27	H16	A	B	0.5131247043609619
11190	Han27	P2PCRpos	A	B	0.5343230962753296
11191	Han27	Han02	A	B	0.1625135242938995
11192	Han27	Han04	A	B	0.4256435930728912
11193	Han27	Han06	A	B	0.1145169213414192
11194	Han27	Han08	A	B	0.4424437582492828
11195	Han27	Han10	A	B	0.1608205884695053
11196	Han27	Han12	A	B	0.5033934712409973
11197	Han27	Han14	A	B	0.1083918213844299
11198	Han27	Han16	A	B	0.1022829711437225
11199	Han27	Han18	A	B	0.1326153725385666
11200	Han27	Han20	A	B	0.1054877713322639
11201	Han27	Han22	A	B	0.2639141976833344
11202	Han27	Han26	A	B	0.3936277627944946
11203	Han27	Han28	A	B	0.3028271496295929
11204	Han27	Han30	A	B	0.2994312047958374
11205	Han27	Han32	A	B	0.2401477992534637
11206	Han27	Han34	A	B	0.4070084095001221
11207	Han27	Han36	A	B	0.3629297316074371
11208	Han27	Han38	A	B	0.421893835067749
11209	Han27	Han40	A	B	0.3727408051490784
11210	Han27	Han42	A	B	0.374961644411087
11211	Han27	Han44	A	B	0.4169686734676361
11212	Han27	Han46	A	B	0.09244272112846375
11213	Han27	Han48	A	B	0.3626284301280975
11214	Han27	P3PCRpos	A	B	0.5353198647499084
11215	Han29	Py2	A	B	0.4533594250679016
11216	Han29	Py4	A	B	0.4604352414608002
11217	Han29	Py6	A	B	0.4538140594959259
11218	Han29	Py8	A	B	0.4875539243221283
11219	Han29	Py10	A	B	0.4961338937282562
11220	Han29	Py12	A	B	0.4736187756061554
11221	Han29	Py14	A	B	0.5145351886749268
11222	Han29	Py16	A	B	0.4790240526199341
11223	Han29	Py18	A	B	0.5182967185974121
11224	Han29	Py20	A	B	0.5280746221542358
11225	Han29	Py22	A	B	0.5164539217948914
11226	Han29	Py24	A	B	0.5286370515823364
11227	Han29	Py26	A	B	0.4624843597412109
11228	Han29	Py28	A	B	0.4793925285339355
11229	Han29	Py30	A	B	0.4807240068912506
11230	Han29	Py32	A	B	0.47955521941185
11231	Han29	Py34	A	B	0.4682167172431946
11232	Han29	Py36	A	B	0.4691160321235657
11233	Han29	Py38	A	B	0.4326214790344238
11234	Han29	Py40	A	B	0.4599953293800354
11235	Han29	Py42	A	B	0.4516822099685669
11236	Han29	Py44	A	B	0.4761919379234314
11237	Han29	Py46	A	B	0.473228394985199
11238	Han29	Py48	A	B	0.4906601309776306
11239	Han29	Py52	A	B	0.4354593455791473
11240	Han29	Py54	A	B	0.4810377359390259
11241	Han29	Py56	A	B	0.4925815761089325
11242	Han29	Py58	A	B	0.4933215379714966
11243	Han29	Py62	A	B	0.4574738442897797
11244	Han29	Py64	A	B	0.4504627883434296
11245	Han29	Py66	A	B	0.4492058753967285
11246	Han29	Py68	A	B	0.4522727429866791
11247	Han29	Py70	A	B	0.440935879945755
11248	Han29	Py72	A	B	0.4478918612003326
11249	Han29	Py79	A	B	0.2976549565792084
11250	Han29	Py81	A	B	0.2794802486896515
11251	Han29	Py83	A	B	0.1968541294336319
11252	Han29	Py85	A	B	0.2005379199981689
11253	Han29	Py87	A	B	0.2677934169769287
11254	Han29	P1extneg	A	B	0.4433068633079529
11255	Han29	P1NTC2	A	B	0.6514185667037964
11256	Han29	P1PCRpos	A	B	0.5363968014717102
11257	Han29	HR02	A	B	0.4365500211715698
11258	Han29	HR06	A	B	0.4550741016864777
11259	Han29	HR08	A	B	0.4500199556350708
11260	Han29	HR10	A	B	0.4276783168315887
11261	Han29	HR12	A	B	0.4976073801517487
11262	Han29	HR18	A	B	0.4438070952892303
11263	Han29	HR20	A	B	0.4661001265048981
11264	Han29	HR22	A	B	0.4382038712501526
11265	Han29	HR24	A	B	0.4526352286338806
11266	Han29	HR30	A	B	0.5227165222167969
11267	Han29	HR36	A	B	0.5178271532058716
11268	Han29	HR38	A	B	0.5166386365890503
11269	Han29	HR42	A	B	0.4936245083808899
11270	Han29	HR57	A	B	0.4064701795578003
11271	Han29	HR59	A	B	0.5011261701583862
11272	Han29	HR61	A	B	0.5413392186164856
11273	Han29	HR67	A	B	0.5410765409469604
11274	Han29	HR71	A	B	0.7952924966812134
11275	Han29	H1	A	B	0.52195805311203
11276	Han29	H8	A	B	0.4282583296298981
11277	Han29	H12	A	B	0.5089576244354248
11278	Han29	H16	A	B	0.5207305550575256
11279	Han29	P2PCRpos	A	B	0.5343520641326904
11280	Han29	Han02	A	B	0.1997347325086594
11281	Han29	Han04	A	B	0.4542240500450134
11282	Han29	Han06	A	B	0.104223258793354
11283	Han29	Han08	A	B	0.4763103723526001
11284	Han29	Han10	A	B	0.1892124563455582
11285	Han29	Han12	A	B	0.5314055681228638
11286	Han29	Han14	A	B	0.1463168263435364
11287	Han29	Han16	A	B	0.09710822999477386
11288	Han29	Han18	A	B	0.1224304363131523
11289	Han29	Han20	A	B	0.1295131742954254
11290	Han29	Han22	A	B	0.2911516427993774
11291	Han29	Han26	A	B	0.4145775139331818
11292	Han29	Han28	A	B	0.3280683159828186
11293	Han29	Han30	A	B	0.3274049162864685
11294	Han29	Han32	A	B	0.253762811422348
11295	Han29	Han34	A	B	0.433306097984314
11296	Han29	Han36	A	B	0.392211377620697
11297	Han29	Han38	A	B	0.4432648420333862
11298	Han29	Han40	A	B	0.40926194190979
11299	Han29	Han42	A	B	0.4089036583900452
11300	Han29	Han44	A	B	0.4460480511188507
11301	Han29	Han46	A	B	0.08439081162214279
11302	Han29	Han48	A	B	0.3947820961475372
11303	Han29	P3PCRpos	A	B	0.5353333950042725
11304	Han31	Py2	A	B	0.445097029209137
11305	Han31	Py4	A	B	0.4533820450305939
11306	Han31	Py6	A	B	0.4470137357711792
11307	Han31	Py8	A	B	0.4802818894386292
11308	Han31	Py10	A	B	0.489266574382782
11309	Han31	Py12	A	B	0.4666786193847656
11310	Han31	Py14	A	B	0.507632851600647
11311	Han31	Py16	A	B	0.4718074202537537
11312	Han31	Py18	A	B	0.5111972689628601
11313	Han31	Py20	A	B	0.522669792175293
11314	Han31	Py22	A	B	0.5097676515579224
11315	Han31	Py24	A	B	0.5234809517860413
11316	Han31	Py26	A	B	0.4557550847530365
11317	Han31	Py28	A	B	0.4727321267127991
11318	Han31	Py30	A	B	0.473936140537262
11319	Han31	Py32	A	B	0.472718209028244
11320	Han31	Py34	A	B	0.4614430665969849
11321	Han31	Py36	A	B	0.4623778760433197
11322	Han31	Py38	A	B	0.4282412827014923
11323	Han31	Py40	A	B	0.4548073709011078
11324	Han31	Py42	A	B	0.447258323431015
11325	Han31	Py44	A	B	0.4713858366012573
11326	Han31	Py46	A	B	0.4681949317455292
11327	Han31	Py48	A	B	0.4864674806594849
11328	Han31	Py52	A	B	0.4308653771877289
11329	Han31	Py54	A	B	0.4753482937812805
11330	Han31	Py56	A	B	0.4865595996379852
11331	Han31	Py58	A	B	0.4874924421310425
11332	Han31	Py62	A	B	0.4536016285419464
11333	Han31	Py64	A	B	0.4463471472263336
11334	Han31	Py66	A	B	0.4453029036521912
11335	Han31	Py68	A	B	0.4487456083297729
11336	Han31	Py70	A	B	0.4369843304157257
11337	Han31	Py72	A	B	0.443691611289978
11338	Han31	Py79	A	B	0.2782451808452606
11339	Han31	Py81	A	B	0.2792944014072418
11340	Han31	Py83	A	B	0.1900181323289871
11341	Han31	Py85	A	B	0.1870583146810532
11342	Han31	Py87	A	B	0.2668336629867554
11343	Han31	P1extneg	A	B	0.4609436392784119
11344	Han31	P1NTC2	A	B	0.6472838521003723
11345	Han31	P1PCRpos	A	B	0.5279083847999573
11346	Han31	HR02	A	B	0.4353757798671722
11347	Han31	HR06	A	B	0.453398585319519
11348	Han31	HR08	A	B	0.4358630478382111
11349	Han31	HR10	A	B	0.4293478429317474
11350	Han31	HR12	A	B	0.4955394864082336
11351	Han31	HR18	A	B	0.4422544836997986
11352	Han31	HR20	A	B	0.4645207822322845
11353	Han31	HR22	A	B	0.4370198249816895
11354	Han31	HR24	A	B	0.4769576489925385
11355	Han31	HR30	A	B	0.5498806238174438
11356	Han31	HR36	A	B	0.5121567845344543
11357	Han31	HR38	A	B	0.5319468975067139
11358	Han31	HR42	A	B	0.5196969509124756
11359	Han31	HR57	A	B	0.4196463525295258
11360	Han31	HR59	A	B	0.5152712464332581
11361	Han31	HR61	A	B	0.5682929754257202
11362	Han31	HR67	A	B	0.5569772124290466
11363	Han31	HR71	A	B	0.7819796800613403
11364	Han31	H1	A	B	0.546065628528595
11365	Han31	H8	A	B	0.4284612834453583
11366	Han31	H12	A	B	0.5340595245361328
11367	Han31	H16	A	B	0.5437442064285278
11368	Han31	P2PCRpos	A	B	0.5258949398994446
11369	Han31	Han02	A	B	0.1769288331270218
11370	Han31	Han04	A	B	0.4262660145759583
11371	Han31	Han06	A	B	0.04409565776586533
11372	Han31	Han08	A	B	0.4447252452373505
11373	Han31	Han10	A	B	0.1626094728708267
11374	Han31	Han12	A	B	0.5071523785591125
11375	Han31	Han14	A	B	0.1377153098583221
11376	Han31	Han16	A	B	0.05517279356718063
11377	Han31	Han18	A	B	0.06047524139285088
11378	Han31	Han20	A	B	0.09844081103801727
11379	Han31	Han22	A	B	0.265572726726532
11380	Han31	Han26	A	B	0.4025987684726715
11381	Han31	Han28	A	B	0.2960216701030731
11382	Han31	Han30	A	B	0.3117769956588745
11383	Han31	Han32	A	B	0.2332034409046173
11384	Han31	Han34	A	B	0.4075452387332916
11385	Han31	Han36	A	B	0.3697777688503265
11386	Han31	Han38	A	B	0.420962929725647
11387	Han31	Han40	A	B	0.3874749541282654
11388	Han31	Han42	A	B	0.3782075643539429
11389	Han31	Han44	A	B	0.4159048497676849
11390	Han31	Han46	A	B	0.04753774404525757
11391	Han31	Han48	A	B	0.3641835153102875
11392	Han31	P3PCRpos	A	B	0.5268698930740356
11393	Han33	Py2	A	B	0.4638978838920593
11394	Han33	Py4	A	B	0.4722678661346436
11395	Han33	Py6	A	B	0.4656939804553986
11396	Han33	Py8	A	B	0.4990375339984894
11397	Han33	Py10	A	B	0.5079979300498962
11398	Han33	Py12	A	B	0.4853877425193787
11399	Han33	Py14	A	B	0.5264829397201538
11400	Han33	Py16	A	B	0.4904530644416809
11401	Han33	Py18	A	B	0.5296726822853088
11402	Han33	Py20	A	B	0.5400222539901733
11403	Han33	Py22	A	B	0.528505802154541
11404	Han33	Py24	A	B	0.5408278107643127
11405	Han33	Py26	A	B	0.4745531976222992
11406	Han33	Py28	A	B	0.4915931224822998
11407	Han33	Py30	A	B	0.4929468929767609
11408	Han33	Py32	A	B	0.4915355145931244
11409	Han33	Py34	A	B	0.4802805185317993
11410	Han33	Py36	A	B	0.481219619512558
11411	Han33	Py38	A	B	0.4489834606647491
11412	Han33	Py40	A	B	0.4735653102397919
11413	Han33	Py42	A	B	0.4681914448738098
11414	Han33	Py44	A	B	0.4911037385463715
11415	Han33	Py46	A	B	0.4875437617301941
11416	Han33	Py48	A	B	0.5061559081077576
11417	Han33	Py52	A	B	0.4504233598709106
11418	Han33	Py54	A	B	0.4946933388710022
11419	Han33	Py56	A	B	0.5057820081710815
11420	Han33	Py58	A	B	0.5070780515670776
11421	Han33	Py62	A	B	0.4744203686714172
11422	Han33	Py64	A	B	0.4671828746795654
11423	Han33	Py66	A	B	0.4657268822193146
11424	Han33	Py68	A	B	0.469677209854126
11425	Han33	Py70	A	B	0.4578796029090881
11426	Han33	Py72	A	B	0.4645267128944397
11427	Han33	Py79	A	B	0.3146904408931732
11428	Han33	Py81	A	B	0.2975643277168274
11429	Han33	Py83	A	B	0.2182941436767578
11430	Han33	Py85	A	B	0.2164107412099838
11431	Han33	Py87	A	B	0.3048483431339264
11432	Han33	P1extneg	A	B	0.4857535362243652
11433	Han33	P1NTC2	A	B	0.6624048352241516
11434	Han33	P1PCRpos	A	B	0.5333989262580872
11435	Han33	HR02	A	B	0.4600854218006134
11436	Han33	HR06	A	B	0.4654803872108459
11437	Han33	HR08	A	B	0.4429087340831757
11438	Han33	HR10	A	B	0.4501366913318634
11439	Han33	HR12	A	B	0.5062287449836731
11440	Han33	HR18	A	B	0.4646369218826294
11441	Han33	HR20	A	B	0.488796591758728
11442	Han33	HR22	A	B	0.448398768901825
11443	Han33	HR24	A	B	0.5016785264015198
11444	Han33	HR30	A	B	0.5776035785675049
11445	Han33	HR36	A	B	0.5271379947662354
11446	Han33	HR38	A	B	0.5480648279190063
11447	Han33	HR42	A	B	0.5459043979644775
11448	Han33	HR57	A	B	0.4465743601322174
11449	Han33	HR59	A	B	0.5393147468566895
11450	Han33	HR61	A	B	0.5950739979743958
11451	Han33	HR67	A	B	0.5703822374343872
11452	Han33	HR71	A	B	0.7788058519363403
11453	Han33	H1	A	B	0.5694547891616821
11454	Han33	H8	A	B	0.4536139369010925
11455	Han33	H12	A	B	0.5602190494537354
11456	Han33	H16	A	B	0.5664310455322266
11457	Han33	P2PCRpos	A	B	0.5312948822975159
11458	Han33	Han02	A	B	0.2183643728494644
11459	Han33	Han04	A	B	0.4470753967761993
11460	Han33	Han06	A	B	0.07680263370275497
11461	Han33	Han08	A	B	0.4695436656475067
11462	Han33	Han10	A	B	0.1888911575078964
11463	Han33	Han12	A	B	0.5304185152053833
11464	Han33	Han14	A	B	0.1898557096719742
11465	Han33	Han16	A	B	0.08798081427812576
11466	Han33	Han18	A	B	0.07956887781620026
11467	Han33	Han20	A	B	0.1330324411392212
11468	Han33	Han22	A	B	0.2906270623207092
11469	Han33	Han26	A	B	0.4319774806499481
11470	Han33	Han28	A	B	0.3162105977535248
11471	Han33	Han30	A	B	0.3319187760353088
11472	Han33	Han32	A	B	0.2673852443695068
11473	Han33	Han34	A	B	0.4244163930416107
11474	Han33	Han36	A	B	0.3897930979728699
11475	Han33	Han38	A	B	0.442216694355011
11476	Han33	Han40	A	B	0.4170143008232117
11477	Han33	Han42	A	B	0.3947116732597351
11478	Han33	Han44	A	B	0.4336886703968048
11479	Han33	Han46	A	B	0.08616529405117035
11480	Han33	Han48	A	B	0.379094660282135
11481	Han33	P3PCRpos	A	B	0.5323095321655273
11482	Han35	Py2	A	B	0.4505289793014526
11483	Han35	Py4	A	B	0.4588152766227722
11484	Han35	Py6	A	B	0.4533296823501587
11485	Han35	Py8	A	B	0.4857021570205688
11486	Han35	Py10	A	B	0.4947341084480286
11487	Han35	Py12	A	B	0.4721180200576782
11488	Han35	Py14	A	B	0.5141552686691284
11489	Han35	Py16	A	B	0.4771395921707153
11490	Han35	Py18	A	B	0.5181355476379395
11491	Han35	Py20	A	B	0.5301528573036194
11492	Han35	Py22	A	B	0.5163671970367432
11493	Han35	Py24	A	B	0.5310454368591309
11494	Han35	Py26	A	B	0.4613158106803894
11495	Han35	Py28	A	B	0.478262335062027
11496	Han35	Py30	A	B	0.4794139862060547
11497	Han35	Py32	A	B	0.4782379865646362
11498	Han35	Py34	A	B	0.4669109284877777
11499	Han35	Py36	A	B	0.467913806438446
11500	Han35	Py38	A	B	0.4298373758792877
11501	Han35	Py40	A	B	0.456978976726532
11502	Han35	Py42	A	B	0.4497110247612
11503	Han35	Py44	A	B	0.474206268787384
11504	Han35	Py46	A	B	0.4707355499267578
11505	Han35	Py48	A	B	0.4893069863319397
11506	Han35	Py52	A	B	0.4332546293735504
11507	Han35	Py54	A	B	0.4799762368202209
11508	Han35	Py56	A	B	0.4912519454956055
11509	Han35	Py58	A	B	0.4920832812786102
11510	Han35	Py62	A	B	0.4559723734855652
11511	Han35	Py64	A	B	0.4486900269985199
11512	Han35	Py66	A	B	0.4477156400680542
11513	Han35	Py68	A	B	0.4508940577507019
11514	Han35	Py70	A	B	0.4392164647579193
11515	Han35	Py72	A	B	0.4461080431938171
11516	Han35	Py79	A	B	0.2750129699707031
11517	Han35	Py81	A	B	0.2819973826408386
11518	Han35	Py83	A	B	0.187296986579895
11519	Han35	Py85	A	B	0.1874222010374069
11520	Han35	Py87	A	B	0.2475864887237549
11521	Han35	P1extneg	A	B	0.4419001638889313
11522	Han35	P1NTC2	A	B	0.6517855525016785
11523	Han35	P1PCRpos	A	B	0.538821816444397
11524	Han35	HR02	A	B	0.4336122870445251
11525	Han35	HR06	A	B	0.4497724175453186
11526	Han35	HR08	A	B	0.4405337274074554
11527	Han35	HR10	A	B	0.4224055409431458
11528	Han35	HR12	A	B	0.4928211271762848
11529	Han35	HR18	A	B	0.4396822154521942
11530	Han35	HR20	A	B	0.463247537612915
11531	Han35	HR22	A	B	0.4338867962360382
11532	Han35	HR24	A	B	0.4548707902431488
11533	Han35	HR30	A	B	0.5282723903656006
11534	Han35	HR36	A	B	0.5178279876708984
11535	Han35	HR38	A	B	0.5178160071372986
11536	Han35	HR42	A	B	0.4989540874958038
11537	Han35	HR57	A	B	0.4039042890071869
11538	Han35	HR59	A	B	0.5003350377082825
11539	Han35	HR61	A	B	0.5461491346359253
11540	Han35	HR67	A	B	0.5435140132904053
11541	Han35	HR71	A	B	0.793147087097168
11542	Han35	H1	A	B	0.5249384641647339
11543	Han35	H8	A	B	0.4264173805713654
11544	Han35	H12	A	B	0.5130836963653564
11545	Han35	H16	A	B	0.5217342376708984
11546	Han35	P2PCRpos	A	B	0.5367220044136047
11547	Han35	Han02	A	B	0.1603554338216782
11548	Han35	Han04	A	B	0.422883152961731
11549	Han35	Han06	A	B	0.07665941119194031
11550	Han35	Han08	A	B	0.4396169185638428
11551	Han35	Han10	A	B	0.1534458696842194
11552	Han35	Han12	A	B	0.5039361119270325
11553	Han35	Han14	A	B	0.1117653474211693
11554	Han35	Han16	A	B	0.06740634143352509
11555	Han35	Han18	A	B	0.0933481901884079
11556	Han35	Han20	A	B	0.08938846737146378
11557	Han35	Han22	A	B	0.2601894736289978
11558	Han35	Han26	A	B	0.3932155072689056
11559	Han35	Han28	A	B	0.292847752571106
11560	Han35	Han30	A	B	0.3003044128417969
11561	Han35	Han32	A	B	0.2327493876218796
11562	Han35	Han34	A	B	0.4004937410354614
11563	Han35	Han36	A	B	0.3617287576198578
11564	Han35	Han38	A	B	0.4135901629924774
11565	Han35	Han40	A	B	0.3763464689254761
11566	Han35	Han42	A	B	0.3740597665309906
11567	Han35	Han44	A	B	0.411334216594696
11568	Han35	Han46	A	B	0.07476294040679932
11569	Han35	Han48	A	B	0.3602530062198639
11570	Han35	P3PCRpos	A	B	0.5377703309059143
11571	Han37	Py2	A	B	0.4615660011768341
11572	Han37	Py4	A	B	0.4699674248695374
11573	Han37	Py6	A	B	0.464747279882431
11574	Han37	Py8	A	B	0.496868222951889
11575	Han37	Py10	A	B	0.5059244632720947
11576	Han37	Py12	A	B	0.4833210706710815
11577	Han37	Py14	A	B	0.524308979511261
11578	Han37	Py16	A	B	0.4882946908473969
11579	Han37	Py18	A	B	0.528771162033081
11580	Han37	Py20	A	B	0.5389000177383423
11581	Han37	Py22	A	B	0.5269991159439087
11582	Han37	Py24	A	B	0.5397971868515015
11583	Han37	Py26	A	B	0.4723021388053894
11584	Han37	Py28	A	B	0.4893327057361603
11585	Han37	Py30	A	B	0.4904637336730957
11586	Han37	Py32	A	B	0.4892365038394928
11587	Han37	Py34	A	B	0.4779220819473267
11588	Han37	Py36	A	B	0.478993684053421
11589	Han37	Py38	A	B	0.4444805383682251
11590	Han37	Py40	A	B	0.4697031676769257
11591	Han37	Py42	A	B	0.463478147983551
11592	Han37	Py44	A	B	0.487328052520752
11593	Han37	Py46	A	B	0.4838409125804901
11594	Han37	Py48	A	B	0.5024034380912781
11595	Han37	Py52	A	B	0.4461118578910828
11596	Han37	Py54	A	B	0.4918067455291748
11597	Han37	Py56	A	B	0.5029997229576111
11598	Han37	Py58	A	B	0.5043056011199951
11599	Han37	Py62	A	B	0.4701038599014282
11600	Han37	Py64	A	B	0.4627354741096497
11601	Han37	Py66	A	B	0.4613287746906281
11602	Han37	Py68	A	B	0.465234786272049
11603	Han37	Py70	A	B	0.4535711109638214
11604	Han37	Py72	A	B	0.4601553976535797
11605	Han37	Py79	A	B	0.3132672309875488
11606	Han37	Py81	A	B	0.2933275103569031
11607	Han37	Py83	A	B	0.2144071310758591
11608	Han37	Py85	A	B	0.2144968211650848
11609	Han37	Py87	A	B	0.3018733263015747
11610	Han37	P1extneg	A	B	0.4769256114959717
11611	Han37	P1NTC2	A	B	0.66108238697052
11612	Han37	P1PCRpos	A	B	0.533172070980072
11613	Han37	HR02	A	B	0.4537570178508759
11614	Han37	HR06	A	B	0.4626196622848511
11615	Han37	HR08	A	B	0.4433748722076416
11616	Han37	HR10	A	B	0.4446820914745331
11617	Han37	HR12	A	B	0.5044886469841003
11618	Han37	HR18	A	B	0.4586094319820404
11619	Han37	HR20	A	B	0.4826761484146118
11620	Han37	HR22	A	B	0.4453036785125732
11621	Han37	HR24	A	B	0.4958617687225342
11622	Han37	HR30	A	B	0.571733832359314
11623	Han37	HR36	A	B	0.5250980257987976
11624	Han37	HR38	A	B	0.5416280031204224
11625	Han37	HR42	A	B	0.539743959903717
11626	Han37	HR57	A	B	0.4388307929039001
11627	Han37	HR59	A	B	0.5325998067855835
11628	Han37	HR61	A	B	0.5891091227531433
11629	Han37	HR67	A	B	0.5649386644363403
11630	Han37	HR71	A	B	0.7779080867767334
11631	Han37	H1	A	B	0.563208818435669
11632	Han37	H8	A	B	0.4473910629749298
11633	Han37	H12	A	B	0.5545626878738403
11634	Han37	H16	A	B	0.5602981448173523
11635	Han37	P2PCRpos	A	B	0.5310680270195007
11636	Han37	Han02	A	B	0.2137970328330994
11637	Han37	Han04	A	B	0.451424777507782
11638	Han37	Han06	A	B	0.07187185436487198
11639	Han37	Han08	A	B	0.4691018462181091
11640	Han37	Han10	A	B	0.1853657364845276
11641	Han37	Han12	A	B	0.5356932878494263
11642	Han37	Han14	A	B	0.1847683191299438
11643	Han37	Han16	A	B	0.0831892341375351
11644	Han37	Han18	A	B	0.07940123230218887
11645	Han37	Han20	A	B	0.1330983638763428
11646	Han37	Han22	A	B	0.2934346497058868
11647	Han37	Han26	A	B	0.4360360205173492
11648	Han37	Han28	A	B	0.3182847797870636
11649	Han37	Han30	A	B	0.3357464671134949
11650	Han37	Han32	A	B	0.2675927877426147
11651	Han37	Han34	A	B	0.427075982093811
11652	Han37	Han36	A	B	0.3940192759037018
11653	Han37	Han38	A	B	0.4480015337467194
11654	Han37	Han40	A	B	0.4154753684997559
11655	Han37	Han42	A	B	0.400311678647995
11656	Han37	Han44	A	B	0.4375244677066803
11657	Han37	Han46	A	B	0.07816952466964722
11658	Han37	Han48	A	B	0.3817307353019714
11659	Han37	P3PCRpos	A	B	0.5321015119552612
11660	Han39	Py2	A	B	0.441969245672226
11661	Han39	Py4	A	B	0.4502356052398682
11662	Han39	Py6	A	B	0.4440442621707916
11663	Han39	Py8	A	B	0.477198988199234
11664	Han39	Py10	A	B	0.4862830638885498
11665	Han39	Py12	A	B	0.4636856913566589
11666	Han39	Py14	A	B	0.5047986507415771
11667	Han39	Py16	A	B	0.4685913026332855
11668	Han39	Py18	A	B	0.5085704326629639
11669	Han39	Py20	A	B	0.5199580192565918
11670	Han39	Py22	A	B	0.5067127346992493
11671	Han39	Py24	A	B	0.5208226442337036
11672	Han39	Py26	A	B	0.4527209997177124
11673	Han39	Py28	A	B	0.4697469472885132
11674	Han39	Py30	A	B	0.470956951379776
11675	Han39	Py32	A	B	0.4697776734828949
11676	Han39	Py34	A	B	0.4583970904350281
11677	Han39	Py36	A	B	0.4593526721000671
11678	Han39	Py38	A	B	0.4184137582778931
11679	Han39	Py40	A	B	0.4470110237598419
11680	Han39	Py42	A	B	0.438565194606781
11681	Han39	Py44	A	B	0.4639041423797607
11682	Han39	Py46	A	B	0.4606241583824158
11683	Han39	Py48	A	B	0.4792419672012329
11684	Han39	Py52	A	B	0.4235053956508636
11685	Han39	Py54	A	B	0.4710958003997803
11686	Han39	Py56	A	B	0.4825087785720825
11687	Han39	Py58	A	B	0.4834092855453491
11688	Han39	Py62	A	B	0.445343554019928
11689	Han39	Py64	A	B	0.437664121389389
11690	Han39	Py66	A	B	0.4375824332237244
11691	Han39	Py68	A	B	0.4390449821949005
11692	Han39	Py70	A	B	0.4281078577041626
11693	Han39	Py72	A	B	0.4343109428882599
11694	Han39	Py79	A	B	0.277014285326004
11695	Han39	Py81	A	B	0.2724684178829193
11696	Han39	Py83	A	B	0.1796219497919083
11697	Han39	Py85	A	B	0.1820836961269379
11698	Han39	Py87	A	B	0.2491455525159836
11699	Han39	P1extneg	A	B	0.4257607161998749
11700	Han39	P1NTC2	A	B	0.639628529548645
11701	Han39	P1PCRpos	A	B	0.5304413437843323
11702	Han39	HR02	A	B	0.4394920170307159
11703	Han39	HR06	A	B	0.4577337801456451
11704	Han39	HR08	A	B	0.4408249855041504
11705	Han39	HR10	A	B	0.4309042692184448
11706	Han39	HR12	A	B	0.4990497827529907
11707	Han39	HR18	A	B	0.4471473097801208
11708	Han39	HR20	A	B	0.4718048870563507
11709	Han39	HR22	A	B	0.4408549070358276
11710	Han39	HR24	A	B	0.4577935338020325
11711	Han39	HR30	A	B	0.5274782776832581
11712	Han39	HR36	A	B	0.5135682225227356
11713	Han39	HR38	A	B	0.5149269104003906
11714	Han39	HR42	A	B	0.4970066249370575
11715	Han39	HR57	A	B	0.4077708423137665
11716	Han39	HR59	A	B	0.4984242022037506
11717	Han39	HR61	A	B	0.5452929735183716
11718	Han39	HR67	A	B	0.5388150811195374
11719	Han39	HR71	A	B	0.794424295425415
11720	Han39	H1	A	B	0.5270496606826782
11721	Han39	H8	A	B	0.4308799803256989
11722	Han39	H12	A	B	0.5149626135826111
11723	Han39	H16	A	B	0.5261237621307373
11724	Han39	P2PCRpos	A	B	0.5282593965530396
11725	Han39	Han02	A	B	0.1698418110609055
11726	Han39	Han04	A	B	0.4297187626361847
11727	Han39	Han06	A	B	0.0935778021812439
11728	Han39	Han08	A	B	0.4480739533901215
11729	Han39	Han10	A	B	0.1666048765182495
11730	Han39	Han12	A	B	0.5023480653762817
11731	Han39	Han14	A	B	0.1163233295083046
11732	Han39	Han16	A	B	0.08662192523479462
11733	Han39	Han18	A	B	0.1164390295743942
11734	Han39	Han20	A	B	0.1074284911155701
11735	Han39	Han22	A	B	0.2614330649375916
11736	Han39	Han26	A	B	0.4069468677043915
11737	Han39	Han28	A	B	0.301699161529541
11738	Han39	Han30	A	B	0.3154682219028473
11739	Han39	Han32	A	B	0.2400631457567215
11740	Han39	Han34	A	B	0.4107999205589294
11741	Han39	Han36	A	B	0.3745756149291992
11742	Han39	Han38	A	B	0.4315238893032074
11743	Han39	Han40	A	B	0.3876219391822815
11744	Han39	Han42	A	B	0.3776901066303253
11745	Han39	Han44	A	B	0.4160460233688354
11746	Han39	Han46	A	B	0.0675063356757164
11747	Han39	Han48	A	B	0.362629771232605
11748	Han39	P3PCRpos	A	B	0.529392659664154
11749	Han41	Py2	A	B	0.4303066432476044
11750	Han41	Py4	A	B	0.4385890662670135
11751	Han41	Py6	A	B	0.4317415356636047
11752	Han41	Py8	A	B	0.4655179679393768
11753	Han41	Py10	A	B	0.4745362997055054
11754	Han41	Py12	A	B	0.4519585967063904
11755	Han41	Py14	A	B	0.4951109290122986
11756	Han41	Py16	A	B	0.4570136666297913
11757	Han41	Py18	A	B	0.4977852404117584
11758	Han41	Py20	A	B	0.5096996426582336
11759	Han41	Py22	A	B	0.4967207014560699
11760	Han41	Py24	A	B	0.5104761123657227
11761	Han41	Py26	A	B	0.4410426914691925
11762	Han41	Py28	A	B	0.4581193327903748
11763	Han41	Py30	A	B	0.4593027234077454
11764	Han41	Py32	A	B	0.4581182599067688
11765	Han41	Py34	A	B	0.4467738270759583
11766	Han41	Py36	A	B	0.447723925113678
11767	Han41	Py38	A	B	0.4006256759166718
11768	Han41	Py40	A	B	0.4281752705574036
11769	Han41	Py42	A	B	0.4189526736736298
11770	Han41	Py44	A	B	0.4461332261562347
11771	Han41	Py46	A	B	0.4459285140037537
11772	Han41	Py48	A	B	0.4601642191410065
11773	Han41	Py52	A	B	0.40406733751297
11774	Han41	Py54	A	B	0.4591912925243378
11775	Han41	Py56	A	B	0.4706437587738037
11776	Han41	Py58	A	B	0.4714279174804688
11777	Han41	Py62	A	B	0.4262526333332062
11778	Han41	Py64	A	B	0.4186000823974609
11779	Han41	Py66	A	B	0.4186505377292633
11780	Han41	Py68	A	B	0.4208672344684601
11781	Han41	Py70	A	B	0.4099161922931671
11782	Han41	Py72	A	B	0.4162155389785767
11783	Han41	Py79	A	B	0.2400176823139191
11784	Han41	Py81	A	B	0.2552305459976196
11785	Han41	Py83	A	B	0.1629074513912201
11786	Han41	Py85	A	B	0.1670610755681992
11787	Han41	Py87	A	B	0.2215202301740646
11788	Han41	P1extneg	A	B	0.4179936647415161
11789	Han41	P1NTC2	A	B	0.6254595518112183
11790	Han41	P1PCRpos	A	B	0.52635258436203
11791	Han41	HR02	A	B	0.4281628727912903
11792	Han41	HR06	A	B	0.4463525116443634
11793	Han41	HR08	A	B	0.4301782846450806
11794	Han41	HR10	A	B	0.4203017354011536
11795	Han41	HR12	A	B	0.4889168739318848
11796	Han41	HR18	A	B	0.4337852895259857
11797	Han41	HR20	A	B	0.4601742625236511
11798	Han41	HR22	A	B	0.4247386157512665
11799	Han41	HR24	A	B	0.4577261507511139
11800	Han41	HR30	A	B	0.5279572010040283
11801	Han41	HR36	A	B	0.5067967176437378
11802	Han41	HR38	A	B	0.520991861820221
11803	Han41	HR42	A	B	0.4988824725151062
11804	Han41	HR57	A	B	0.3942081332206726
11805	Han41	HR59	A	B	0.4977173507213593
11806	Han41	HR61	A	B	0.5459228754043579
11807	Han41	HR67	A	B	0.5435775518417358
11808	Han41	HR71	A	B	0.796786904335022
11809	Han41	H1	A	B	0.5277613401412964
11810	Han41	H8	A	B	0.4170923829078674
11811	Han41	H12	A	B	0.5183668732643127
11812	Han41	H16	A	B	0.527023434638977
11813	Han41	P2PCRpos	A	B	0.5242677927017212
11814	Han41	Han02	A	B	0.1273448914289474
11815	Han41	Han04	A	B	0.3848942518234253
11816	Han41	Han06	A	B	0.1075333133339882
11817	Han41	Han08	A	B	0.402297168970108
11818	Han41	Han10	A	B	0.128862202167511
11819	Han41	Han12	A	B	0.4576814770698547
11820	Han41	Han14	A	B	0.07178977876901627
11821	Han41	Han16	A	B	0.09748081117868423
11822	Han41	Han18	A	B	0.1208911165595055
11823	Han41	Han20	A	B	0.08972238749265671
11824	Han41	Han22	A	B	0.2202383875846863
11825	Han41	Han26	A	B	0.3710002303123474
11826	Han41	Han28	A	B	0.2657222747802734
11827	Han41	Han30	A	B	0.2756388187408447
11828	Han41	Han32	A	B	0.2023450434207916
11829	Han41	Han34	A	B	0.3725628852844238
11830	Han41	Han36	A	B	0.3324030637741089
11831	Han41	Han38	A	B	0.3959653675556183
11832	Han41	Han40	A	B	0.3436990976333618
11833	Han41	Han42	A	B	0.3333706259727478
11834	Han41	Han44	A	B	0.3761988878250122
11835	Han41	Han46	A	B	0.09572184085845947
11836	Han41	Han48	A	B	0.3189617693424225
11837	Han41	P3PCRpos	A	B	0.5253034234046936
11838	Han43	Py2	A	B	0.430117666721344
11839	Han43	Py4	A	B	0.4383782148361206
11840	Han43	Py6	A	B	0.4326151013374329
11841	Han43	Py8	A	B	0.4653555750846863
11842	Han43	Py10	A	B	0.4743834733963013
11843	Han43	Py12	A	B	0.4518148303031921
11844	Han43	Py14	A	B	0.4947273433208466
11845	Han43	Py16	A	B	0.4569054841995239
11846	Han43	Py18	A	B	0.4984595775604248
11847	Han43	Py20	A	B	0.5104050040245056
11848	Han43	Py22	A	B	0.4966222643852234
11849	Han43	Py24	A	B	0.5112795233726501
11850	Han43	Py26	A	B	0.4408206343650818
11851	Han43	Py28	A	B	0.457845151424408
11852	Han43	Py30	A	B	0.4590664207935333
11853	Han43	Py32	A	B	0.4579122066497803
11854	Han43	Py34	A	B	0.4464816153049469
11855	Han43	Py36	A	B	0.4474858641624451
11856	Han43	Py38	A	B	0.3866054117679596
11857	Han43	Py40	A	B	0.4173741042613983
11858	Han43	Py42	A	B	0.4054657518863678
11859	Han43	Py44	A	B	0.4451481103897095
11860	Han43	Py46	A	B	0.4453925788402557
11861	Han43	Py48	A	B	0.4540542960166931
11862	Han43	Py52	A	B	0.3910623788833618
11863	Han43	Py54	A	B	0.4587414562702179
11864	Han43	Py56	A	B	0.4700120985507965
11865	Han43	Py58	A	B	0.4710043668746948
11866	Han43	Py62	A	B	0.4143210053443909
11867	Han43	Py64	A	B	0.4052727818489075
11868	Han43	Py66	A	B	0.4053936302661896
11869	Han43	Py68	A	B	0.4079484939575195
11870	Han43	Py70	A	B	0.4012963771820068
11871	Han43	Py72	A	B	0.4026925265789032
11872	Han43	Py79	A	B	0.2437490224838257
11873	Han43	Py81	A	B	0.2406335920095444
11874	Han43	Py83	A	B	0.1576199233531952
11875	Han43	Py85	A	B	0.1644161939620972
11876	Han43	Py87	A	B	0.2181385606527328
11877	Han43	P1extneg	A	B	0.4147194027900696
11878	Han43	P1NTC2	A	B	0.6140674948692322
11879	Han43	P1PCRpos	A	B	0.5249835252761841
11880	Han43	HR02	A	B	0.4251860082149506
11881	Han43	HR06	A	B	0.4419792890548706
11882	Han43	HR08	A	B	0.4279704391956329
11883	Han43	HR10	A	B	0.4210177361965179
11884	Han43	HR12	A	B	0.4862784743309021
11885	Han43	HR18	A	B	0.4285772442817688
11886	Han43	HR20	A	B	0.4572854936122894
11887	Han43	HR22	A	B	0.4121911823749542
11888	Han43	HR24	A	B	0.4658949971199036
11889	Han43	HR30	A	B	0.5369368195533752
11890	Han43	HR36	A	B	0.5046320557594299
11891	Han43	HR38	A	B	0.5265980362892151
11892	Han43	HR42	A	B	0.5068456530570984
11893	Han43	HR57	A	B	0.3949812054634094
11894	Han43	HR59	A	B	0.5048761963844299
11895	Han43	HR61	A	B	0.5547300577163696
11896	Han43	HR67	A	B	0.5481414198875427
11897	Han43	HR71	A	B	0.7905724048614502
11898	Han43	H1	A	B	0.5306063294410706
11899	Han43	H8	A	B	0.4101071953773499
11900	Han43	H12	A	B	0.5257408022880554
11901	Han43	H16	A	B	0.533534049987793
11902	Han43	P2PCRpos	A	B	0.5229021310806274
11903	Han43	Han02	A	B	0.1221535503864288
11904	Han43	Han04	A	B	0.3777929246425629
11905	Han43	Han06	A	B	0.08820819109678268
11906	Han43	Han08	A	B	0.3960320055484772
11907	Han43	Han10	A	B	0.1336852610111237
11908	Han43	Han12	A	B	0.452813595533371
11909	Han43	Han14	A	B	0.07828062027692795
11910	Han43	Han16	A	B	0.07163991034030914
11911	Han43	Han18	A	B	0.1038336455821991
11912	Han43	Han20	A	B	0.07998377829790115
11913	Han43	Han22	A	B	0.2253140509128571
11914	Han43	Han26	A	B	0.3770049214363098
11915	Han43	Han28	A	B	0.2726266980171204
11916	Han43	Han30	A	B	0.2820257246494293
11917	Han43	Han32	A	B	0.2101082801818848
11918	Han43	Han34	A	B	0.3781100809574127
11919	Han43	Han36	A	B	0.3351875245571136
11920	Han43	Han38	A	B	0.4012594819068909
11921	Han43	Han40	A	B	0.336012065410614
11922	Han43	Han42	A	B	0.3333393335342407
11923	Han43	Han44	A	B	0.3802380263805389
11924	Han43	Han46	A	B	0.06988641619682312
11925	Han43	Han48	A	B	0.3119855225086212
11926	Han43	P3PCRpos	A	B	0.5238770246505737
11927	Han45	Py2	A	B	0.4327329993247986
11928	Han45	Py4	A	B	0.438544362783432
11929	Han45	Py6	A	B	0.4330268502235413
11930	Han45	Py8	A	B	0.4650554656982422
11931	Han45	Py10	A	B	0.4736450910568237
11932	Han45	Py12	A	B	0.4511471092700958
11933	Han45	Py14	A	B	0.4939810931682587
11934	Han45	Py16	A	B	0.4573329091072083
11935	Han45	Py18	A	B	0.4990378618240356
11936	Han45	Py20	A	B	0.511203944683075
11937	Han45	Py22	A	B	0.4970656335353851
11938	Han45	Py24	A	B	0.5120983123779297
11939	Han45	Py26	A	B	0.4399319887161255
11940	Han45	Py28	A	B	0.4568953514099121
11941	Han45	Py30	A	B	0.4586700201034546
11942	Han45	Py32	A	B	0.4569526314735413
11943	Han45	Py34	A	B	0.445662260055542
11944	Han45	Py36	A	B	0.4465364217758179
11945	Han45	Py38	A	B	0.3991012275218964
11946	Han45	Py40	A	B	0.4270455539226532
11947	Han45	Py42	A	B	0.41431725025177
11948	Han45	Py44	A	B	0.4475748538970947
11949	Han45	Py46	A	B	0.4481096863746643
11950	Han45	Py48	A	B	0.4563173651695251
11951	Han45	Py52	A	B	0.4006738066673279
11952	Han45	Py54	A	B	0.4587569534778595
11953	Han45	Py56	A	B	0.4704753160476685
11954	Han45	Py58	A	B	0.4713302850723267
11955	Han45	Py62	A	B	0.4225847125053406
11956	Han45	Py64	A	B	0.4145168662071228
11957	Han45	Py66	A	B	0.4136426448822021
11958	Han45	Py68	A	B	0.417072057723999
11959	Han45	Py70	A	B	0.4062063097953796
11960	Han45	Py72	A	B	0.4120006859302521
11961	Han45	Py79	A	B	0.2534963190555573
11962	Han45	Py81	A	B	0.2480503916740417
11963	Han45	Py83	A	B	0.1622785776853561
11964	Han45	Py85	A	B	0.1664996296167374
11965	Han45	Py87	A	B	0.2303078472614288
11966	Han45	P1extneg	A	B	0.4298107326030731
11967	Han45	P1NTC2	A	B	0.6254515647888184
11968	Han45	P1PCRpos	A	B	0.5229308009147644
11969	Han45	HR02	A	B	0.4246333241462708
11970	Han45	HR06	A	B	0.4388902485370636
11971	Han45	HR08	A	B	0.426417350769043
11972	Han45	HR10	A	B	0.4202646613121033
11973	Han45	HR12	A	B	0.4836337268352509
11974	Han45	HR18	A	B	0.4277773499488831
11975	Han45	HR20	A	B	0.456254631280899
11976	Han45	HR22	A	B	0.4159922897815704
11977	Han45	HR24	A	B	0.4674644768238068
11978	Han45	HR30	A	B	0.5414639115333557
11979	Han45	HR36	A	B	0.5077065229415894
11980	Han45	HR38	A	B	0.5278719663619995
11981	Han45	HR42	A	B	0.5123512148857117
11982	Han45	HR57	A	B	0.4013542532920837
11983	Han45	HR59	A	B	0.5094286203384399
11984	Han45	HR61	A	B	0.5599573850631714
11985	Han45	HR67	A	B	0.5499459505081177
11986	Han45	HR71	A	B	0.7824070453643799
11987	Han45	H1	A	B	0.5330196619033813
11988	Han45	H8	A	B	0.4147420823574066
11989	Han45	H12	A	B	0.5266755223274231
11990	Han45	H16	A	B	0.5330747961997986
11991	Han45	P2PCRpos	A	B	0.5208889842033386
11992	Han45	Han02	A	B	0.1445831805467606
11993	Han45	Han04	A	B	0.3923264741897583
11994	Han45	Han06	A	B	0.05233712121844292
11995	Han45	Han08	A	B	0.4133057594299316
11996	Han45	Han10	A	B	0.1432053297758102
11997	Han45	Han12	A	B	0.4782998263835907
11998	Han45	Han14	A	B	0.1119834259152412
11999	Han45	Han16	A	B	0.04053705558180809
12000	Han45	Han18	A	B	0.07189014554023743
12001	Han45	Han20	A	B	0.0779447928071022
12002	Han45	Han22	A	B	0.2414254546165466
12003	Han45	Han26	A	B	0.3899224400520325
12004	Han45	Han28	A	B	0.2849903702735901
12005	Han45	Han30	A	B	0.2903625667095184
12006	Han45	Han32	A	B	0.2229793518781662
12007	Han45	Han34	A	B	0.3903900384902954
12008	Han45	Han36	A	B	0.3462633192539215
12009	Han45	Han38	A	B	0.4081974625587463
12010	Han45	Han40	A	B	0.3571352064609528
12011	Han45	Han42	A	B	0.3499676883220673
12012	Han45	Han44	A	B	0.3948694467544556
12013	Han45	Han46	A	B	0.05700967460870743
12014	Han45	Han48	A	B	0.3348385691642761
12015	Han45	P3PCRpos	A	B	0.521986186504364
12016	Han47	Py2	A	B	0.4292105436325073
12017	Han47	Py4	A	B	0.4372110962867737
12018	Han47	Py6	A	B	0.4588154852390289
12019	Han47	Py8	A	B	0.466597706079483
12020	Han47	Py10	A	B	0.4779708683490753
12021	Han47	Py12	A	B	0.4468006491661072
12022	Han47	Py14	A	B	0.5034186840057373
12023	Han47	Py16	A	B	0.4554976224899292
12024	Han47	Py18	A	B	0.5057603120803833
12025	Han47	Py20	A	B	0.5169898867607117
12026	Han47	Py22	A	B	0.5046019554138184
12027	Han47	Py24	A	B	0.5175232887268066
12028	Han47	Py26	A	B	0.4380128979682922
12029	Han47	Py28	A	B	0.4575802385807037
12030	Han47	Py30	A	B	0.4566353261470795
12031	Han47	Py32	A	B	0.45423224568367
12032	Han47	Py34	A	B	0.4438101351261139
12033	Han47	Py36	A	B	0.4447565674781799
12034	Han47	Py38	A	B	0.389603316783905
12035	Han47	Py40	A	B	0.4282597005367279
12036	Han47	Py42	A	B	0.421876847743988
12037	Han47	Py44	A	B	0.4527460038661957
12038	Han47	Py46	A	B	0.4517537653446198
12039	Han47	Py48	A	B	0.4671325981616974
12040	Han47	Py52	A	B	0.3961231410503387
12041	Han47	Py54	A	B	0.4632101953029633
12042	Han47	Py56	A	B	0.4774654507637024
12043	Han47	Py58	A	B	0.4798492789268494
12044	Han47	Py62	A	B	0.4269406497478485
12045	Han47	Py64	A	B	0.4159867167472839
12046	Han47	Py66	A	B	0.4129071235656738
12047	Han47	Py68	A	B	0.4201367795467377
12048	Han47	Py70	A	B	0.4050107002258301
12049	Han47	Py72	A	B	0.4074382781982422
12050	Han47	Py79	A	B	0.3998306393623352
12051	Han47	Py81	A	B	0.4588170647621155
12052	Han47	Py83	A	B	0.4432679414749146
12053	Han47	Py85	A	B	0.438521146774292
12054	Han47	Py87	A	B	0.425599217414856
12055	Han47	P1extneg	A	B	0.5364368557929993
12056	Han47	P1NTC2	A	B	0.6526025533676147
12057	Han47	P1PCRpos	A	B	0.5635435581207275
12058	Han47	HR02	A	B	0.4900356233119965
12059	Han47	HR06	A	B	0.5016797780990601
12060	Han47	HR08	A	B	0.5378029942512512
12061	Han47	HR10	A	B	0.5084474086761475
12062	Han47	HR12	A	B	0.5532307028770447
12063	Han47	HR18	A	B	0.502778172492981
12064	Han47	HR20	A	B	0.4871006011962891
12065	Han47	HR22	A	B	0.4875620603561401
12066	Han47	HR24	A	B	0.5132535696029663
12067	Han47	HR30	A	B	0.6032989025115967
12068	Han47	HR36	A	B	0.5417917966842651
12069	Han47	HR38	A	B	0.5814117193222046
12070	Han47	HR42	A	B	0.5925583839416504
12071	Han47	HR57	A	B	0.5453826189041138
12072	Han47	HR59	A	B	0.5677392482757568
12073	Han47	HR61	A	B	0.6240177154541016
12074	Han47	HR67	A	B	0.6282790899276733
12075	Han47	HR71	A	B	0.8569216132164001
12076	Han47	H1	A	B	0.5944597721099854
12077	Han47	H8	A	B	0.501021146774292
12078	Han47	H12	A	B	0.5952141284942627
12079	Han47	H16	A	B	0.591420590877533
12080	Han47	P2PCRpos	A	B	0.5616252422332764
12081	Han47	Han02	A	B	0.3898611664772034
12082	Han47	Han04	A	B	0.2658803462982178
12083	Han47	Han06	A	B	0.4597342610359192
12084	Han47	Han08	A	B	0.152191162109375
12085	Han47	Han10	A	B	0.3553661704063416
12086	Han47	Han12	A	B	0.2358456552028656
12087	Han47	Han14	A	B	0.4238675236701965
12088	Han47	Han16	A	B	0.4523085355758667
12089	Han47	Han18	A	B	0.4412665665149689
12090	Han47	Han20	A	B	0.3978590965270996
12091	Han47	Han22	A	B	0.3044319152832031
12092	Han47	Han26	A	B	0.2116582691669464
12093	Han47	Han28	A	B	0.2097960263490677
12094	Han47	Han30	A	B	0.1972519755363464
12095	Han47	Han32	A	B	0.3402347266674042
12096	Han47	Han34	A	B	0.1083912178874016
12097	Han47	Han36	A	B	0.1382776349782944
12098	Han47	Han38	A	B	0.1570479273796082
12099	Han47	Han40	A	B	0.1887740790843964
12100	Han47	Han42	A	B	0.1270318627357483
12101	Han47	Han44	A	B	0.09285152703523636
12102	Han47	Han46	A	B	0.4768431782722473
12103	Han47	Han48	A	B	0.1798647940158844
12104	Han47	P3PCRpos	A	B	0.5627158284187317
12105	Han51	Py2	A	B	0.3824425637722015
12106	Han51	Py4	A	B	0.3861613571643829
12107	Han51	Py6	A	B	0.3757958114147186
12108	Han51	Py8	A	B	0.4048373401165009
12109	Han51	Py10	A	B	0.4120150208473206
12110	Han51	Py12	A	B	0.3918551802635193
12111	Han51	Py14	A	B	0.4215242862701416
12112	Han51	Py16	A	B	0.3973349332809448
12113	Han51	Py18	A	B	0.4263228178024292
12114	Han51	Py20	A	B	0.4294770359992981
12115	Han51	Py22	A	B	0.4217471480369568
12116	Han51	Py24	A	B	0.4104690849781036
12117	Han51	Py26	A	B	0.3861202895641327
12118	Han51	Py28	A	B	0.3903648257255554
12119	Han51	Py30	A	B	0.3923718631267548
12120	Han51	Py32	A	B	0.3901888728141785
12121	Han51	Py34	A	B	0.3891656100749969
12122	Han51	Py36	A	B	0.3880281746387482
12123	Han51	Py38	A	B	0.3706750869750977
12124	Han51	Py40	A	B	0.3830575048923492
12125	Han51	Py42	A	B	0.3741859495639801
12126	Han51	Py44	A	B	0.3990654349327087
12127	Han51	Py46	A	B	0.3979628384113312
12128	Han51	Py48	A	B	0.4093594551086426
12129	Han51	Py52	A	B	0.3762638866901398
12130	Han51	Py54	A	B	0.3946255147457123
12131	Han51	Py56	A	B	0.401606410741806
12132	Han51	Py58	A	B	0.4039418995380402
12133	Han51	Py62	A	B	0.3599812686443329
12134	Han51	Py64	A	B	0.3616265058517456
12135	Han51	Py66	A	B	0.3599346876144409
12136	Han51	Py68	A	B	0.3637541532516479
12137	Han51	Py70	A	B	0.3653314709663391
12138	Han51	Py72	A	B	0.3625120520591736
12139	Han51	Py79	A	B	0.3371205925941467
12140	Han51	Py81	A	B	0.2782624959945679
12141	Han51	Py83	A	B	0.2849397659301758
12142	Han51	Py85	A	B	0.2838062644004822
12143	Han51	Py87	A	B	0.309773713350296
12144	Han51	P1extneg	A	B	0.4112354516983032
12145	Han51	P1NTC2	A	B	0.453705221414566
12146	Han51	P1PCRpos	A	B	0.4238464534282684
12147	Han51	HR02	A	B	0.4193243086338043
12148	Han51	HR06	A	B	0.4223994612693787
12149	Han51	HR08	A	B	0.4090564846992493
12150	Han51	HR10	A	B	0.4200133681297302
12151	Han51	HR12	A	B	0.4710589349269867
12152	Han51	HR18	A	B	0.4293086230754852
12153	Han51	HR20	A	B	0.4651796817779541
12154	Han51	HR22	A	B	0.4202356934547424
12155	Han51	HR24	A	B	0.4645896852016449
12156	Han51	HR30	A	B	0.5422376990318298
12157	Han51	HR36	A	B	0.4613446295261383
12158	Han51	HR38	A	B	0.5362328290939331
12159	Han51	HR42	A	B	0.5146837830543518
12160	Han51	HR57	A	B	0.4171379506587982
12161	Han51	HR59	A	B	0.4994487762451172
12162	Han51	HR61	A	B	0.5603153109550476
12163	Han51	HR67	A	B	0.5504021048545837
12164	Han51	HR71	A	B	0.7789334654808044
12165	Han51	H1	A	B	0.5415704250335693
12166	Han51	H8	A	B	0.4144294559955597
12167	Han51	H12	A	B	0.5377347469329834
12168	Han51	H16	A	B	0.548570990562439
12169	Han51	P2PCRpos	A	B	0.410180926322937
12170	Han51	Han02	A	B	0.3257097601890564
12171	Han51	Han04	A	B	0.4025926887989044
12172	Han51	Han06	A	B	0.3438692390918732
12173	Han51	Han08	A	B	0.4786803126335144
12174	Han51	Han10	A	B	0.3379078507423401
12175	Han51	Han12	A	B	0.4969342350959778
12176	Han51	Han14	A	B	0.3127973079681396
12177	Han51	Han16	A	B	0.3365931510925293
12178	Han51	Han18	A	B	0.3390353918075562
12179	Han51	Han20	A	B	0.3332256972789764
12180	Han51	Han22	A	B	0.3086513578891754
12181	Han51	Han26	A	B	0.4523939192295074
12182	Han51	Han28	A	B	0.3983464241027832
12183	Han51	Han30	A	B	0.4105158448219299
12184	Han51	Han32	A	B	0.31341752409935
12185	Han51	Han34	A	B	0.4735974371433258
12186	Han51	Han36	A	B	0.4476830363273621
12187	Han51	Han38	A	B	0.470597505569458
12188	Han51	Han40	A	B	0.4510766267776489
12189	Han51	Han42	A	B	0.4541584849357605
12190	Han51	Han44	A	B	0.4862899482250214
12191	Han51	Han46	A	B	0.3367415070533752
12192	Han51	Han48	A	B	0.4157499670982361
12193	Han51	P3PCRpos	A	B	0.4118645787239075
0	Py4	Py2	B	B	0.02347416430711746
1	Py6	Py2	B	B	0.0930817499756813
2	Py6	Py4	B	B	0.08967351168394089
3	Py8	Py2	B	B	0.0628514513373375
4	Py8	Py4	B	B	0.04948993399739265
5	Py8	Py6	B	B	0.07176107913255692
6	Py10	Py2	B	B	0.08385814726352692
7	Py10	Py4	B	B	0.0732075423002243
8	Py10	Py6	B	B	0.0645909458398819
9	Py10	Py8	B	B	0.03009564056992531
10	Py12	Py2	B	B	0.06202511861920357
11	Py12	Py4	B	B	0.0566258430480957
12	Py12	Py6	B	B	0.1019669473171234
13	Py12	Py8	B	B	0.05644339323043823
14	Py12	Py10	B	B	0.07825607061386108
15	Py14	Py2	B	B	0.1394325643777847
16	Py14	Py4	B	B	0.1297710537910461
17	Py14	Py6	B	B	0.1065815836191177
18	Py14	Py8	B	B	0.09022600203752518
19	Py14	Py10	B	B	0.0666118860244751
20	Py14	Py12	B	B	0.1248146444559097
21	Py16	Py2	B	B	0.0471438467502594
22	Py16	Py4	B	B	0.03939254581928253
23	Py16	Py6	B	B	0.07889271527528763
24	Py16	Py8	B	B	0.02489586733281612
25	Py16	Py10	B	B	0.04877711087465286
26	Py16	Py12	B	B	0.0459953248500824
27	Py16	Py14	B	B	0.1042141616344452
28	Py18	Py2	B	B	0.1477558463811874
29	Py18	Py4	B	B	0.1406877636909485
30	Py18	Py6	B	B	0.1136318147182465
31	Py18	Py8	B	B	0.0980522409081459
32	Py18	Py10	B	B	0.07287217676639557
33	Py18	Py12	B	B	0.1321665644645691
34	Py18	Py14	B	B	0.03636311739683151
35	Py18	Py16	B	B	0.1073117032647133
36	Py20	Py2	B	B	0.1705301851034164
37	Py20	Py4	B	B	0.1630240082740784
38	Py20	Py6	B	B	0.1328197568655014
39	Py20	Py8	B	B	0.120124414563179
40	Py20	Py10	B	B	0.09482906758785248
41	Py20	Py12	B	B	0.1546917259693146
42	Py20	Py14	B	B	0.04547065496444702
43	Py20	Py16	B	B	0.1315121948719025
44	Py20	Py18	B	B	0.02736186608672142
45	Py22	Py2	B	B	0.1464678645133972
46	Py22	Py4	B	B	0.13946533203125
47	Py22	Py6	B	B	0.1160223931074142
48	Py22	Py8	B	B	0.09732238948345184
49	Py22	Py10	B	B	0.07438215613365173
50	Py22	Py12	B	B	0.1307800561189651
51	Py22	Py14	B	B	0.03149009123444557
52	Py22	Py16	B	B	0.1082752496004105
53	Py22	Py18	B	B	0.01749385707080364
54	Py22	Py20	B	B	0.02672673389315605
55	Py24	Py2	B	B	0.1805404424667358
56	Py24	Py4	B	B	0.1718202531337738
57	Py24	Py6	B	B	0.1508190631866455
58	Py24	Py8	B	B	0.1368509232997894
59	Py24	Py10	B	B	0.115514874458313
60	Py24	Py12	B	B	0.1635688543319702
61	Py24	Py14	B	B	0.07461478561162949
62	Py24	Py16	B	B	0.1506456285715103
63	Py24	Py18	B	B	0.08863553404808044
64	Py24	Py20	B	B	0.06955277174711227
65	Py24	Py22	B	B	0.0788167417049408
66	Py26	Py2	B	B	0.04079396650195122
67	Py26	Py4	B	B	0.03422021493315697
68	Py26	Py6	B	B	0.09175674617290497
69	Py26	Py8	B	B	0.05534255877137184
70	Py26	Py10	B	B	0.08118326961994171
71	Py26	Py12	B	B	0.05206799507141113
72	Py26	Py14	B	B	0.13748699426651
73	Py26	Py16	B	B	0.04510510340332985
74	Py26	Py18	B	B	0.1443482786417007
75	Py26	Py20	B	B	0.1674571633338928
76	Py26	Py22	B	B	0.1446026414632797
77	Py26	Py24	B	B	0.1828033030033112
78	Py28	Py2	B	B	0.06762344390153885
79	Py28	Py4	B	B	0.04922005534172058
80	Py28	Py6	B	B	0.07718326896429062
81	Py28	Py8	B	B	0.04835465550422668
82	Py28	Py10	B	B	0.06579655408859253
83	Py28	Py12	B	B	0.06734984368085861
84	Py28	Py14	B	B	0.1059052795171738
85	Py28	Py16	B	B	0.05218281224370003
86	Py28	Py18	B	B	0.1195413395762444
87	Py28	Py20	B	B	0.1389181613922119
88	Py28	Py22	B	B	0.1183723360300064
89	Py28	Py24	B	B	0.157928079366684
90	Py28	Py26	B	B	0.04128332436084747
91	Py30	Py2	B	B	0.07309255003929138
92	Py30	Py4	B	B	0.05596783757209778
93	Py30	Py6	B	B	0.09090293198823929
94	Py30	Py8	B	B	0.05131079629063606
95	Py30	Py10	B	B	0.0731213241815567
96	Py30	Py12	B	B	0.05848270282149315
97	Py30	Py14	B	B	0.1224188283085823
98	Py30	Py16	B	B	0.05429811775684357
99	Py30	Py18	B	B	0.1255800127983093
100	Py30	Py20	B	B	0.1461051553487778
101	Py30	Py22	B	B	0.1257534623146057
102	Py30	Py24	B	B	0.1669899672269821
103	Py30	Py26	B	B	0.04376300051808357
104	Py30	Py28	B	B	0.02899353392422199
105	Py32	Py2	B	B	0.0736461952328682
106	Py32	Py4	B	B	0.05820973217487335
107	Py32	Py6	B	B	0.09768657386302948
108	Py32	Py8	B	B	0.05501588061451912
109	Py32	Py10	B	B	0.07608076184988022
110	Py32	Py12	B	B	0.05482777953147888
111	Py32	Py14	B	B	0.1251878440380096
112	Py32	Py16	B	B	0.05926448851823807
113	Py32	Py18	B	B	0.1310684233903885
114	Py32	Py20	B	B	0.1514828503131866
115	Py32	Py22	B	B	0.1314262598752975
116	Py32	Py24	B	B	0.1718003898859024
117	Py32	Py26	B	B	0.04221225157380104
118	Py32	Py28	B	B	0.03145591914653778
119	Py32	Py30	B	B	0.01220471505075693
120	Py34	Py2	B	B	0.0509612150490284
121	Py34	Py4	B	B	0.04030881077051163
122	Py34	Py6	B	B	0.08956876397132874
123	Py34	Py8	B	B	0.05157554149627686
124	Py34	Py10	B	B	0.07587267458438873
125	Py34	Py12	B	B	0.05378910154104233
126	Py34	Py14	B	B	0.1366584450006485
127	Py34	Py16	B	B	0.04621400311589241
128	Py34	Py18	B	B	0.1406712085008621
129	Py34	Py20	B	B	0.1619855463504791
130	Py34	Py22	B	B	0.1416659206151962
131	Py34	Py24	B	B	0.182917058467865
132	Py34	Py26	B	B	0.01866591162979603
133	Py34	Py28	B	B	0.03867364302277565
134	Py34	Py30	B	B	0.03235844522714615
135	Py34	Py32	B	B	0.03005087375640869
136	Py36	Py2	B	B	0.05273719131946564
137	Py36	Py4	B	B	0.04228343814611435
138	Py36	Py6	B	B	0.08958791196346283
139	Py36	Py8	B	B	0.05653860047459602
140	Py36	Py10	B	B	0.07619383186101913
141	Py36	Py12	B	B	0.05271268635988235
142	Py36	Py14	B	B	0.1347858011722565
143	Py36	Py16	B	B	0.04823395237326622
144	Py36	Py18	B	B	0.1397524327039719
145	Py36	Py20	B	B	0.1610066592693329
146	Py36	Py22	B	B	0.1417511105537415
147	Py36	Py24	B	B	0.1818060427904129
148	Py36	Py26	B	B	0.02234552055597305
149	Py36	Py28	B	B	0.0372932143509388
150	Py36	Py30	B	B	0.03467601537704468
151	Py36	Py32	B	B	0.03045392036437988
152	Py36	Py34	B	B	0.01172858476638794
153	Py38	Py2	B	B	0.1105865687131882
154	Py38	Py4	B	B	0.1212844625115395
155	Py38	Py6	B	B	0.192642480134964
156	Py38	Py8	B	B	0.1606614738702774
157	Py38	Py10	B	B	0.1834775060415268
158	Py38	Py12	B	B	0.1324071884155273
159	Py38	Py14	B	B	0.2346721142530441
160	Py38	Py16	B	B	0.1445191502571106
161	Py38	Py18	B	B	0.243119478225708
162	Py38	Py20	B	B	0.2652608752250671
163	Py38	Py22	B	B	0.2402473986148834
164	Py38	Py24	B	B	0.2713775336742401
165	Py38	Py26	B	B	0.12120021879673
166	Py38	Py28	B	B	0.1507314890623093
167	Py38	Py30	B	B	0.1511734277009964
168	Py38	Py32	B	B	0.144296795129776
169	Py38	Py34	B	B	0.1300724297761917
170	Py38	Py36	B	B	0.1307510882616043
171	Py40	Py2	B	B	0.08227960020303726
172	Py40	Py4	B	B	0.08013542741537094
173	Py40	Py6	B	B	0.1458773463964462
174	Py40	Py8	B	B	0.1044808104634285
175	Py40	Py10	B	B	0.1256635189056396
176	Py40	Py12	B	B	0.08667483180761337
177	Py40	Py14	B	B	0.1786745637655258
178	Py40	Py16	B	B	0.09801894426345825
179	Py40	Py18	B	B	0.1847085058689117
180	Py40	Py20	B	B	0.2087954878807068
181	Py40	Py22	B	B	0.1870556771755219
182	Py40	Py24	B	B	0.2175892293453217
183	Py40	Py26	B	B	0.08223181962966919
184	Py40	Py28	B	B	0.1046382859349251
185	Py40	Py30	B	B	0.098642498254776
186	Py40	Py32	B	B	0.0958256870508194
187	Py40	Py34	B	B	0.08595890551805496
188	Py40	Py36	B	B	0.08969186991453171
189	Py40	Py38	B	B	0.089210145175457
190	Py42	Py2	B	B	0.1021998152136803
191	Py42	Py4	B	B	0.09767273813486099
192	Py42	Py6	B	B	0.154751643538475
193	Py42	Py8	B	B	0.1196490302681923
194	Py42	Py10	B	B	0.1393681615591049
195	Py42	Py12	B	B	0.1130432486534119
196	Py42	Py14	B	B	0.1942057460546494
197	Py42	Py16	B	B	0.1192137449979782
198	Py42	Py18	B	B	0.2016313225030899
199	Py42	Py20	B	B	0.2226777374744415
200	Py42	Py22	B	B	0.200904369354248
201	Py42	Py24	B	B	0.2349407970905304
202	Py42	Py26	B	B	0.1010397970676422
203	Py42	Py28	B	B	0.1162441670894623
204	Py42	Py30	B	B	0.1129228323698044
205	Py42	Py32	B	B	0.1090135872364044
206	Py42	Py34	B	B	0.1027462407946587
207	Py42	Py36	B	B	0.1048671007156372
208	Py42	Py38	B	B	0.08155019581317902
209	Py42	Py40	B	B	0.05507220700383186
210	Py44	Py2	B	B	0.08470390737056732
211	Py44	Py4	B	B	0.07957348227500916
212	Py44	Py6	B	B	0.1093767806887627
213	Py44	Py8	B	B	0.0704551413655281
214	Py44	Py10	B	B	0.08563318848609924
215	Py44	Py12	B	B	0.08748575299978256
216	Py44	Py14	B	B	0.1293069869279861
217	Py44	Py16	B	B	0.0768166109919548
218	Py44	Py18	B	B	0.135802835226059
219	Py44	Py20	B	B	0.1601381748914719
220	Py44	Py22	B	B	0.1398036628961563
221	Py44	Py24	B	B	0.1691368967294693
222	Py44	Py26	B	B	0.09813634306192398
223	Py44	Py28	B	B	0.1017460599541664
224	Py44	Py30	B	B	0.1038883253931999
225	Py44	Py32	B	B	0.1084693968296051
226	Py44	Py34	B	B	0.1011160165071487
227	Py44	Py36	B	B	0.1049255058169365
228	Py44	Py38	B	B	0.1438523679971695
229	Py44	Py40	B	B	0.06589377671480179
230	Py44	Py42	B	B	0.09761299937963486
231	Py46	Py2	B	B	0.07802169024944305
232	Py46	Py4	B	B	0.07321511954069138
233	Py46	Py6	B	B	0.1055942699313164
234	Py46	Py8	B	B	0.06659500300884247
235	Py46	Py10	B	B	0.08199021965265274
236	Py46	Py12	B	B	0.08091788738965988
237	Py46	Py14	B	B	0.1268909424543381
238	Py46	Py16	B	B	0.06982295960187912
239	Py46	Py18	B	B	0.1337322741746902
240	Py46	Py20	B	B	0.1580805480480194
241	Py46	Py22	B	B	0.1372239887714386
242	Py46	Py24	B	B	0.1680815815925598
243	Py46	Py26	B	B	0.09256342053413391
244	Py46	Py28	B	B	0.09699433296918869
245	Py46	Py30	B	B	0.1001348197460175
246	Py46	Py32	B	B	0.1048266887664795
247	Py46	Py34	B	B	0.09668508172035217
248	Py46	Py36	B	B	0.09919321537017822
249	Py46	Py38	B	B	0.1422395706176758
250	Py46	Py40	B	B	0.06484514474868774
251	Py46	Py42	B	B	0.09600204229354858
252	Py46	Py44	B	B	0.01332462206482887
253	Py48	Py2	B	B	0.1269251108169556
254	Py48	Py4	B	B	0.1244414001703262
255	Py48	Py6	B	B	0.1320564150810242
256	Py48	Py8	B	B	0.1060988456010818
257	Py48	Py10	B	B	0.09462323784828186
258	Py48	Py12	B	B	0.1179457902908325
259	Py48	Py14	B	B	0.1104076653718948
260	Py48	Py16	B	B	0.1123079508543015
261	Py48	Py18	B	B	0.1244027689099312
262	Py48	Py20	B	B	0.1424475312232971
263	Py48	Py22	B	B	0.1258410513401031
264	Py48	Py24	B	B	0.1536333113908768
265	Py48	Py26	B	B	0.1419296711683273
266	Py48	Py28	B	B	0.1425336599349976
267	Py48	Py30	B	B	0.1476752758026123
268	Py48	Py32	B	B	0.1521387696266174
269	Py48	Py34	B	B	0.147699162364006
270	Py48	Py36	B	B	0.1476864963769913
271	Py48	Py38	B	B	0.1744813323020935
272	Py48	Py40	B	B	0.1056492179632187
273	Py48	Py42	B	B	0.1354731023311615
274	Py48	Py44	B	B	0.05924458056688309
275	Py48	Py46	B	B	0.06314677000045776
276	Py52	Py2	B	B	0.1258838325738907
277	Py52	Py4	B	B	0.1272487193346024
278	Py52	Py6	B	B	0.1981291919946671
279	Py52	Py8	B	B	0.1570824086666107
280	Py52	Py10	B	B	0.1800278425216675
281	Py52	Py12	B	B	0.1192155256867409
282	Py52	Py14	B	B	0.2351740896701813
283	Py52	Py16	B	B	0.1415283679962158
284	Py52	Py18	B	B	0.2401667237281799
285	Py52	Py20	B	B	0.2646842300891876
286	Py52	Py22	B	B	0.2424644529819489
287	Py52	Py24	B	B	0.2762123346328735
288	Py52	Py26	B	B	0.1258088648319244
289	Py52	Py28	B	B	0.1517435908317566
290	Py52	Py30	B	B	0.1427542567253113
291	Py52	Py32	B	B	0.1344344615936279
292	Py52	Py34	B	B	0.1259064823389053
293	Py52	Py36	B	B	0.1260803490877151
294	Py52	Py38	B	B	0.06611704081296921
295	Py52	Py40	B	B	0.0830262303352356
296	Py52	Py42	B	B	0.08400153368711472
297	Py52	Py44	B	B	0.1359522491693497
298	Py52	Py46	B	B	0.1336739659309387
299	Py52	Py48	B	B	0.1645770519971848
300	Py54	Py2	B	B	0.09134309738874435
301	Py54	Py4	B	B	0.08620373904705048
302	Py54	Py6	B	B	0.1044908091425896
303	Py54	Py8	B	B	0.06582297384738922
304	Py54	Py10	B	B	0.07239209115505219
305	Py54	Py12	B	B	0.08064015954732895
306	Py54	Py14	B	B	0.09760015457868576
307	Py54	Py16	B	B	0.07109807431697845
308	Py54	Py18	B	B	0.1064887791872025
309	Py54	Py20	B	B	0.1286609917879105
310	Py54	Py22	B	B	0.1081884056329727
311	Py54	Py24	B	B	0.1411688625812531
312	Py54	Py26	B	B	0.09984045475721359
313	Py54	Py28	B	B	0.0854303389787674
314	Py54	Py30	B	B	0.09528051316738129
315	Py54	Py32	B	B	0.09897024929523468
316	Py54	Py34	B	B	0.1052771657705307
317	Py54	Py36	B	B	0.1045856177806854
318	Py54	Py38	B	B	0.165027067065239
319	Py54	Py40	B	B	0.09878911823034286
320	Py54	Py42	B	B	0.1176270991563797
321	Py54	Py44	B	B	0.05348310619592667
322	Py54	Py46	B	B	0.04627446085214615
323	Py54	Py48	B	B	0.07206016033887863
324	Py54	Py52	B	B	0.1511256694793701
325	Py56	Py2	B	B	0.1223866268992424
326	Py56	Py4	B	B	0.1173401549458504
327	Py56	Py6	B	B	0.1223232299089432
328	Py56	Py8	B	B	0.0952339917421341
329	Py56	Py10	B	B	0.08237182348966599
330	Py56	Py12	B	B	0.1082336902618408
331	Py56	Py14	B	B	0.08524629473686218
332	Py56	Py16	B	B	0.1013226956129074
333	Py56	Py18	B	B	0.09897264093160629
334	Py56	Py20	B	B	0.1105597466230392
335	Py56	Py22	B	B	0.09130885452032089
336	Py56	Py24	B	B	0.121773824095726
337	Py56	Py26	B	B	0.1312072575092316
338	Py56	Py28	B	B	0.1164659336209297
339	Py56	Py30	B	B	0.1262531131505966
340	Py56	Py32	B	B	0.1299978196620941
341	Py56	Py34	B	B	0.1362825334072113
342	Py56	Py36	B	B	0.1355617195367813
343	Py56	Py38	B	B	0.1937118768692017
344	Py56	Py40	B	B	0.1267403811216354
345	Py56	Py42	B	B	0.1501353830099106
346	Py56	Py44	B	B	0.07990779727697372
347	Py56	Py46	B	B	0.07510598003864288
348	Py56	Py48	B	B	0.06437802314758301
349	Py56	Py52	B	B	0.183228000998497
350	Py56	Py54	B	B	0.03625497967004776
351	Py58	Py2	B	B	0.1259430199861526
352	Py58	Py4	B	B	0.1205418109893799
353	Py58	Py6	B	B	0.1231187060475349
354	Py58	Py8	B	B	0.09931442886590958
355	Py58	Py10	B	B	0.08558741956949234
356	Py58	Py12	B	B	0.1123194321990013
357	Py58	Py14	B	B	0.08293832093477249
358	Py58	Py16	B	B	0.105418935418129
359	Py58	Py18	B	B	0.09638970345258713
360	Py58	Py20	B	B	0.1096717864274979
361	Py58	Py22	B	B	0.09045322984457016
362	Py58	Py24	B	B	0.121569462120533
363	Py58	Py26	B	B	0.1351624727249146
364	Py58	Py28	B	B	0.1206288710236549
365	Py58	Py30	B	B	0.1302069127559662
366	Py58	Py32	B	B	0.1341350674629211
367	Py58	Py34	B	B	0.1405922770500183
368	Py58	Py36	B	B	0.1399803161621094
369	Py58	Py38	B	B	0.2003521323204041
370	Py58	Py40	B	B	0.1322292387485504
371	Py58	Py42	B	B	0.1550320982933044
372	Py58	Py44	B	B	0.08562536537647247
373	Py58	Py46	B	B	0.08134356886148453
374	Py58	Py48	B	B	0.06540979444980621
375	Py58	Py52	B	B	0.1879411637783051
376	Py58	Py54	B	B	0.04046965390443802
377	Py58	Py56	B	B	0.01348758582025766
378	Py62	Py2	B	B	0.09546733647584915
379	Py62	Py4	B	B	0.0881146490573883
380	Py62	Py6	B	B	0.1531299650669098
381	Py62	Py8	B	B	0.1097416654229164
382	Py62	Py10	B	B	0.1331935077905655
383	Py62	Py12	B	B	0.1041257455945015
384	Py62	Py14	B	B	0.1667276173830032
385	Py62	Py16	B	B	0.1108535900712013
386	Py62	Py18	B	B	0.183570384979248
387	Py62	Py20	B	B	0.1947330236434937
388	Py62	Py22	B	B	0.173616424202919
389	Py62	Py24	B	B	0.2013414800167084
390	Py62	Py26	B	B	0.09135081619024277
391	Py62	Py28	B	B	0.09065239876508713
392	Py62	Py30	B	B	0.09394913166761398
393	Py62	Py32	B	B	0.08938241750001907
394	Py62	Py34	B	B	0.09516005963087082
395	Py62	Py36	B	B	0.09571301937103271
396	Py62	Py38	B	B	0.08752384781837463
397	Py62	Py40	B	B	0.06744490563869476
398	Py62	Py42	B	B	0.05576737225055695
399	Py62	Py44	B	B	0.1019392088055611
400	Py62	Py46	B	B	0.09984888136386871
401	Py62	Py48	B	B	0.1401529312133789
402	Py62	Py52	B	B	0.0861634761095047
403	Py62	Py54	B	B	0.1053637564182281
404	Py62	Py56	B	B	0.130083903670311
405	Py62	Py58	B	B	0.1341472268104553
406	Py64	Py2	B	B	0.1093369424343109
407	Py64	Py4	B	B	0.1045606285333633
408	Py64	Py6	B	B	0.1672718971967697
409	Py64	Py8	B	B	0.1270405203104019
410	Py64	Py10	B	B	0.1477386355400085
411	Py64	Py12	B	B	0.1027359962463379
412	Py64	Py14	B	B	0.1861797571182251
413	Py64	Py16	B	B	0.1216476559638977
414	Py64	Py18	B	B	0.1961318254470825
415	Py64	Py20	B	B	0.2152040898799896
416	Py64	Py22	B	B	0.1933897435665131
417	Py64	Py24	B	B	0.2237313985824585
418	Py64	Py26	B	B	0.1004433631896973
419	Py64	Py28	B	B	0.1067073792219162
420	Py64	Py30	B	B	0.100761279463768
421	Py64	Py32	B	B	0.09358986467123032
422	Py64	Py34	B	B	0.09938697516918182
423	Py64	Py36	B	B	0.09829087555408478
424	Py64	Py38	B	B	0.07326868921518326
425	Py64	Py40	B	B	0.06993377208709717
426	Py64	Py42	B	B	0.05662621930241585
427	Py64	Py44	B	B	0.1177615523338318
428	Py64	Py46	B	B	0.1159761026501656
429	Py64	Py48	B	B	0.1525314152240753
430	Py64	Py52	B	B	0.06869400292634964
431	Py64	Py54	B	B	0.1205694526433945
432	Py64	Py56	B	B	0.1524796932935715
433	Py64	Py58	B	B	0.1561791449785233
434	Py64	Py62	B	B	0.03253556787967682
435	Py66	Py2	B	B	0.1147792860865593
436	Py66	Py4	B	B	0.1114065200090408
437	Py66	Py6	B	B	0.1774193495512009
438	Py66	Py8	B	B	0.1354396343231201
439	Py66	Py10	B	B	0.1574615687131882
440	Py66	Py12	B	B	0.0989583283662796
441	Py66	Py14	B	B	0.1950269341468811
442	Py66	Py16	B	B	0.1256338655948639
443	Py66	Py18	B	B	0.2024741023778915
444	Py66	Py20	B	B	0.225136324763298
445	Py66	Py22	B	B	0.2032572329044342
446	Py66	Py24	B	B	0.2344427704811096
447	Py66	Py26	B	B	0.1071847528219223
448	Py66	Py28	B	B	0.1152488365769386
449	Py66	Py30	B	B	0.1083814799785614
450	Py66	Py32	B	B	0.0995585024356842
451	Py66	Py34	B	B	0.1072396337985992
452	Py66	Py36	B	B	0.105373427271843
453	Py66	Py38	B	B	0.06730972975492477
454	Py66	Py40	B	B	0.07526329904794693
455	Py66	Py42	B	B	0.06636432558298111
456	Py66	Py44	B	B	0.1233719885349274
457	Py66	Py46	B	B	0.1217972859740257
458	Py66	Py48	B	B	0.1564408540725708
459	Py66	Py52	B	B	0.05535715073347092
460	Py66	Py54	B	B	0.1245802938938141
461	Py66	Py56	B	B	0.1572720259428024
462	Py66	Py58	B	B	0.1608264297246933
463	Py66	Py62	B	B	0.0432901531457901
464	Py66	Py64	B	B	0.01902399584650993
465	Py68	Py2	B	B	0.09380864351987839
466	Py68	Py4	B	B	0.08623987436294556
467	Py68	Py6	B	B	0.1444083750247955
468	Py68	Py8	B	B	0.1076919510960579
469	Py68	Py10	B	B	0.1280317008495331
470	Py68	Py12	B	B	0.1079226806759834
471	Py68	Py14	B	B	0.1627857536077499
472	Py68	Py16	B	B	0.1090331301093102
473	Py68	Py18	B	B	0.1828654706478119
474	Py68	Py20	B	B	0.201235830783844
475	Py68	Py22	B	B	0.1785163581371307
476	Py68	Py24	B	B	0.207105278968811
477	Py68	Py26	B	B	0.09148014336824417
478	Py68	Py28	B	B	0.08296020328998566
479	Py68	Py30	B	B	0.09372854977846146
480	Py68	Py32	B	B	0.08786722272634506
481	Py68	Py34	B	B	0.0939691960811615
482	Py68	Py36	B	B	0.09416714310646057
483	Py68	Py38	B	B	0.08634790033102036
484	Py68	Py40	B	B	0.07304280251264572
485	Py68	Py42	B	B	0.06136094033718109
486	Py68	Py44	B	B	0.1060805320739746
487	Py68	Py46	B	B	0.1045206114649773
488	Py68	Py48	B	B	0.1441129595041275
489	Py68	Py52	B	B	0.09039835631847382
490	Py68	Py54	B	B	0.1099465936422348
491	Py68	Py56	B	B	0.1407518833875656
492	Py68	Py58	B	B	0.1443419307470322
493	Py68	Py62	B	B	0.02105258777737617
494	Py68	Py64	B	B	0.03681229054927826
495	Py68	Py66	B	B	0.05000730231404305
496	Py70	Py2	B	B	0.1019825637340546
497	Py70	Py4	B	B	0.09705861657857895
498	Py70	Py6	B	B	0.1606225818395615
499	Py70	Py8	B	B	0.1204732581973076
500	Py70	Py10	B	B	0.1413279920816422
501	Py70	Py12	B	B	0.09029889851808548
502	Py70	Py14	B	B	0.185303807258606
503	Py70	Py16	B	B	0.1157540008425713
504	Py70	Py18	B	B	0.1966790705919266
505	Py70	Py20	B	B	0.218042403459549
506	Py70	Py22	B	B	0.195642501115799
507	Py70	Py24	B	B	0.224469929933548
508	Py70	Py26	B	B	0.09491123259067535
509	Py70	Py28	B	B	0.102918304502964
510	Py70	Py30	B	B	0.0932159274816513
511	Py70	Py32	B	B	0.08441229164600372
512	Py70	Py34	B	B	0.09294813871383667
513	Py70	Py36	B	B	0.09087072312831879
514	Py70	Py38	B	B	0.07429689168930054
515	Py70	Py40	B	B	0.0722745805978775
516	Py70	Py42	B	B	0.07491385191679001
517	Py70	Py44	B	B	0.1184215322136879
518	Py70	Py46	B	B	0.1162554547190666
519	Py70	Py48	B	B	0.1562794595956802
520	Py70	Py52	B	B	0.0646589994430542
521	Py70	Py54	B	B	0.124411478638649
522	Py70	Py56	B	B	0.158022403717041
523	Py70	Py58	B	B	0.1616151481866837
524	Py70	Py62	B	B	0.0457112044095993
525	Py70	Py64	B	B	0.03302056342363358
526	Py70	Py66	B	B	0.03116522915661335
527	Py70	Py68	B	B	0.04172295331954956
528	Py72	Py2	B	B	0.1108642965555191
529	Py72	Py4	B	B	0.1066458225250244
530	Py72	Py6	B	B	0.1734122186899185
531	Py72	Py8	B	B	0.1334566175937653
532	Py72	Py10	B	B	0.1544765084981918
533	Py72	Py12	B	B	0.1070281788706779
534	Py72	Py14	B	B	0.1982852518558502
535	Py72	Py16	B	B	0.1256672292947769
536	Py72	Py18	B	B	0.2073312103748322
537	Py72	Py20	B	B	0.2288245409727097
538	Py72	Py22	B	B	0.2067008316516876
539	Py72	Py24	B	B	0.237059697508812
540	Py72	Py26	B	B	0.1040511429309845
541	Py72	Py28	B	B	0.1162724569439888
542	Py72	Py30	B	B	0.1078795194625854
543	Py72	Py32	B	B	0.1010628193616867
544	Py72	Py34	B	B	0.1035558134317398
545	Py72	Py36	B	B	0.1026166006922722
546	Py72	Py38	B	B	0.05942537263035774
547	Py72	Py40	B	B	0.07440745085477829
548	Py72	Py42	B	B	0.06274174153804779
549	Py72	Py44	B	B	0.124639667570591
550	Py72	Py46	B	B	0.1235939264297485
551	Py72	Py48	B	B	0.1598983108997345
552	Py72	Py52	B	B	0.06080431118607521
553	Py72	Py54	B	B	0.1323720365762711
554	Py72	Py56	B	B	0.1654804050922394
555	Py72	Py58	B	B	0.1691551506519318
556	Py72	Py62	B	B	0.04377280175685883
557	Py72	Py64	B	B	0.02002068981528282
558	Py72	Py66	B	B	0.0219123400747776
559	Py72	Py68	B	B	0.04511688649654388
560	Py72	Py70	B	B	0.02574043348431587
561	Py79	Py2	B	B	0.3202100396156311
562	Py79	Py4	B	B	0.3238821625709534
563	Py79	Py6	B	B	0.3115177750587463
564	Py79	Py8	B	B	0.3491050601005554
565	Py79	Py10	B	B	0.3576874136924744
566	Py79	Py12	B	B	0.3442055881023407
567	Py79	Py14	B	B	0.3733826279640198
568	Py79	Py16	B	B	0.3405709266662598
569	Py79	Py18	B	B	0.3760116100311279
570	Py79	Py20	B	B	0.3879793286323547
571	Py79	Py22	B	B	0.3767557144165039
572	Py79	Py24	B	B	0.3883258700370789
573	Py79	Py26	B	B	0.3266400098800659
574	Py79	Py28	B	B	0.3393010199069977
575	Py79	Py30	B	B	0.3412986993789673
576	Py79	Py32	B	B	0.3417943120002747
577	Py79	Py34	B	B	0.3322151601314545
578	Py79	Py36	B	B	0.3317692577838898
579	Py79	Py38	B	B	0.3197658061981201
580	Py79	Py40	B	B	0.3301866948604584
581	Py79	Py42	B	B	0.3184169828891754
582	Py79	Py44	B	B	0.3250596821308136
583	Py79	Py46	B	B	0.3252932727336884
584	Py79	Py48	B	B	0.3337174952030182
585	Py79	Py52	B	B	0.3340740203857422
586	Py79	Py54	B	B	0.3418003618717194
587	Py79	Py56	B	B	0.3560649752616882
588	Py79	Py58	B	B	0.3571874499320984
589	Py79	Py62	B	B	0.3204735517501831
590	Py79	Py64	B	B	0.3228365778923035
591	Py79	Py66	B	B	0.3274843096733093
592	Py79	Py68	B	B	0.3148223459720612
593	Py79	Py70	B	B	0.3178308606147766
594	Py79	Py72	B	B	0.3246949017047882
595	Py81	Py2	B	B	0.3245583772659302
596	Py81	Py4	B	B	0.329633355140686
597	Py81	Py6	B	B	0.3207714259624481
598	Py81	Py8	B	B	0.3550069332122803
599	Py81	Py10	B	B	0.3634176850318909
600	Py81	Py12	B	B	0.349153071641922
601	Py81	Py14	B	B	0.3788783550262451
602	Py81	Py16	B	B	0.3465095162391663
603	Py81	Py18	B	B	0.3842866122722626
604	Py81	Py20	B	B	0.3941376805305481
605	Py81	Py22	B	B	0.383786529302597
606	Py81	Py24	B	B	0.3948004841804504
607	Py81	Py26	B	B	0.3310820162296295
608	Py81	Py28	B	B	0.3454975187778473
609	Py81	Py30	B	B	0.347751796245575
610	Py81	Py32	B	B	0.3474772274494171
611	Py81	Py34	B	B	0.3363610506057739
612	Py81	Py36	B	B	0.3363932371139526
613	Py81	Py38	B	B	0.3123976290225983
614	Py81	Py40	B	B	0.318688690662384
615	Py81	Py42	B	B	0.3104482591152191
616	Py81	Py44	B	B	0.3249039649963379
617	Py81	Py46	B	B	0.3270321488380432
618	Py81	Py48	B	B	0.3262259662151337
619	Py81	Py52	B	B	0.323345810174942
620	Py81	Py54	B	B	0.3452810049057007
621	Py81	Py56	B	B	0.3590426743030548
622	Py81	Py58	B	B	0.3608269691467285
623	Py81	Py62	B	B	0.3144252598285675
624	Py81	Py64	B	B	0.3144298493862152
625	Py81	Py66	B	B	0.3180502355098724
626	Py81	Py68	B	B	0.310181200504303
627	Py81	Py70	B	B	0.3162640631198883
628	Py81	Py72	B	B	0.3169035911560059
629	Py81	Py79	B	B	0.09629705548286438
630	Py83	Py2	B	B	0.3586197197437286
631	Py83	Py4	B	B	0.365948349237442
632	Py83	Py6	B	B	0.3567712604999542
633	Py83	Py8	B	B	0.3917414247989655
634	Py83	Py10	B	B	0.4003086090087891
635	Py83	Py12	B	B	0.3776107132434845
636	Py83	Py14	B	B	0.4167996644973755
637	Py83	Py16	B	B	0.3833504915237427
638	Py83	Py18	B	B	0.4216149151325226
639	Py83	Py20	B	B	0.4342410862445831
640	Py83	Py22	B	B	0.42104372382164
641	Py83	Py24	B	B	0.4348062872886658
642	Py83	Py26	B	B	0.3645892143249512
643	Py83	Py28	B	B	0.3819485604763031
644	Py83	Py30	B	B	0.3838765919208527
645	Py83	Py32	B	B	0.3832444846630096
646	Py83	Py34	B	B	0.370336651802063
647	Py83	Py36	B	B	0.3698780834674835
648	Py83	Py38	B	B	0.3315960764884949
649	Py83	Py40	B	B	0.3509340584278107
650	Py83	Py42	B	B	0.343980610370636
651	Py83	Py44	B	B	0.361199289560318
652	Py83	Py46	B	B	0.3626416921615601
653	Py83	Py48	B	B	0.3679594099521637
654	Py83	Py52	B	B	0.3432895243167877
655	Py83	Py54	B	B	0.3816583454608917
656	Py83	Py56	B	B	0.3951921463012695
657	Py83	Py58	B	B	0.3970529139041901
658	Py83	Py62	B	B	0.3518329262733459
659	Py83	Py64	B	B	0.345468670129776
660	Py83	Py66	B	B	0.343684583902359
661	Py83	Py68	B	B	0.3490276038646698
662	Py83	Py70	B	B	0.338781327009201
663	Py83	Py72	B	B	0.34482342004776
664	Py83	Py79	B	B	0.1461132615804672
665	Py83	Py81	B	B	0.120555005967617
666	Py85	Py2	B	B	0.3512585461139679
667	Py85	Py4	B	B	0.3583742380142212
668	Py85	Py6	B	B	0.349146842956543
669	Py85	Py8	B	B	0.3842313885688782
670	Py85	Py10	B	B	0.3928037285804749
671	Py85	Py12	B	B	0.3703884780406952
672	Py85	Py14	B	B	0.4090999364852905
673	Py85	Py16	B	B	0.3756768107414246
674	Py85	Py18	B	B	0.4140297770500183
675	Py85	Py20	B	B	0.4267404973506927
676	Py85	Py22	B	B	0.4135996103286743
677	Py85	Py24	B	B	0.4273743629455566
678	Py85	Py26	B	B	0.357204794883728
679	Py85	Py28	B	B	0.3743416965007782
680	Py85	Py30	B	B	0.3763934969902039
681	Py85	Py32	B	B	0.375762939453125
682	Py85	Py34	B	B	0.36294224858284
683	Py85	Py36	B	B	0.3624962866306305
684	Py85	Py38	B	B	0.3311118185520172
685	Py85	Py40	B	B	0.350221574306488
686	Py85	Py42	B	B	0.3425758481025696
687	Py85	Py44	B	B	0.358744740486145
688	Py85	Py46	B	B	0.3585598468780518
689	Py85	Py48	B	B	0.3675859272480011
690	Py85	Py52	B	B	0.3454210162162781
691	Py85	Py54	B	B	0.375016987323761
692	Py85	Py56	B	B	0.3889133930206299
693	Py85	Py58	B	B	0.3906626105308533
694	Py85	Py62	B	B	0.3502720892429352
695	Py85	Py64	B	B	0.343897670507431
696	Py85	Py66	B	B	0.3424444198608398
697	Py85	Py68	B	B	0.3477059900760651
698	Py85	Py70	B	B	0.3362672924995422
699	Py85	Py72	B	B	0.3431404232978821
700	Py85	Py79	B	B	0.138303279876709
701	Py85	Py81	B	B	0.1221233010292053
702	Py85	Py83	B	B	0.02499104663729668
703	Py87	Py2	B	B	0.3493040800094604
704	Py87	Py4	B	B	0.3567884564399719
705	Py87	Py6	B	B	0.3576592803001404
706	Py87	Py8	B	B	0.3882810771465302
707	Py87	Py10	B	B	0.3983305692672729
708	Py87	Py12	B	B	0.3741954565048218
709	Py87	Py14	B	B	0.4200519621372223
710	Py87	Py16	B	B	0.3763973116874695
711	Py87	Py18	B	B	0.426401674747467
712	Py87	Py20	B	B	0.4395657479763031
713	Py87	Py22	B	B	0.426433265209198
714	Py87	Py24	B	B	0.4419950544834137
715	Py87	Py26	B	B	0.3552722334861755
716	Py87	Py28	B	B	0.3780716061592102
717	Py87	Py30	B	B	0.3831151723861694
718	Py87	Py32	B	B	0.3811238408088684
719	Py87	Py34	B	B	0.3623191714286804
720	Py87	Py36	B	B	0.3623721599578857
721	Py87	Py38	B	B	0.2976062595844269
722	Py87	Py40	B	B	0.331302285194397
723	Py87	Py42	B	B	0.2987253367900848
724	Py87	Py44	B	B	0.3499284982681274
725	Py87	Py46	B	B	0.352002739906311
726	Py87	Py48	B	B	0.3553957939147949
727	Py87	Py52	B	B	0.3066329061985016
728	Py87	Py54	B	B	0.3729450106620789
729	Py87	Py56	B	B	0.3875971436500549
730	Py87	Py58	B	B	0.3902513980865479
731	Py87	Py62	B	B	0.3241906464099884
732	Py87	Py64	B	B	0.3100583553314209
733	Py87	Py66	B	B	0.3076962232589722
734	Py87	Py68	B	B	0.3245190978050232
735	Py87	Py70	B	B	0.3220364451408386
736	Py87	Py72	B	B	0.3090485632419586
737	Py87	Py79	B	B	0.1592439860105515
738	Py87	Py81	B	B	0.1660027801990509
739	Py87	Py83	B	B	0.1360355615615845
740	Py87	Py85	B	B	0.1380521059036255
741	P1extneg	Py2	B	B	0.3545664846897125
742	P1extneg	Py4	B	B	0.3602776527404785
743	P1extneg	Py6	B	B	0.3618751764297485
744	P1extneg	Py8	B	B	0.3867621123790741
745	P1extneg	Py10	B	B	0.3964059352874756
746	P1extneg	Py12	B	B	0.3685722053050995
747	P1extneg	Py14	B	B	0.3969232439994812
748	P1extneg	Py16	B	B	0.3774268627166748
749	P1extneg	Py18	B	B	0.4092872738838196
750	P1extneg	Py20	B	B	0.4160867929458618
751	P1extneg	Py22	B	B	0.4032094478607178
752	P1extneg	Py24	B	B	0.4188911914825439
753	P1extneg	Py26	B	B	0.3570513725280762
754	P1extneg	Py28	B	B	0.3664570748806
755	P1extneg	Py30	B	B	0.3745720684528351
756	P1extneg	Py32	B	B	0.3709888160228729
757	P1extneg	Py34	B	B	0.3646821677684784
758	P1extneg	Py36	B	B	0.3631612062454224
759	P1extneg	Py38	B	B	0.3236506283283234
760	P1extneg	Py40	B	B	0.3307747542858124
761	P1extneg	Py42	B	B	0.320711225271225
762	P1extneg	Py44	B	B	0.3470798134803772
763	P1extneg	Py46	B	B	0.3508226275444031
764	P1extneg	Py48	B	B	0.3389127254486084
765	P1extneg	Py52	B	B	0.3338294923305511
766	P1extneg	Py54	B	B	0.3595108985900879
767	P1extneg	Py56	B	B	0.3647496104240417
768	P1extneg	Py58	B	B	0.3680620789527893
769	P1extneg	Py62	B	B	0.3169527649879456
770	P1extneg	Py64	B	B	0.3166030943393707
771	P1extneg	Py66	B	B	0.3186498284339905
772	P1extneg	Py68	B	B	0.3245449364185333
773	P1extneg	Py70	B	B	0.3360504508018494
774	P1extneg	Py72	B	B	0.3217675387859344
775	P1extneg	Py79	B	B	0.2912576198577881
776	P1extneg	Py81	B	B	0.2802501320838928
777	P1extneg	Py83	B	B	0.3184023797512054
778	P1extneg	Py85	B	B	0.3206292688846588
779	P1extneg	Py87	B	B	0.2955225110054016
780	P1NTC2	Py2	B	B	0.4874764978885651
781	P1NTC2	Py4	B	B	0.4821179807186127
782	P1NTC2	Py6	B	B	0.4931288957595825
783	P1NTC2	Py8	B	B	0.4834540486335754
784	P1NTC2	Py10	B	B	0.4863861501216888
785	P1NTC2	Py12	B	B	0.4876556098461151
786	P1NTC2	Py14	B	B	0.4888661801815033
787	P1NTC2	Py16	B	B	0.4838356673717499
788	P1NTC2	Py18	B	B	0.4957237839698792
789	P1NTC2	Py20	B	B	0.4978645443916321
790	P1NTC2	Py22	B	B	0.492040753364563
791	P1NTC2	Py24	B	B	0.4751920700073242
792	P1NTC2	Py26	B	B	0.4927785992622375
793	P1NTC2	Py28	B	B	0.4804377257823944
794	P1NTC2	Py30	B	B	0.483589768409729
795	P1NTC2	Py32	B	B	0.4843170046806335
796	P1NTC2	Py34	B	B	0.4923527836799622
797	P1NTC2	Py36	B	B	0.4910481572151184
798	P1NTC2	Py38	B	B	0.4755479097366333
799	P1NTC2	Py40	B	B	0.4808157980442047
800	P1NTC2	Py42	B	B	0.4620679914951324
801	P1NTC2	Py44	B	B	0.47440305352211
802	P1NTC2	Py46	B	B	0.4759457111358643
803	P1NTC2	Py48	B	B	0.4738961756229401
804	P1NTC2	Py52	B	B	0.4830293357372284
805	P1NTC2	Py54	B	B	0.4679823517799377
806	P1NTC2	Py56	B	B	0.4701638221740723
807	P1NTC2	Py58	B	B	0.4718131422996521
808	P1NTC2	Py62	B	B	0.4537701904773712
809	P1NTC2	Py64	B	B	0.4567201733589172
810	P1NTC2	Py66	B	B	0.4602246284484863
811	P1NTC2	Py68	B	B	0.4554427564144135
812	P1NTC2	Py70	B	B	0.4694546461105347
813	P1NTC2	Py72	B	B	0.4604218602180481
814	P1NTC2	Py79	B	B	0.5592725276947021
815	P1NTC2	Py81	B	B	0.5457202196121216
816	P1NTC2	Py83	B	B	0.5883143544197083
817	P1NTC2	Py85	B	B	0.5870833992958069
818	P1NTC2	Py87	B	B	0.558635950088501
819	P1NTC2	P1extneg	B	B	0.5598805546760559
820	P1PCRpos	Py2	B	B	0.3927544355392456
821	P1PCRpos	Py4	B	B	0.3874372541904449
822	P1PCRpos	Py6	B	B	0.3905365467071533
823	P1PCRpos	Py8	B	B	0.3866071701049805
824	P1PCRpos	Py10	B	B	0.3904786109924316
825	P1PCRpos	Py12	B	B	0.3755303919315338
826	P1PCRpos	Py14	B	B	0.3935879468917847
827	P1PCRpos	Py16	B	B	0.3844185769557953
828	P1PCRpos	Py18	B	B	0.3986685574054718
829	P1PCRpos	Py20	B	B	0.3957215547561646
830	P1PCRpos	Py22	B	B	0.3926490545272827
831	P1PCRpos	Py24	B	B	0.369896799325943
832	P1PCRpos	Py26	B	B	0.3804601430892944
833	P1PCRpos	Py28	B	B	0.3685927391052246
834	P1PCRpos	Py30	B	B	0.3667256534099579
835	P1PCRpos	Py32	B	B	0.3632830679416656
836	P1PCRpos	Py34	B	B	0.375868946313858
837	P1PCRpos	Py36	B	B	0.3729085624217987
838	P1PCRpos	Py38	B	B	0.405903697013855
839	P1PCRpos	Py40	B	B	0.3999954462051392
840	P1PCRpos	Py42	B	B	0.4037651419639587
841	P1PCRpos	Py44	B	B	0.4064440131187439
842	P1PCRpos	Py46	B	B	0.4035364985466003
843	P1PCRpos	Py48	B	B	0.4165740311145782
844	P1PCRpos	Py52	B	B	0.4002598524093628
845	P1PCRpos	Py54	B	B	0.3872333168983459
846	P1PCRpos	Py56	B	B	0.3887706995010376
847	P1PCRpos	Py58	B	B	0.3914158344268799
848	P1PCRpos	Py62	B	B	0.3781302869319916
849	P1PCRpos	Py64	B	B	0.3823371231555939
850	P1PCRpos	Py66	B	B	0.380586177110672
851	P1PCRpos	Py68	B	B	0.3836230039596558
852	P1PCRpos	Py70	B	B	0.3794211447238922
853	P1PCRpos	Py72	B	B	0.3871190845966339
854	P1PCRpos	Py79	B	B	0.483415961265564
855	P1PCRpos	Py81	B	B	0.4814455509185791
856	P1PCRpos	Py83	B	B	0.4888567626476288
857	P1PCRpos	Py85	B	B	0.4842174351215363
858	P1PCRpos	Py87	B	B	0.5027116537094116
859	P1PCRpos	P1extneg	B	B	0.4930109977722168
860	P1PCRpos	P1NTC2	B	B	0.4621196389198303
861	HR02	Py2	B	B	0.3413188457489014
862	HR02	Py4	B	B	0.3425546288490295
863	HR02	Py6	B	B	0.3462621867656708
864	HR02	Py8	B	B	0.3524696230888367
865	HR02	Py10	B	B	0.3608521819114685
866	HR02	Py12	B	B	0.3408474922180176
867	HR02	Py14	B	B	0.3924200534820557
868	HR02	Py16	B	B	0.3472461402416229
869	HR02	Py18	B	B	0.3946612179279327
870	HR02	Py20	B	B	0.4087797999382019
871	HR02	Py22	B	B	0.3942705988883972
872	HR02	Py24	B	B	0.4184734523296356
873	HR02	Py26	B	B	0.3406539559364319
874	HR02	Py28	B	B	0.3461928069591522
875	HR02	Py30	B	B	0.3432961702346802
876	HR02	Py32	B	B	0.3411180377006531
877	HR02	Py34	B	B	0.3390251696109772
878	HR02	Py36	B	B	0.337464839220047
879	HR02	Py38	B	B	0.3375990688800812
880	HR02	Py40	B	B	0.3445127904415131
881	HR02	Py42	B	B	0.3498179614543915
882	HR02	Py44	B	B	0.356673002243042
883	HR02	Py46	B	B	0.3536455929279327
884	HR02	Py48	B	B	0.3732414245605469
885	HR02	Py52	B	B	0.3283330798149109
886	HR02	Py54	B	B	0.3546363413333893
887	HR02	Py56	B	B	0.3638555407524109
888	HR02	Py58	B	B	0.3686273992061615
889	HR02	Py62	B	B	0.3484215438365936
890	HR02	Py64	B	B	0.3453208804130554
891	HR02	Py66	B	B	0.3417535126209259
892	HR02	Py68	B	B	0.3470426797866821
893	HR02	Py70	B	B	0.3333470225334167
894	HR02	Py72	B	B	0.3426501452922821
895	HR02	Py79	B	B	0.3837586045265198
896	HR02	Py81	B	B	0.3961348831653595
897	HR02	Py83	B	B	0.3922015726566315
898	HR02	Py85	B	B	0.3868167400360107
899	HR02	Py87	B	B	0.3853491246700287
900	HR02	P1extneg	B	B	0.4335387051105499
901	HR02	P1NTC2	B	B	0.5745729207992554
902	HR02	P1PCRpos	B	B	0.4528349339962006
903	HR06	Py2	B	B	0.3429813385009766
904	HR06	Py4	B	B	0.3456577658653259
905	HR06	Py6	B	B	0.3653441071510315
906	HR06	Py8	B	B	0.3596621155738831
907	HR06	Py10	B	B	0.3739504218101501
908	HR06	Py12	B	B	0.3414874672889709
909	HR06	Py14	B	B	0.4074199199676514
910	HR06	Py16	B	B	0.3507388234138489
911	HR06	Py18	B	B	0.4130253791809082
912	HR06	Py20	B	B	0.4280743598937988
913	HR06	Py22	B	B	0.4117262959480286
914	HR06	Py24	B	B	0.4392773807048798
915	HR06	Py26	B	B	0.3411641716957092
916	HR06	Py28	B	B	0.3506426811218262
917	HR06	Py30	B	B	0.3468632400035858
918	HR06	Py32	B	B	0.3436734676361084
919	HR06	Py34	B	B	0.3414217233657837
920	HR06	Py36	B	B	0.3394783437252045
921	HR06	Py38	B	B	0.3382431268692017
922	HR06	Py40	B	B	0.3444634675979614
923	HR06	Py42	B	B	0.3529357612133026
924	HR06	Py44	B	B	0.3658693432807922
925	HR06	Py46	B	B	0.3620805740356445
926	HR06	Py48	B	B	0.3858387470245361
927	HR06	Py52	B	B	0.3264159560203552
928	HR06	Py54	B	B	0.3643574714660645
929	HR06	Py56	B	B	0.3787101805210114
930	HR06	Py58	B	B	0.3831830024719238
931	HR06	Py62	B	B	0.3504355847835541
932	HR06	Py64	B	B	0.3455868363380432
933	HR06	Py66	B	B	0.341678261756897
934	HR06	Py68	B	B	0.3507274389266968
935	HR06	Py70	B	B	0.3341880142688751
936	HR06	Py72	B	B	0.3439941704273224
937	HR06	Py79	B	B	0.4107155501842499
938	HR06	Py81	B	B	0.4091997742652893
939	HR06	Py83	B	B	0.4131605327129364
940	HR06	Py85	B	B	0.4096713662147522
941	HR06	Py87	B	B	0.4037614464759827
942	HR06	P1extneg	B	B	0.458502322435379
943	HR06	P1NTC2	B	B	0.5936279892921448
944	HR06	P1PCRpos	B	B	0.470667690038681
945	HR06	HR02	B	B	0.182909682393074
946	HR08	Py2	B	B	0.3934881091117859
947	HR08	Py4	B	B	0.3944366574287415
948	HR08	Py6	B	B	0.4089259207248688
949	HR08	Py8	B	B	0.4062243402004242
950	HR08	Py10	B	B	0.4198831915855408
951	HR08	Py12	B	B	0.3856927752494812
952	HR08	Py14	B	B	0.4538112282752991
953	HR08	Py16	B	B	0.3979950249195099
954	HR08	Py18	B	B	0.4555543959140778
955	HR08	Py20	B	B	0.4693899154663086
956	HR08	Py22	B	B	0.4553897678852081
957	HR08	Py24	B	B	0.4796782433986664
958	HR08	Py26	B	B	0.3890036344528198
959	HR08	Py28	B	B	0.398932158946991
960	HR08	Py30	B	B	0.3912287652492523
961	HR08	Py32	B	B	0.386620819568634
962	HR08	Py34	B	B	0.3858053386211395
963	HR08	Py36	B	B	0.3834032416343689
964	HR08	Py38	B	B	0.3966623246669769
965	HR08	Py40	B	B	0.3991095423698425
966	HR08	Py42	B	B	0.4112032651901245
967	HR08	Py44	B	B	0.4222467839717865
968	HR08	Py46	B	B	0.4175575971603394
969	HR08	Py48	B	B	0.4422473609447479
970	HR08	Py52	B	B	0.3799282908439636
971	HR08	Py54	B	B	0.4169069230556488
972	HR08	Py56	B	B	0.4320070743560791
973	HR08	Py58	B	B	0.4363751411437988
974	HR08	Py62	B	B	0.4062089025974274
975	HR08	Py64	B	B	0.3983069658279419
976	HR08	Py66	B	B	0.3925753235816956
977	HR08	Py68	B	B	0.4075795114040375
978	HR08	Py70	B	B	0.385736495256424
979	HR08	Py72	B	B	0.3953031003475189
980	HR08	Py79	B	B	0.453764408826828
981	HR08	Py81	B	B	0.4244917929172516
982	HR08	Py83	B	B	0.3985597491264343
983	HR08	Py85	B	B	0.3966162800788879
984	HR08	Py87	B	B	0.4402938485145569
985	HR08	P1extneg	B	B	0.5183874368667603
986	HR08	P1NTC2	B	B	0.6200709939002991
987	HR08	P1PCRpos	B	B	0.488060474395752
988	HR08	HR02	B	B	0.2998364865779877
989	HR08	HR06	B	B	0.2473002821207047
990	HR10	Py2	B	B	0.3591865301132202
991	HR10	Py4	B	B	0.3604618012905121
992	HR10	Py6	B	B	0.3689629733562469
993	HR10	Py8	B	B	0.3702026903629303
994	HR10	Py10	B	B	0.3819244503974915
995	HR10	Py12	B	B	0.3584622740745544
996	HR10	Py14	B	B	0.4153103232383728
997	HR10	Py16	B	B	0.3649194836616516
998	HR10	Py18	B	B	0.4176807999610901
999	HR10	Py20	B	B	0.4317957758903503
1000	HR10	Py22	B	B	0.4173047840595245
1001	HR10	Py24	B	B	0.4418192803859711
1002	HR10	Py26	B	B	0.3581255674362183
1003	HR10	Py28	B	B	0.3636472225189209
1004	HR10	Py30	B	B	0.3606933057308197
1005	HR10	Py32	B	B	0.3586127758026123
1006	HR10	Py34	B	B	0.3568040132522583
1007	HR10	Py36	B	B	0.3552539348602295
1008	HR10	Py38	B	B	0.3601484000682831
1009	HR10	Py40	B	B	0.3683653473854065
1010	HR10	Py42	B	B	0.372568279504776
1011	HR10	Py44	B	B	0.3820829391479492
1012	HR10	Py46	B	B	0.3774806559085846
1013	HR10	Py48	B	B	0.4031144380569458
1014	HR10	Py52	B	B	0.3511475324630737
1015	HR10	Py54	B	B	0.3767788410186768
1016	HR10	Py56	B	B	0.3906355500221252
1017	HR10	Py58	B	B	0.3951989710330963
1018	HR10	Py62	B	B	0.3720727860927582
1019	HR10	Py64	B	B	0.3687000870704651
1020	HR10	Py66	B	B	0.3653522431850433
1021	HR10	Py68	B	B	0.3708091378211975
1022	HR10	Py70	B	B	0.3571231663227081
1023	HR10	Py72	B	B	0.3664833009243011
1024	HR10	Py79	B	B	0.3902478516101837
1025	HR10	Py81	B	B	0.4003725051879883
1026	HR10	Py83	B	B	0.390292227268219
1027	HR10	Py85	B	B	0.3865500688552856
1028	HR10	Py87	B	B	0.3798279166221619
1029	HR10	P1extneg	B	B	0.4515089988708496
1030	HR10	P1NTC2	B	B	0.5971319079399109
1031	HR10	P1PCRpos	B	B	0.4679437875747681
1032	HR10	HR02	B	B	0.1556141078472137
1033	HR10	HR06	B	B	0.1891040503978729
1034	HR10	HR08	B	B	0.2912896573543549
1035	HR12	Py2	B	B	0.4155271351337433
1036	HR12	Py4	B	B	0.4164402782917023
1037	HR12	Py6	B	B	0.4234437644481659
1038	HR12	Py8	B	B	0.4265731573104858
1039	HR12	Py10	B	B	0.4361020624637604
1040	HR12	Py12	B	B	0.4144844114780426
1041	HR12	Py14	B	B	0.4692503809928894
1042	HR12	Py16	B	B	0.421387255191803
1043	HR12	Py18	B	B	0.4718816578388214
1044	HR12	Py20	B	B	0.4861226081848145
1045	HR12	Py22	B	B	0.4714215695858002
1046	HR12	Py24	B	B	0.4956265389919281
1047	HR12	Py26	B	B	0.4144509136676788
1048	HR12	Py28	B	B	0.4200368523597717
1049	HR12	Py30	B	B	0.4173136651515961
1050	HR12	Py32	B	B	0.4151740670204163
1051	HR12	Py34	B	B	0.4136050045490265
1052	HR12	Py36	B	B	0.4119817018508911
1053	HR12	Py38	B	B	0.411018967628479
1054	HR12	Py40	B	B	0.4186305701732635
1055	HR12	Py42	B	B	0.422883003950119
1056	HR12	Py44	B	B	0.4314947724342346
1057	HR12	Py46	B	B	0.427812933921814
1058	HR12	Py48	B	B	0.451661080121994
1059	HR12	Py52	B	B	0.4014261662960052
1060	HR12	Py54	B	B	0.4286316931247711
1061	HR12	Py56	B	B	0.441091001033783
1062	HR12	Py58	B	B	0.44575035572052
1063	HR12	Py62	B	B	0.4221491813659668
1064	HR12	Py64	B	B	0.4188072383403778
1065	HR12	Py66	B	B	0.4154934585094452
1066	HR12	Py68	B	B	0.4206810593605042
1067	HR12	Py70	B	B	0.4071454405784607
1068	HR12	Py72	B	B	0.4166039824485779
1069	HR12	Py79	B	B	0.4603531360626221
1070	HR12	Py81	B	B	0.4568094313144684
1071	HR12	Py83	B	B	0.4553315341472626
1072	HR12	Py85	B	B	0.4513543546199799
1073	HR12	Py87	B	B	0.4532457292079926
1074	HR12	P1extneg	B	B	0.5097683668136597
1075	HR12	P1NTC2	B	B	0.639987587928772
1076	HR12	P1PCRpos	B	B	0.5175274014472961
1077	HR12	HR02	B	B	0.2267726212739944
1078	HR12	HR06	B	B	0.1722579598426819
1079	HR12	HR08	B	B	0.3018360733985901
1080	HR12	HR10	B	B	0.2252555042505264
1081	HR18	Py2	B	B	0.3533791601657867
1082	HR18	Py4	B	B	0.3546623885631561
1083	HR18	Py6	B	B	0.363311767578125
1084	HR18	Py8	B	B	0.3662369549274445
1085	HR18	Py10	B	B	0.3760998249053955
1086	HR18	Py12	B	B	0.3528690338134766
1087	HR18	Py14	B	B	0.4094420075416565
1088	HR18	Py16	B	B	0.3605953752994537
1089	HR18	Py18	B	B	0.4118625223636627
1090	HR18	Py20	B	B	0.4262615144252777
1091	HR18	Py22	B	B	0.4115560948848724
1092	HR18	Py24	B	B	0.4361682832241058
1093	HR18	Py26	B	B	0.3523383438587189
1094	HR18	Py28	B	B	0.3590092658996582
1095	HR18	Py30	B	B	0.3581603467464447
1096	HR18	Py32	B	B	0.3558997809886932
1097	HR18	Py34	B	B	0.3524872362613678
1098	HR18	Py36	B	B	0.3512020707130432
1099	HR18	Py38	B	B	0.3441951870918274
1100	HR18	Py40	B	B	0.3527095019817352
1101	HR18	Py42	B	B	0.3574295341968536
1102	HR18	Py44	B	B	0.3680590093135834
1103	HR18	Py46	B	B	0.3655060529708862
1104	HR18	Py48	B	B	0.3863956034183502
1105	HR18	Py52	B	B	0.3353541791439056
1106	HR18	Py54	B	B	0.3670912981033325
1107	HR18	Py56	B	B	0.379533439874649
1108	HR18	Py58	B	B	0.384005069732666
1109	HR18	Py62	B	B	0.3566718697547913
1110	HR18	Py64	B	B	0.353646844625473
1111	HR18	Py66	B	B	0.3498139679431915
1112	HR18	Py68	B	B	0.3554257750511169
1113	HR18	Py70	B	B	0.3422738313674927
1114	HR18	Py72	B	B	0.350881040096283
1115	HR18	Py79	B	B	0.3962879478931427
1116	HR18	Py81	B	B	0.4022071361541748
1117	HR18	Py83	B	B	0.399118036031723
1118	HR18	Py85	B	B	0.3951992392539978
1119	HR18	Py87	B	B	0.3880446553230286
1120	HR18	P1extneg	B	B	0.4420818686485291
1121	HR18	P1NTC2	B	B	0.5885189771652222
1122	HR18	P1PCRpos	B	B	0.4724748134613037
1123	HR18	HR02	B	B	0.1286683678627014
1124	HR18	HR06	B	B	0.1530012339353561
1125	HR18	HR08	B	B	0.3006284832954407
1126	HR18	HR10	B	B	0.1258389949798584
1127	HR18	HR12	B	B	0.1992296129465103
1128	HR20	Py2	B	B	0.3286309242248535
1129	HR20	Py4	B	B	0.3305310606956482
1130	HR20	Py6	B	B	0.3598984181880951
1131	HR20	Py8	B	B	0.3478110432624817
1132	HR20	Py10	B	B	0.3638509511947632
1133	HR20	Py12	B	B	0.3308261632919312
1134	HR20	Py14	B	B	0.3960344195365906
1135	HR20	Py16	B	B	0.3386748433113098
1136	HR20	Py18	B	B	0.4003930687904358
1137	HR20	Py20	B	B	0.4164700210094452
1138	HR20	Py22	B	B	0.3997036814689636
1139	HR20	Py24	B	B	0.4221111536026001
1140	HR20	Py26	B	B	0.3295789062976837
1141	HR20	Py28	B	B	0.341889500617981
1142	HR20	Py30	B	B	0.3410812020301819
1143	HR20	Py32	B	B	0.338776022195816
1144	HR20	Py34	B	B	0.3342787623405457
1145	HR20	Py36	B	B	0.3333693742752075
1146	HR20	Py38	B	B	0.3240672945976257
1147	HR20	Py40	B	B	0.3335195481777191
1148	HR20	Py42	B	B	0.3386574983596802
1149	HR20	Py44	B	B	0.3525671362876892
1150	HR20	Py46	B	B	0.3482577204704285
1151	HR20	Py48	B	B	0.3723846971988678
1152	HR20	Py52	B	B	0.3160180151462555
1153	HR20	Py54	B	B	0.3506698310375214
1154	HR20	Py56	B	B	0.3658811450004578
1155	HR20	Py58	B	B	0.3702600002288818
1156	HR20	Py62	B	B	0.3387817740440369
1157	HR20	Py64	B	B	0.3352544903755188
1158	HR20	Py66	B	B	0.3316640555858612
1159	HR20	Py68	B	B	0.3377235531806946
1160	HR20	Py70	B	B	0.3234139680862427
1161	HR20	Py72	B	B	0.3325120210647583
1162	HR20	Py79	B	B	0.420106828212738
1163	HR20	Py81	B	B	0.431953102350235
1164	HR20	Py83	B	B	0.4280971586704254
1165	HR20	Py85	B	B	0.4215762913227081
1166	HR20	Py87	B	B	0.4187158942222595
1167	HR20	P1extneg	B	B	0.453580766916275
1168	HR20	P1NTC2	B	B	0.5834572315216064
1169	HR20	P1PCRpos	B	B	0.4670070111751556
1170	HR20	HR02	B	B	0.219142884016037
1171	HR20	HR06	B	B	0.2620003521442413
1172	HR20	HR08	B	B	0.3730686902999878
1173	HR20	HR10	B	B	0.2253254950046539
1174	HR20	HR12	B	B	0.3231761455535889
1175	HR20	HR18	B	B	0.2068803906440735
1176	HR22	Py2	B	B	0.3396276831626892
1177	HR22	Py4	B	B	0.34465491771698
1178	HR22	Py6	B	B	0.3769141137599945
1179	HR22	Py8	B	B	0.3681988120079041
1180	HR22	Py10	B	B	0.3848595321178436
1181	HR22	Py12	B	B	0.3485851883888245
1182	HR22	Py14	B	B	0.4179823398590088
1183	HR22	Py16	B	B	0.3595426082611084
1184	HR22	Py18	B	B	0.4243956804275513
1185	HR22	Py20	B	B	0.4416892230510712
1186	HR22	Py22	B	B	0.4229439496994019
1187	HR22	Py24	B	B	0.4460716843605042
1188	HR22	Py26	B	B	0.3509816229343414
1189	HR22	Py28	B	B	0.362786203622818
1190	HR22	Py30	B	B	0.3634033799171448
1191	HR22	Py32	B	B	0.3610371947288513
1192	HR22	Py34	B	B	0.3561784625053406
1193	HR22	Py36	B	B	0.355076938867569
1194	HR22	Py38	B	B	0.3085988759994507
1195	HR22	Py40	B	B	0.3239803910255432
1196	HR22	Py42	B	B	0.3182633221149445
1197	HR22	Py44	B	B	0.35072922706604
1198	HR22	Py46	B	B	0.348939836025238
1199	HR22	Py48	B	B	0.3646640777587891
1200	HR22	Py52	B	B	0.3006063401699066
1201	HR22	Py54	B	B	0.3617362976074219
1202	HR22	Py56	B	B	0.3766316175460815
1203	HR22	Py58	B	B	0.3810109496116638
1204	HR22	Py62	B	B	0.3250682651996613
1205	HR22	Py64	B	B	0.3182548880577087
1206	HR22	Py66	B	B	0.314003050327301
1207	HR22	Py68	B	B	0.3253820240497589
1208	HR22	Py70	B	B	0.3165794909000397
1209	HR22	Py72	B	B	0.3160235583782196
1210	HR22	Py79	B	B	0.3887951672077179
1211	HR22	Py81	B	B	0.3791429996490479
1212	HR22	Py83	B	B	0.3853104412555695
1213	HR22	Py85	B	B	0.3853429555892944
1214	HR22	Py87	B	B	0.3584499061107635
1215	HR22	P1extneg	B	B	0.4312967658042908
1216	HR22	P1NTC2	B	B	0.567916750907898
1217	HR22	P1PCRpos	B	B	0.4911690354347229
1218	HR22	HR02	B	B	0.2260256111621857
1219	HR22	HR06	B	B	0.1952016055583954
1220	HR22	HR08	B	B	0.311052531003952
1221	HR22	HR10	B	B	0.217796191573143
1222	HR22	HR12	B	B	0.2643040418624878
1223	HR22	HR18	B	B	0.189534530043602
1224	HR22	HR20	B	B	0.2514745891094208
1225	HR24	Py2	B	B	0.3629912436008453
1226	HR24	Py4	B	B	0.3638722002506256
1227	HR24	Py6	B	B	0.3632408976554871
1228	HR24	Py8	B	B	0.3695948421955109
1229	HR24	Py10	B	B	0.3778754472732544
1230	HR24	Py12	B	B	0.3602264821529388
1231	HR24	Py14	B	B	0.4114940166473389
1232	HR24	Py16	B	B	0.3640798032283783
1233	HR24	Py18	B	B	0.4128033816814423
1234	HR24	Py20	B	B	0.4265374541282654
1235	HR24	Py22	B	B	0.4126608967781067
1236	HR24	Py24	B	B	0.438322514295578
1237	HR24	Py26	B	B	0.3574876487255096
1238	HR24	Py28	B	B	0.3631727397441864
1239	HR24	Py30	B	B	0.3599969148635864
1240	HR24	Py32	B	B	0.3578413724899292
1241	HR24	Py34	B	B	0.3554538786411285
1242	HR24	Py36	B	B	0.3538585901260376
1243	HR24	Py38	B	B	0.3640874326229095
1244	HR24	Py40	B	B	0.3727713525295258
1245	HR24	Py42	B	B	0.3774340748786926
1246	HR24	Py44	B	B	0.3860754072666168
1247	HR24	Py46	B	B	0.3827142715454102
1248	HR24	Py48	B	B	0.4051600694656372
1249	HR24	Py52	B	B	0.3565111756324768
1250	HR24	Py54	B	B	0.3827082514762878
1251	HR24	Py56	B	B	0.3954548835754395
1252	HR24	Py58	B	B	0.3999301195144653
1253	HR24	Py62	B	B	0.3768768310546875
1254	HR24	Py64	B	B	0.3730044960975647
1255	HR24	Py66	B	B	0.3703112900257111
1256	HR24	Py68	B	B	0.3755974173545837
1257	HR24	Py70	B	B	0.3615870475769043
1258	HR24	Py72	B	B	0.3702096343040466
1259	HR24	Py79	B	B	0.4319302141666412
1260	HR24	Py81	B	B	0.4452356696128845
1261	HR24	Py83	B	B	0.4370733201503754
1262	HR24	Py85	B	B	0.4327200055122375
1263	HR24	Py87	B	B	0.4176181256771088
1264	HR24	P1extneg	B	B	0.4299415349960327
1265	HR24	P1NTC2	B	B	0.6023044586181641
1266	HR24	P1PCRpos	B	B	0.4666492938995361
1267	HR24	HR02	B	B	0.1894109547138214
1268	HR24	HR06	B	B	0.2511875033378601
1269	HR24	HR08	B	B	0.3576651811599731
1270	HR24	HR10	B	B	0.1730476915836334
1271	HR24	HR12	B	B	0.2927173972129822
1272	HR24	HR18	B	B	0.1775727719068527
1273	HR24	HR20	B	B	0.2044027745723724
1274	HR24	HR22	B	B	0.2845067083835602
1275	HR30	Py2	B	B	0.4483980238437653
1276	HR30	Py4	B	B	0.4499037265777588
1277	HR30	Py6	B	B	0.4569453001022339
1278	HR30	Py8	B	B	0.4606678485870361
1279	HR30	Py10	B	B	0.4688409864902496
1280	HR30	Py12	B	B	0.4482784569263458
1281	HR30	Py14	B	B	0.4896855354309082
1282	HR30	Py16	B	B	0.4553039073944092
1283	HR30	Py18	B	B	0.4920343160629272
1284	HR30	Py20	B	B	0.506271481513977
1285	HR30	Py22	B	B	0.4917129576206207
1286	HR30	Py24	B	B	0.5161750316619873
1287	HR30	Py26	B	B	0.4469664096832275
1288	HR30	Py28	B	B	0.4536400437355042
1289	HR30	Py30	B	B	0.4523183703422546
1290	HR30	Py32	B	B	0.4499979913234711
1291	HR30	Py34	B	B	0.4472924768924713
1292	HR30	Py36	B	B	0.4460678100585938
1293	HR30	Py38	B	B	0.4454392790794373
1294	HR30	Py40	B	B	0.4564890265464783
1295	HR30	Py42	B	B	0.4590562880039215
1296	HR30	Py44	B	B	0.4678975939750671
1297	HR30	Py46	B	B	0.4647632539272308
1298	HR30	Py48	B	B	0.4817009568214417
1299	HR30	Py52	B	B	0.4381285905838013
1300	HR30	Py54	B	B	0.4640244245529175
1301	HR30	Py56	B	B	0.4745569229125977
1302	HR30	Py58	B	B	0.4760037958621979
1303	HR30	Py62	B	B	0.4588078260421753
1304	HR30	Py64	B	B	0.4557087421417236
1305	HR30	Py66	B	B	0.4523340463638306
1306	HR30	Py68	B	B	0.4571328163146973
1307	HR30	Py70	B	B	0.4437870383262634
1308	HR30	Py72	B	B	0.45302814245224
1309	HR30	Py79	B	B	0.5035929679870605
1310	HR30	Py81	B	B	0.5155848860740662
1311	HR30	Py83	B	B	0.5026199221611023
1312	HR30	Py85	B	B	0.4993036985397339
1313	HR30	Py87	B	B	0.4886278212070465
1314	HR30	P1extneg	B	B	0.4517061412334442
1315	HR30	P1NTC2	B	B	0.66706782579422
1316	HR30	P1PCRpos	B	B	0.5421653985977173
1317	HR30	HR02	B	B	0.331716388463974
1318	HR30	HR06	B	B	0.3818454742431641
1319	HR30	HR08	B	B	0.488666296005249
1320	HR30	HR10	B	B	0.3101679682731628
1321	HR30	HR12	B	B	0.4133753180503845
1322	HR30	HR18	B	B	0.3102742731571198
1323	HR30	HR20	B	B	0.2725247740745544
1324	HR30	HR22	B	B	0.3832724988460541
1325	HR30	HR24	B	B	0.2544719874858856
1326	HR36	Py2	B	B	0.3776517510414124
1327	HR36	Py4	B	B	0.3752138018608093
1328	HR36	Py6	B	B	0.3798654079437256
1329	HR36	Py8	B	B	0.37751305103302
1330	HR36	Py10	B	B	0.3836710453033447
1331	HR36	Py12	B	B	0.3697022795677185
1332	HR36	Py14	B	B	0.4033419787883759
1333	HR36	Py16	B	B	0.3734237849712372
1334	HR36	Py18	B	B	0.4038914144039154
1335	HR36	Py20	B	B	0.4115949273109436
1336	HR36	Py22	B	B	0.4039627611637115
1337	HR36	Py24	B	B	0.4199033379554749
1338	HR36	Py26	B	B	0.3690211772918701
1339	HR36	Py28	B	B	0.3711261451244354
1340	HR36	Py30	B	B	0.3677732050418854
1341	HR36	Py32	B	B	0.3657495677471161
1342	HR36	Py34	B	B	0.364122211933136
1343	HR36	Py36	B	B	0.3628332614898682
1344	HR36	Py38	B	B	0.3843499422073364
1345	HR36	Py40	B	B	0.3834331929683685
1346	HR36	Py42	B	B	0.3900051116943359
1347	HR36	Py44	B	B	0.3944230079650879
1348	HR36	Py46	B	B	0.3912977576255798
1349	HR36	Py48	B	B	0.4093772172927856
1350	HR36	Py52	B	B	0.3814025223255157
1351	HR36	Py54	B	B	0.3912175893783569
1352	HR36	Py56	B	B	0.4008501768112183
1353	HR36	Py58	B	B	0.4028834700584412
1354	HR36	Py62	B	B	0.386376678943634
1355	HR36	Py64	B	B	0.383544921875
1356	HR36	Py66	B	B	0.381266176700592
1357	HR36	Py68	B	B	0.3851640522480011
1358	HR36	Py70	B	B	0.3728257119655609
1359	HR36	Py72	B	B	0.3824445605278015
1360	HR36	Py79	B	B	0.4500462412834167
1361	HR36	Py81	B	B	0.4502703547477722
1362	HR36	Py83	B	B	0.4599169194698334
1363	HR36	Py85	B	B	0.4529741704463959
1364	HR36	Py87	B	B	0.475396454334259
1365	HR36	P1extneg	B	B	0.4885614514350891
1366	HR36	P1NTC2	B	B	0.5687531232833862
1367	HR36	P1PCRpos	B	B	0.4295215308666229
1368	HR36	HR02	B	B	0.3723027110099792
1369	HR36	HR06	B	B	0.40853351354599
1370	HR36	HR08	B	B	0.448971301317215
1371	HR36	HR10	B	B	0.3890244662761688
1372	HR36	HR12	B	B	0.4478414952754974
1373	HR36	HR18	B	B	0.3932731449604034
1374	HR36	HR20	B	B	0.3807156085968018
1375	HR36	HR22	B	B	0.4224217236042023
1376	HR36	HR24	B	B	0.383295089006424
1377	HR36	HR30	B	B	0.4595755636692047
1378	HR38	Py2	B	B	0.4535699486732483
1379	HR38	Py4	B	B	0.4523932635784149
1380	HR38	Py6	B	B	0.4571734070777893
1381	HR38	Py8	B	B	0.4582571387290955
1382	HR38	Py10	B	B	0.4645686745643616
1383	HR38	Py12	B	B	0.4490550458431244
1384	HR38	Py14	B	B	0.4837657809257507
1385	HR38	Py16	B	B	0.4537372589111328
1386	HR38	Py18	B	B	0.4849081337451935
1387	HR38	Py20	B	B	0.4926356971263885
1388	HR38	Py22	B	B	0.4848842620849609
1389	HR38	Py24	B	B	0.5005270838737488
1390	HR38	Py26	B	B	0.4479788839817047
1391	HR38	Py28	B	B	0.4513501822948456
1392	HR38	Py30	B	B	0.4479977488517761
1393	HR38	Py32	B	B	0.4461791217327118
1394	HR38	Py34	B	B	0.4444034993648529
1395	HR38	Py36	B	B	0.4425910115242004
1396	HR38	Py38	B	B	0.4553909301757812
1397	HR38	Py40	B	B	0.4608980417251587
1398	HR38	Py42	B	B	0.465461790561676
1399	HR38	Py44	B	B	0.4720887839794159
1400	HR38	Py46	B	B	0.468995213508606
1401	HR38	Py48	B	B	0.4868109226226807
1402	HR38	Py52	B	B	0.4448555707931519
1403	HR38	Py54	B	B	0.4689186215400696
1404	HR38	Py56	B	B	0.4783618152141571
1405	HR38	Py58	B	B	0.4802807867527008
1406	HR38	Py62	B	B	0.4640544950962067
1407	HR38	Py64	B	B	0.4606997966766357
1408	HR38	Py66	B	B	0.4581480026245117
1409	HR38	Py68	B	B	0.4629197716712952
1410	HR38	Py70	B	B	0.4493847787380219
1411	HR38	Py72	B	B	0.4582558274269104
1412	HR38	Py79	B	B	0.5071821212768555
1413	HR38	Py81	B	B	0.5152264833450317
1414	HR38	Py83	B	B	0.5065787434577942
1415	HR38	Py85	B	B	0.5029360055923462
1416	HR38	Py87	B	B	0.5021626949310303
1417	HR38	P1extneg	B	B	0.5189438462257385
1418	HR38	P1NTC2	B	B	0.6443198323249817
1419	HR38	P1PCRpos	B	B	0.4969105124473572
1420	HR38	HR02	B	B	0.3850317001342773
1421	HR38	HR06	B	B	0.4382764995098114
1422	HR38	HR08	B	B	0.4901165366172791
1423	HR38	HR10	B	B	0.3748511373996735
1424	HR38	HR12	B	B	0.468903124332428
1425	HR38	HR18	B	B	0.3928899168968201
1426	HR38	HR20	B	B	0.3913188278675079
1427	HR38	HR22	B	B	0.4448763728141785
1428	HR38	HR24	B	B	0.3525989353656769
1429	HR38	HR30	B	B	0.4308294057846069
1430	HR38	HR36	B	B	0.2674940824508667
1431	HR42	Py2	B	B	0.4255286455154419
1432	HR42	Py4	B	B	0.426562488079071
1433	HR42	Py6	B	B	0.4247292876243591
1434	HR42	Py8	B	B	0.4356296062469482
1435	HR42	Py10	B	B	0.4438258409500122
1436	HR42	Py12	B	B	0.4246649444103241
1437	HR42	Py14	B	B	0.4601275324821472
1438	HR42	Py16	B	B	0.4302849173545837
1439	HR42	Py18	B	B	0.4634236097335815
1440	HR42	Py20	B	B	0.4767554998397827
1441	HR42	Py22	B	B	0.4638955593109131
1442	HR42	Py24	B	B	0.4865121245384216
1443	HR42	Py26	B	B	0.4217269420623779
1444	HR42	Py28	B	B	0.4283329844474792
1445	HR42	Py30	B	B	0.4284290373325348
1446	HR42	Py32	B	B	0.4265288412570953
1447	HR42	Py34	B	B	0.4205475449562073
1448	HR42	Py36	B	B	0.4192125201225281
1449	HR42	Py38	B	B	0.4246446490287781
1450	HR42	Py40	B	B	0.428747683763504
1451	HR42	Py42	B	B	0.4348621070384979
1452	HR42	Py44	B	B	0.4395308792591095
1453	HR42	Py46	B	B	0.4362670183181763
1454	HR42	Py48	B	B	0.4545305669307709
1455	HR42	Py52	B	B	0.4166411161422729
1456	HR42	Py54	B	B	0.4377565979957581
1457	HR42	Py56	B	B	0.4488254189491272
1458	HR42	Py58	B	B	0.4506880342960358
1459	HR42	Py62	B	B	0.4340863227844238
1460	HR42	Py64	B	B	0.431728720664978
1461	HR42	Py66	B	B	0.4284676313400269
1462	HR42	Py68	B	B	0.4333177208900452
1463	HR42	Py70	B	B	0.4206011891365051
1464	HR42	Py72	B	B	0.4303689301013947
1465	HR42	Py79	B	B	0.4653074741363525
1466	HR42	Py81	B	B	0.4741992056369781
1467	HR42	Py83	B	B	0.4618919789791107
1468	HR42	Py85	B	B	0.4590841233730316
1469	HR42	Py87	B	B	0.4491822421550751
1470	HR42	P1extneg	B	B	0.4113233089447021
1471	HR42	P1NTC2	B	B	0.6486032009124756
1472	HR42	P1PCRpos	B	B	0.5239273905754089
1473	HR42	HR02	B	B	0.3165140748023987
1474	HR42	HR06	B	B	0.3555276095867157
1475	HR42	HR08	B	B	0.4575342237949371
1476	HR42	HR10	B	B	0.3010303378105164
1477	HR42	HR12	B	B	0.3877764046192169
1478	HR42	HR18	B	B	0.3081288933753967
1479	HR42	HR20	B	B	0.334559440612793
1480	HR42	HR22	B	B	0.3701850473880768
1481	HR42	HR24	B	B	0.288154661655426
1482	HR42	HR30	B	B	0.2198696583509445
1483	HR42	HR36	B	B	0.3457739353179932
1484	HR42	HR38	B	B	0.3089876472949982
1485	HR57	Py2	B	B	0.3841303586959839
1486	HR57	Py4	B	B	0.3872781097888947
1487	HR57	Py6	B	B	0.4014267921447754
1488	HR57	Py8	B	B	0.4064542949199677
1489	HR57	Py10	B	B	0.4164978861808777
1490	HR57	Py12	B	B	0.3883057236671448
1491	HR57	Py14	B	B	0.4342861175537109
1492	HR57	Py16	B	B	0.3996519446372986
1493	HR57	Py18	B	B	0.4426639080047607
1494	HR57	Py20	B	B	0.4593587815761566
1495	HR57	Py22	B	B	0.4426309168338776
1496	HR57	Py24	B	B	0.4636325836181641
1497	HR57	Py26	B	B	0.3896172046661377
1498	HR57	Py28	B	B	0.4006222486495972
1499	HR57	Py30	B	B	0.4033244252204895
1500	HR57	Py32	B	B	0.4008387327194214
1501	HR57	Py34	B	B	0.3945476710796356
1502	HR57	Py36	B	B	0.391775369644165
1503	HR57	Py38	B	B	0.3618389368057251
1504	HR57	Py40	B	B	0.372137039899826
1505	HR57	Py42	B	B	0.3671680986881256
1506	HR57	Py44	B	B	0.3851528167724609
1507	HR57	Py46	B	B	0.383384495973587
1508	HR57	Py48	B	B	0.3953036069869995
1509	HR57	Py52	B	B	0.3532602787017822
1510	HR57	Py54	B	B	0.3943369388580322
1511	HR57	Py56	B	B	0.4042036235332489
1512	HR57	Py58	B	B	0.4053245484828949
1513	HR57	Py62	B	B	0.3727628886699677
1514	HR57	Py64	B	B	0.3680697083473206
1515	HR57	Py66	B	B	0.3642784357070923
1516	HR57	Py68	B	B	0.3740731775760651
1517	HR57	Py70	B	B	0.3646431267261505
1518	HR57	Py72	B	B	0.3667105734348297
1519	HR57	Py79	B	B	0.391605406999588
1520	HR57	Py81	B	B	0.3670592606067657
1521	HR57	Py83	B	B	0.3554434776306152
1522	HR57	Py85	B	B	0.3561110496520996
1523	HR57	Py87	B	B	0.3346372842788696
1524	HR57	P1extneg	B	B	0.4286284148693085
1525	HR57	P1NTC2	B	B	0.5902349352836609
1526	HR57	P1PCRpos	B	B	0.5096241235733032
1527	HR57	HR02	B	B	0.2561467885971069
1528	HR57	HR06	B	B	0.2597101032733917
1529	HR57	HR08	B	B	0.3237321376800537
1530	HR57	HR10	B	B	0.2373482882976532
1531	HR57	HR12	B	B	0.3105030953884125
1532	HR57	HR18	B	B	0.2254127562046051
1533	HR57	HR20	B	B	0.303015410900116
1534	HR57	HR22	B	B	0.2118262499570847
1535	HR57	HR24	B	B	0.290963888168335
1536	HR57	HR30	B	B	0.3626462519168854
1537	HR57	HR36	B	B	0.438951700925827
1538	HR57	HR38	B	B	0.427613765001297
1539	HR57	HR42	B	B	0.3418312668800354
1540	HR59	Py2	B	B	0.4128722250461578
1541	HR59	Py4	B	B	0.4122953116893768
1542	HR59	Py6	B	B	0.4153733253479004
1543	HR59	Py8	B	B	0.4161819219589233
1544	HR59	Py10	B	B	0.4227407872676849
1545	HR59	Py12	B	B	0.4082075655460358
1546	HR59	Py14	B	B	0.4417333006858826
1547	HR59	Py16	B	B	0.4118717014789581
1548	HR59	Py18	B	B	0.4433679580688477
1549	HR59	Py20	B	B	0.4513351619243622
1550	HR59	Py22	B	B	0.443281888961792
1551	HR59	Py24	B	B	0.4602838158607483
1552	HR59	Py26	B	B	0.4059623777866364
1553	HR59	Py28	B	B	0.4098087549209595
1554	HR59	Py30	B	B	0.4061930775642395
1555	HR59	Py32	B	B	0.40436851978302
1556	HR59	Py34	B	B	0.4024242758750916
1557	HR59	Py36	B	B	0.4007916748523712
1558	HR59	Py38	B	B	0.4155157208442688
1559	HR59	Py40	B	B	0.4213021397590637
1560	HR59	Py42	B	B	0.4254442453384399
1561	HR59	Py44	B	B	0.4327134191989899
1562	HR59	Py46	B	B	0.4294883906841278
1563	HR59	Py48	B	B	0.4474599659442902
1564	HR59	Py52	B	B	0.4103937745094299
1565	HR59	Py54	B	B	0.4289407134056091
1566	HR59	Py56	B	B	0.438032329082489
1567	HR59	Py58	B	B	0.4400108754634857
1568	HR59	Py62	B	B	0.4243604838848114
1569	HR59	Py64	B	B	0.4207509756088257
1570	HR59	Py66	B	B	0.4179881811141968
1571	HR59	Py68	B	B	0.4226717948913574
1572	HR59	Py70	B	B	0.4097130298614502
1573	HR59	Py72	B	B	0.4186570942401886
1574	HR59	Py79	B	B	0.4663137793540955
1575	HR59	Py81	B	B	0.4736082851886749
1576	HR59	Py83	B	B	0.4670334756374359
1577	HR59	Py85	B	B	0.4640006422996521
1578	HR59	Py87	B	B	0.4627311527729034
1579	HR59	P1extneg	B	B	0.4841708838939667
1580	HR59	P1NTC2	B	B	0.6111157536506653
1581	HR59	P1PCRpos	B	B	0.4703074395656586
1582	HR59	HR02	B	B	0.3588928282260895
1583	HR59	HR06	B	B	0.4135645925998688
1584	HR59	HR08	B	B	0.4723959863185883
1585	HR59	HR10	B	B	0.3537313938140869
1586	HR59	HR12	B	B	0.4444964826107025
1587	HR59	HR18	B	B	0.3698322474956512
1588	HR59	HR20	B	B	0.3643565773963928
1589	HR59	HR22	B	B	0.4260692894458771
1590	HR59	HR24	B	B	0.3331986367702484
1591	HR59	HR30	B	B	0.4051672518253326
1592	HR59	HR36	B	B	0.1874337047338486
1593	HR59	HR38	B	B	0.1995970159769058
1594	HR59	HR42	B	B	0.2785280346870422
1595	HR59	HR57	B	B	0.3988025188446045
1596	HR61	Py2	B	B	0.4629761576652527
1597	HR61	Py4	B	B	0.4609650671482086
1598	HR61	Py6	B	B	0.4699669182300568
1599	HR61	Py8	B	B	0.4702654480934143
1600	HR61	Py10	B	B	0.4788883328437805
1601	HR61	Py12	B	B	0.4640521109104156
1602	HR61	Py14	B	B	0.5012696385383606
1603	HR61	Py16	B	B	0.4680763185024261
1604	HR61	Py18	B	B	0.5032788515090942
1605	HR61	Py20	B	B	0.5176791548728943
1606	HR61	Py22	B	B	0.5049443244934082
1607	HR61	Py24	B	B	0.5295116901397705
1608	HR61	Py26	B	B	0.4588344395160675
1609	HR61	Py28	B	B	0.4646396040916443
1610	HR61	Py30	B	B	0.4617759585380554
1611	HR61	Py32	B	B	0.4597218632698059
1612	HR61	Py34	B	B	0.4570157527923584
1613	HR61	Py36	B	B	0.4561374485492706
1614	HR61	Py38	B	B	0.4673528671264648
1615	HR61	Py40	B	B	0.4692772626876831
1616	HR61	Py42	B	B	0.4718509316444397
1617	HR61	Py44	B	B	0.4809462428092957
1618	HR61	Py46	B	B	0.4777191281318665
1619	HR61	Py48	B	B	0.4996037185192108
1620	HR61	Py52	B	B	0.4539417922496796
1621	HR61	Py54	B	B	0.4793882369995117
1622	HR61	Py56	B	B	0.4916872084140778
1623	HR61	Py58	B	B	0.4918972253799438
1624	HR61	Py62	B	B	0.4712115526199341
1625	HR61	Py64	B	B	0.4682795405387878
1626	HR61	Py66	B	B	0.4658247530460358
1627	HR61	Py68	B	B	0.4691877961158752
1628	HR61	Py70	B	B	0.4568553268909454
1629	HR61	Py72	B	B	0.4660938680171967
1630	HR61	Py79	B	B	0.5230205059051514
1631	HR61	Py81	B	B	0.5355281829833984
1632	HR61	Py83	B	B	0.5217651128768921
1633	HR61	Py85	B	B	0.518564760684967
1634	HR61	Py87	B	B	0.5090152621269226
1635	HR61	P1extneg	B	B	0.4742754399776459
1636	HR61	P1NTC2	B	B	0.6872914433479309
1637	HR61	P1PCRpos	B	B	0.5600894093513489
1638	HR61	HR02	B	B	0.3565732836723328
1639	HR61	HR06	B	B	0.4164981544017792
1640	HR61	HR08	B	B	0.504996120929718
1641	HR61	HR10	B	B	0.3261568248271942
1642	HR61	HR12	B	B	0.4319797456264496
1643	HR61	HR18	B	B	0.3402301371097565
1644	HR61	HR20	B	B	0.3203707635402679
1645	HR61	HR22	B	B	0.4197382032871246
1646	HR61	HR24	B	B	0.2822459042072296
1647	HR61	HR30	B	B	0.1477223485708237
1648	HR61	HR36	B	B	0.4502281546592712
1649	HR61	HR38	B	B	0.4160482883453369
1650	HR61	HR42	B	B	0.2112548053264618
1651	HR61	HR57	B	B	0.3987684547901154
1652	HR61	HR59	B	B	0.3886440694332123
1653	HR67	Py2	B	B	0.5015202760696411
1654	HR67	Py4	B	B	0.5008375644683838
1655	HR67	Py6	B	B	0.494800329208374
1656	HR67	Py8	B	B	0.5075151324272156
1657	HR67	Py10	B	B	0.5140953063964844
1658	HR67	Py12	B	B	0.4972556531429291
1659	HR67	Py14	B	B	0.5326582193374634
1660	HR67	Py16	B	B	0.5028878450393677
1661	HR67	Py18	B	B	0.5343621969223022
1662	HR67	Py20	B	B	0.5423012375831604
1663	HR67	Py22	B	B	0.5344696044921875
1664	HR67	Py24	B	B	0.5498999357223511
1665	HR67	Py26	B	B	0.4971367716789246
1666	HR67	Py28	B	B	0.5016019344329834
1667	HR67	Py30	B	B	0.4980649948120117
1668	HR67	Py32	B	B	0.4961579740047455
1669	HR67	Py34	B	B	0.4944886863231659
1670	HR67	Py36	B	B	0.4926434755325317
1671	HR67	Py38	B	B	0.4981043636798859
1672	HR67	Py40	B	B	0.5033332109451294
1673	HR67	Py42	B	B	0.5060056447982788
1674	HR67	Py44	B	B	0.5160948038101196
1675	HR67	Py46	B	B	0.5134313702583313
1676	HR67	Py48	B	B	0.5303649306297302
1677	HR67	Py52	B	B	0.4853944182395935
1678	HR67	Py54	B	B	0.5146399140357971
1679	HR67	Py56	B	B	0.5241426825523376
1680	HR67	Py58	B	B	0.5260832905769348
1681	HR67	Py62	B	B	0.5051877498626709
1682	HR67	Py64	B	B	0.5007674098014832
1683	HR67	Py66	B	B	0.4983708560466766
1684	HR67	Py68	B	B	0.5041532516479492
1685	HR67	Py70	B	B	0.4926316142082214
1686	HR67	Py72	B	B	0.4990065097808838
1687	HR67	Py79	B	B	0.5306735038757324
1688	HR67	Py81	B	B	0.533532440662384
1689	HR67	Py83	B	B	0.5270578265190125
1690	HR67	Py85	B	B	0.5256412029266357
1691	HR67	Py87	B	B	0.5135501027107239
1692	HR67	P1extneg	B	B	0.4723888635635376
1693	HR67	P1NTC2	B	B	0.6872348189353943
1694	HR67	P1PCRpos	B	B	0.5506466627120972
1695	HR67	HR02	B	B	0.3861970901489258
1696	HR67	HR06	B	B	0.421539694070816
1697	HR67	HR08	B	B	0.4689606726169586
1698	HR67	HR10	B	B	0.3771687150001526
1699	HR67	HR12	B	B	0.4442878663539886
1700	HR67	HR18	B	B	0.3877378106117249
1701	HR67	HR20	B	B	0.434689462184906
1702	HR67	HR22	B	B	0.437709629535675
1703	HR67	HR24	B	B	0.361212432384491
1704	HR67	HR30	B	B	0.3077483177185059
1705	HR67	HR36	B	B	0.3629167675971985
1706	HR67	HR38	B	B	0.2509565353393555
1707	HR67	HR42	B	B	0.2008178681135178
1708	HR67	HR57	B	B	0.4301363825798035
1709	HR67	HR59	B	B	0.2923380732536316
1710	HR67	HR61	B	B	0.2906009256839752
1711	HR71	Py2	B	B	0.7291352152824402
1712	HR71	Py4	B	B	0.7283238172531128
1713	HR71	Py6	B	B	0.7260920405387878
1714	HR71	Py8	B	B	0.7364681959152222
1715	HR71	Py10	B	B	0.7445704936981201
1716	HR71	Py12	B	B	0.7246009707450867
1717	HR71	Py14	B	B	0.7619898915290833
1718	HR71	Py16	B	B	0.7316844463348389
1719	HR71	Py18	B	B	0.7648923397064209
1720	HR71	Py20	B	B	0.7732197046279907
1721	HR71	Py22	B	B	0.7645418643951416
1722	HR71	Py24	B	B	0.7793693542480469
1723	HR71	Py26	B	B	0.7243867516517639
1724	HR71	Py28	B	B	0.7295971512794495
1725	HR71	Py30	B	B	0.7272480726242065
1726	HR71	Py32	B	B	0.7252085208892822
1727	HR71	Py34	B	B	0.7235784530639648
1728	HR71	Py36	B	B	0.722082257270813
1729	HR71	Py38	B	B	0.7342513799667358
1730	HR71	Py40	B	B	0.7361791729927063
1731	HR71	Py42	B	B	0.7427667379379272
1732	HR71	Py44	B	B	0.7477056384086609
1733	HR71	Py46	B	B	0.7439695000648499
1734	HR71	Py48	B	B	0.761770486831665
1735	HR71	Py52	B	B	0.7210562825202942
1736	HR71	Py54	B	B	0.7428610324859619
1737	HR71	Py56	B	B	0.7516968846321106
1738	HR71	Py58	B	B	0.7537663578987122
1739	HR71	Py62	B	B	0.7401371002197266
1740	HR71	Py64	B	B	0.7370734214782715
1741	HR71	Py66	B	B	0.7333019375801086
1742	HR71	Py68	B	B	0.7385955452919006
1743	HR71	Py70	B	B	0.7260106801986694
1744	HR71	Py72	B	B	0.7367275953292847
1745	HR71	Py79	B	B	0.7808507680892944
1746	HR71	Py81	B	B	0.773306667804718
1747	HR71	Py83	B	B	0.7681954503059387
1748	HR71	Py85	B	B	0.7650775909423828
1749	HR71	Py87	B	B	0.7820876836776733
1750	HR71	P1extneg	B	B	0.8183192014694214
1751	HR71	P1NTC2	B	B	0.9173873662948608
1752	HR71	P1PCRpos	B	B	0.7587717771530151
1753	HR71	HR02	B	B	0.6567739844322205
1754	HR71	HR06	B	B	0.5970794558525085
1755	HR71	HR08	B	B	0.6938387155532837
1756	HR71	HR10	B	B	0.6590127944946289
1757	HR71	HR12	B	B	0.5451598167419434
1758	HR71	HR18	B	B	0.6459680795669556
1759	HR71	HR20	B	B	0.7049553394317627
1760	HR71	HR22	B	B	0.6734351515769958
1761	HR71	HR24	B	B	0.6977643966674805
1762	HR71	HR30	B	B	0.7743911147117615
1763	HR71	HR36	B	B	0.7379509806632996
1764	HR71	HR38	B	B	0.7609652876853943
1765	HR71	HR42	B	B	0.7326123714447021
1766	HR71	HR57	B	B	0.6929502487182617
1767	HR71	HR59	B	B	0.7515642046928406
1768	HR71	HR61	B	B	0.796231210231781
1769	HR71	HR67	B	B	0.7604156732559204
1770	H1	Py2	B	B	0.4595625698566437
1771	H1	Py4	B	B	0.460886538028717
1772	H1	Py6	B	B	0.4736840724945068
1773	H1	Py8	B	B	0.4742496013641357
1774	H1	Py10	B	B	0.482605516910553
1775	H1	Py12	B	B	0.4599225223064423
1776	H1	Py14	B	B	0.4999244213104248
1777	H1	Py16	B	B	0.4686072766780853
1778	H1	Py18	B	B	0.5041776299476624
1779	H1	Py20	B	B	0.5168078541755676
1780	H1	Py22	B	B	0.5035102963447571
1781	H1	Py24	B	B	0.5213525891304016
1782	H1	Py26	B	B	0.4621215164661407
1783	H1	Py28	B	B	0.4707405269145966
1784	H1	Py30	B	B	0.4689515233039856
1785	H1	Py32	B	B	0.4672049880027771
1786	H1	Py34	B	B	0.4631834626197815
1787	H1	Py36	B	B	0.4620403349399567
1788	H1	Py38	B	B	0.4474891424179077
1789	H1	Py40	B	B	0.4536799490451813
1790	H1	Py42	B	B	0.4577085375785828
1791	H1	Py44	B	B	0.4686257243156433
1792	H1	Py46	B	B	0.4664865732192993
1793	H1	Py48	B	B	0.4825027883052826
1794	H1	Py52	B	B	0.4385729730129242
1795	H1	Py54	B	B	0.4702612161636353
1796	H1	Py56	B	B	0.4788610637187958
1797	H1	Py58	B	B	0.4807135462760925
1798	H1	Py62	B	B	0.4565243422985077
1799	H1	Py64	B	B	0.4532268643379211
1800	H1	Py66	B	B	0.4506504237651825
1801	H1	Py68	B	B	0.4556675553321838
1802	H1	Py70	B	B	0.4437434673309326
1803	H1	Py72	B	B	0.4517583847045898
1804	H1	Py79	B	B	0.5076210498809814
1805	H1	Py81	B	B	0.5106826424598694
1806	H1	Py83	B	B	0.5029270648956299
1807	H1	Py85	B	B	0.5033738017082214
1808	H1	Py87	B	B	0.4876185059547424
1809	H1	P1extneg	B	B	0.4470185041427612
1810	H1	P1NTC2	B	B	0.6606355309486389
1811	H1	P1PCRpos	B	B	0.5556573867797852
1812	H1	HR02	B	B	0.3228806853294373
1813	H1	HR06	B	B	0.3892621099948883
1814	H1	HR08	B	B	0.490001916885376
1815	H1	HR10	B	B	0.296518474817276
1816	H1	HR12	B	B	0.3992228507995605
1817	H1	HR18	B	B	0.293340265750885
1818	H1	HR20	B	B	0.315900057554245
1819	H1	HR22	B	B	0.3734909296035767
1820	H1	HR24	B	B	0.2579882740974426
1821	H1	HR30	B	B	0.1988809406757355
1822	H1	HR36	B	B	0.4434456527233124
1823	H1	HR38	B	B	0.4085610508918762
1824	H1	HR42	B	B	0.2183783501386642
1825	H1	HR57	B	B	0.3549660742282867
1826	H1	HR59	B	B	0.3967868685722351
1827	H1	HR61	B	B	0.2059233337640762
1828	H1	HR67	B	B	0.2862384617328644
1829	H1	HR71	B	B	0.7753729820251465
1830	H8	Py2	B	B	0.3467183709144592
1831	H8	Py4	B	B	0.3485426008701324
1832	H8	Py6	B	B	0.3622423708438873
1833	H8	Py8	B	B	0.3642381429672241
1834	H8	Py10	B	B	0.3745817840099335
1835	H8	Py12	B	B	0.3476837575435638
1836	H8	Py14	B	B	0.4053153097629547
1837	H8	Py16	B	B	0.3579065203666687
1838	H8	Py18	B	B	0.4100926518440247
1839	H8	Py20	B	B	0.4249824285507202
1840	H8	Py22	B	B	0.4091773331165314
1841	H8	Py24	B	B	0.4283366799354553
1842	H8	Py26	B	B	0.3500974178314209
1843	H8	Py28	B	B	0.3602806329727173
1844	H8	Py30	B	B	0.3598477840423584
1845	H8	Py32	B	B	0.3577306270599365
1846	H8	Py34	B	B	0.3537383377552032
1847	H8	Py36	B	B	0.3526980876922607
1848	H8	Py38	B	B	0.3317362070083618
1849	H8	Py40	B	B	0.3448474407196045
1850	H8	Py42	B	B	0.3438617587089539
1851	H8	Py44	B	B	0.3601735532283783
1852	H8	Py46	B	B	0.3576994240283966
1853	H8	Py48	B	B	0.3774435520172119
1854	H8	Py52	B	B	0.3233777284622192
1855	H8	Py54	B	B	0.3610034286975861
1856	H8	Py56	B	B	0.3735273778438568
1857	H8	Py58	B	B	0.376952201128006
1858	H8	Py62	B	B	0.3450916409492493
1859	H8	Py64	B	B	0.3406299352645874
1860	H8	Py66	B	B	0.3371107280254364
1861	H8	Py68	B	B	0.3441804945468903
1862	H8	Py70	B	B	0.3341382145881653
1863	H8	Py72	B	B	0.3382727801799774
1864	H8	Py79	B	B	0.3808039426803589
1865	H8	Py81	B	B	0.3860654532909393
1866	H8	Py83	B	B	0.3827781975269318
1867	H8	Py85	B	B	0.3791047632694244
1868	H8	Py87	B	B	0.3672486245632172
1869	H8	P1extneg	B	B	0.4269410371780396
1870	H8	P1NTC2	B	B	0.5730502605438232
1871	H8	P1PCRpos	B	B	0.4688656628131866
1872	H8	HR02	B	B	0.1671594232320786
1873	H8	HR06	B	B	0.1942727565765381
1874	H8	HR08	B	B	0.3107900321483612
1875	H8	HR10	B	B	0.1467037796974182
1876	H8	HR12	B	B	0.2386523634195328
1877	H8	HR18	B	B	0.125272661447525
1878	H8	HR20	B	B	0.1991762965917587
1879	H8	HR22	B	B	0.1880427002906799
1880	H8	HR24	B	B	0.2001418322324753
1881	H8	HR30	B	B	0.3043415546417236
1882	H8	HR36	B	B	0.3888908326625824
1883	H8	HR38	B	B	0.3987085521221161
1884	H8	HR42	B	B	0.3085925579071045
1885	H8	HR57	B	B	0.2184519469738007
1886	H8	HR59	B	B	0.3687759041786194
1887	H8	HR61	B	B	0.3275634050369263
1888	H8	HR67	B	B	0.3923175036907196
1889	H8	HR71	B	B	0.6660926342010498
1890	H8	H1	B	B	0.2998984754085541
1891	H12	Py2	B	B	0.4511004090309143
1892	H12	Py4	B	B	0.4521617293357849
1893	H12	Py6	B	B	0.4538639783859253
1894	H12	Py8	B	B	0.4612584710121155
1895	H12	Py10	B	B	0.4689086377620697
1896	H12	Py12	B	B	0.4506613910198212
1897	H12	Py14	B	B	0.4877921640872955
1898	H12	Py16	B	B	0.4563045799732208
1899	H12	Py18	B	B	0.4903509020805359
1900	H12	Py20	B	B	0.5028491616249084
1901	H12	Py22	B	B	0.489944726228714
1902	H12	Py24	B	B	0.5125827193260193
1903	H12	Py26	B	B	0.4502244889736176
1904	H12	Py28	B	B	0.4556572735309601
1905	H12	Py30	B	B	0.452800989151001
1906	H12	Py32	B	B	0.4508771300315857
1907	H12	Py34	B	B	0.4484721720218658
1908	H12	Py36	B	B	0.4469599425792694
1909	H12	Py38	B	B	0.4491509795188904
1910	H12	Py40	B	B	0.4574613571166992
1911	H12	Py42	B	B	0.46115443110466
1912	H12	Py44	B	B	0.4689152836799622
1913	H12	Py46	B	B	0.4656790494918823
1914	H12	Py48	B	B	0.483868807554245
1915	H12	Py52	B	B	0.4405798614025116
1916	H12	Py54	B	B	0.4650474190711975
1917	H12	Py56	B	B	0.4751456379890442
1918	H12	Py58	B	B	0.476771354675293
1919	H12	Py62	B	B	0.4605891406536102
1920	H12	Py64	B	B	0.4573062360286713
1921	H12	Py66	B	B	0.4541903138160706
1922	H12	Py68	B	B	0.4587724804878235
1923	H12	Py70	B	B	0.4456052184104919
1924	H12	Py72	B	B	0.4548895359039307
1925	H12	Py79	B	B	0.499343067407608
1926	H12	Py81	B	B	0.5105149745941162
1927	H12	Py83	B	B	0.4989260137081146
1928	H12	Py85	B	B	0.4951914548873901
1929	H12	Py87	B	B	0.4860443472862244
1930	H12	P1extneg	B	B	0.4483868777751923
1931	H12	P1NTC2	B	B	0.666287362575531
1932	H12	P1PCRpos	B	B	0.5385767221450806
1933	H12	HR02	B	B	0.3251486122608185
1934	H12	HR06	B	B	0.3874731063842773
1935	H12	HR08	B	B	0.4828435480594635
1936	H12	HR10	B	B	0.3023539483547211
1937	H12	HR12	B	B	0.4114385843276978
1938	H12	HR18	B	B	0.3100592494010925
1939	H12	HR20	B	B	0.3032615184783936
1940	H12	HR22	B	B	0.3845736980438232
1941	H12	HR24	B	B	0.2601614594459534
1942	H12	HR30	B	B	0.1733132749795914
1943	H12	HR36	B	B	0.4487068355083466
1944	H12	HR38	B	B	0.4180931150913239
1945	H12	HR42	B	B	0.215604692697525
1946	H12	HR57	B	B	0.366610199213028
1947	H12	HR59	B	B	0.3986148238182068
1948	H12	HR61	B	B	0.1908906102180481
1949	H12	HR67	B	B	0.3032874166965485
1950	H12	HR71	B	B	0.7645701766014099
1951	H12	H1	B	B	0.203653872013092
1952	H12	H8	B	B	0.291310042142868
1953	H16	Py2	B	B	0.4513596892356873
1954	H16	Py4	B	B	0.4529640972614288
1955	H16	Py6	B	B	0.4662156105041504
1956	H16	Py8	B	B	0.4679908454418182
1957	H16	Py10	B	B	0.4776434898376465
1958	H16	Py12	B	B	0.4530200660228729
1959	H16	Py14	B	B	0.4995008111000061
1960	H16	Py16	B	B	0.4616613984107971
1961	H16	Py18	B	B	0.5041756629943848
1962	H16	Py20	B	B	0.5191413164138794
1963	H16	Py22	B	B	0.5033504962921143
1964	H16	Py24	B	B	0.5237260460853577
1965	H16	Py26	B	B	0.4532563388347626
1966	H16	Py28	B	B	0.4639684855937958
1967	H16	Py30	B	B	0.4637917280197144
1968	H16	Py32	B	B	0.4616862535476685
1969	H16	Py34	B	B	0.4572303891181946
1970	H16	Py36	B	B	0.4562599956989288
1971	H16	Py38	B	B	0.4465254545211792
1972	H16	Py40	B	B	0.4564450085163116
1973	H16	Py42	B	B	0.459819883108139
1974	H16	Py44	B	B	0.4682613909244537
1975	H16	Py46	B	B	0.4649951159954071
1976	H16	Py48	B	B	0.4827165901660919
1977	H16	Py52	B	B	0.4386830031871796
1978	H16	Py54	B	B	0.4660204648971558
1979	H16	Py56	B	B	0.474614143371582
1980	H16	Py58	B	B	0.4764792621135712
1981	H16	Py62	B	B	0.4601103663444519
1982	H16	Py64	B	B	0.457004189491272
1983	H16	Py66	B	B	0.4534224271774292
1984	H16	Py68	B	B	0.4584264755249023
1985	H16	Py70	B	B	0.4450975954532623
1986	H16	Py72	B	B	0.454092264175415
1987	H16	Py79	B	B	0.5099418759346008
1988	H16	Py81	B	B	0.5205599069595337
1989	H16	Py83	B	B	0.5077769756317139
1990	H16	Py85	B	B	0.5056671500205994
1991	H16	Py87	B	B	0.4930559396743774
1992	H16	P1extneg	B	B	0.4541121125221252
1993	H16	P1NTC2	B	B	0.6717431545257568
1994	H16	P1PCRpos	B	B	0.5545457005500793
1995	H16	HR02	B	B	0.3226404786109924
1996	H16	HR06	B	B	0.3749122619628906
1997	H16	HR08	B	B	0.4823753833770752
1998	H16	HR10	B	B	0.2880749106407166
1999	H16	HR12	B	B	0.3976764380931854
2000	H16	HR18	B	B	0.2905076742172241
2001	H16	HR20	B	B	0.2768313884735107
2002	H16	HR22	B	B	0.3732669949531555
2003	H16	HR24	B	B	0.2551319599151611
2004	H16	HR30	B	B	0.1503496170043945
2005	H16	HR36	B	B	0.4612192809581757
2006	H16	HR38	B	B	0.4186061918735504
2007	H16	HR42	B	B	0.2242290526628494
2008	H16	HR57	B	B	0.3631612062454224
2009	H16	HR59	B	B	0.4073542356491089
2010	H16	HR61	B	B	0.1740279346704483
2011	H16	HR67	B	B	0.2935551404953003
2012	H16	HR71	B	B	0.7724031209945679
2013	H16	H1	B	B	0.1689283847808838
2014	H16	H8	B	B	0.2801931500434875
2015	H16	H12	B	B	0.1486575901508331
2016	P2PCRpos	Py2	B	B	0.3830545842647552
2017	P2PCRpos	Py4	B	B	0.3774676620960236
2018	P2PCRpos	Py6	B	B	0.3798941373825073
2019	P2PCRpos	Py8	B	B	0.3759647309780121
2020	P2PCRpos	Py10	B	B	0.3798361718654633
2021	P2PCRpos	Py12	B	B	0.365582138299942
2022	P2PCRpos	Py14	B	B	0.3829454779624939
2023	P2PCRpos	Py16	B	B	0.3737761080265045
2024	P2PCRpos	Py18	B	B	0.3880261182785034
2025	P2PCRpos	Py20	B	B	0.3850790858268738
2026	P2PCRpos	Py22	B	B	0.3820065855979919
2027	P2PCRpos	Py24	B	B	0.3528379201889038
2028	P2PCRpos	Py26	B	B	0.3710417449474335
2029	P2PCRpos	Py28	B	B	0.3586066365242004
2030	P2PCRpos	Py30	B	B	0.3567561209201813
2031	P2PCRpos	Py32	B	B	0.3534171879291534
2032	P2PCRpos	Py34	B	B	0.3664801716804504
2033	P2PCRpos	Py36	B	B	0.3638832569122314
2034	P2PCRpos	Py38	B	B	0.4038573205471039
2035	P2PCRpos	Py40	B	B	0.3920709490776062
2036	P2PCRpos	Py42	B	B	0.3958407044410706
2037	P2PCRpos	Py44	B	B	0.3963226079940796
2038	P2PCRpos	Py46	B	B	0.3933491706848145
2039	P2PCRpos	Py48	B	B	0.406011164188385
2040	P2PCRpos	Py52	B	B	0.3982876241207123
2041	P2PCRpos	Py54	B	B	0.3765909373760223
2042	P2PCRpos	Py56	B	B	0.3781282901763916
2043	P2PCRpos	Py58	B	B	0.3808426558971405
2044	P2PCRpos	Py62	B	B	0.3698900043964386
2045	P2PCRpos	Py64	B	B	0.3744125962257385
2046	P2PCRpos	Py66	B	B	0.375108540058136
2047	P2PCRpos	Py68	B	B	0.3755953013896942
2048	P2PCRpos	Py70	B	B	0.3715119957923889
2049	P2PCRpos	Py72	B	B	0.3795541524887085
2050	P2PCRpos	Py79	B	B	0.4747065901756287
2051	P2PCRpos	Py81	B	B	0.4727405309677124
2052	P2PCRpos	Py83	B	B	0.4866472184658051
2053	P2PCRpos	Py85	B	B	0.4802616536617279
2054	P2PCRpos	Py87	B	B	0.5009764432907104
2055	P2PCRpos	P1extneg	B	B	0.4844629168510437
2056	P2PCRpos	P1NTC2	B	B	0.4472203850746155
2057	P2PCRpos	P1PCRpos	B	B	0.0247038658708334
2058	P2PCRpos	HR02	B	B	0.4508304297924042
2059	P2PCRpos	HR06	B	B	0.4686685502529144
2060	P2PCRpos	HR08	B	B	0.4861159920692444
2061	P2PCRpos	HR10	B	B	0.4660632014274597
2062	P2PCRpos	HR12	B	B	0.5155244469642639
2063	P2PCRpos	HR18	B	B	0.4707221984863281
2064	P2PCRpos	HR20	B	B	0.4651201665401459
2065	P2PCRpos	HR22	B	B	0.4892403483390808
2066	P2PCRpos	HR24	B	B	0.4647938907146454
2067	P2PCRpos	HR30	B	B	0.5402994751930237
2068	P2PCRpos	HR36	B	B	0.4269425272941589
2069	P2PCRpos	HR38	B	B	0.4970031380653381
2070	P2PCRpos	HR42	B	B	0.5220091938972473
2071	P2PCRpos	HR57	B	B	0.507831335067749
2072	P2PCRpos	HR59	B	B	0.4683889150619507
2073	P2PCRpos	HR61	B	B	0.5581710934638977
2074	P2PCRpos	HR67	B	B	0.5495558381080627
2075	P2PCRpos	HR71	B	B	0.7614113092422485
2076	P2PCRpos	H1	B	B	0.5536859035491943
2077	P2PCRpos	H8	B	B	0.4668914675712585
2078	P2PCRpos	H12	B	B	0.5367163419723511
2079	P2PCRpos	H16	B	B	0.5525445342063904
2080	Han02	Py2	B	B	0.4461007714271545
2081	Han02	Py4	B	B	0.4534407556056976
2082	Han02	Py6	B	B	0.4498109221458435
2083	Han02	Py8	B	B	0.4807610511779785
2084	Han02	Py10	B	B	0.4893013834953308
2085	Han02	Py12	B	B	0.4660838842391968
2086	Han02	Py14	B	B	0.5121939778327942
2087	Han02	Py16	B	B	0.4717852473258972
2088	Han02	Py18	B	B	0.5168871879577637
2089	Han02	Py20	B	B	0.5288861989974976
2090	Han02	Py22	B	B	0.5149828791618347
2091	Han02	Py24	B	B	0.5298058390617371
2092	Han02	Py26	B	B	0.4557932317256927
2093	Han02	Py28	B	B	0.4715618491172791
2094	Han02	Py30	B	B	0.4723190069198608
2095	Han02	Py32	B	B	0.4711125493049622
2096	Han02	Py34	B	B	0.4615522027015686
2097	Han02	Py36	B	B	0.4621583819389343
2098	Han02	Py38	B	B	0.3827375173568726
2099	Han02	Py40	B	B	0.4346562922000885
2100	Han02	Py42	B	B	0.4078413546085358
2101	Han02	Py44	B	B	0.4621953070163727
2102	Han02	Py46	B	B	0.4622833430767059
2103	Han02	Py48	B	B	0.4694524705410004
2104	Han02	Py52	B	B	0.4015935957431793
2105	Han02	Py54	B	B	0.472442626953125
2106	Han02	Py56	B	B	0.4836717844009399
2107	Han02	Py58	B	B	0.4860706031322479
2108	Han02	Py62	B	B	0.4238469004631042
2109	Han02	Py64	B	B	0.4081148505210876
2110	Han02	Py66	B	B	0.4071832597255707
2111	Han02	Py68	B	B	0.4183571338653564
2112	Han02	Py70	B	B	0.4154829084873199
2113	Han02	Py72	B	B	0.4024041593074799
2114	Han02	Py79	B	B	0.2574333548545837
2115	Han02	Py81	B	B	0.2571014761924744
2116	Han02	Py83	B	B	0.1914239525794983
2117	Han02	Py85	B	B	0.1937524080276489
2118	Han02	Py87	B	B	0.2096066325902939
2119	Han02	P1extneg	B	B	0.4026815891265869
2120	Han02	P1NTC2	B	B	0.6066403388977051
2121	Han02	P1PCRpos	B	B	0.544806718826294
2122	Han02	HR02	B	B	0.4350912868976593
2123	Han02	HR06	B	B	0.4444364309310913
2124	Han02	HR08	B	B	0.4408675730228424
2125	Han02	HR10	B	B	0.4232742488384247
2126	Han02	HR12	B	B	0.4892378747463226
2127	Han02	HR18	B	B	0.4335388243198395
2128	Han02	HR20	B	B	0.4658074676990509
2129	Han02	HR22	B	B	0.4123514592647552
2130	Han02	HR24	B	B	0.4714335203170776
2131	Han02	HR30	B	B	0.5508944988250732
2132	Han02	HR36	B	B	0.5248968005180359
2133	Han02	HR38	B	B	0.5377534031867981
2134	Han02	HR42	B	B	0.5211690068244934
2135	Han02	HR57	B	B	0.4005276560783386
2136	Han02	HR59	B	B	0.5200278759002686
2137	Han02	HR61	B	B	0.5693403482437134
2138	Han02	HR67	B	B	0.5564672350883484
2139	Han02	HR71	B	B	0.806489109992981
2140	Han02	H1	B	B	0.538351833820343
2141	Han02	H8	B	B	0.4181759655475616
2142	Han02	H12	B	B	0.5391837358474731
2143	Han02	H16	B	B	0.5409818291664124
2144	Han02	P2PCRpos	B	B	0.5428001880645752
2145	Han04	Py2	B	B	0.4397262334823608
2146	Han04	Py4	B	B	0.4471210241317749
2147	Han04	Py6	B	B	0.4498725831508636
2148	Han04	Py8	B	B	0.4742429852485657
2149	Han04	Py10	B	B	0.4855648875236511
2150	Han04	Py12	B	B	0.4537569880485535
2151	Han04	Py14	B	B	0.5037718415260315
2152	Han04	Py16	B	B	0.4642553925514221
2153	Han04	Py18	B	B	0.5084694623947144
2154	Han04	Py20	B	B	0.5154469013214111
2155	Han04	Py22	B	B	0.5046073198318481
2156	Han04	Py24	B	B	0.5161694884300232
2157	Han04	Py26	B	B	0.4475111961364746
2158	Han04	Py28	B	B	0.46134352684021
2159	Han04	Py30	B	B	0.4616392850875854
2160	Han04	Py32	B	B	0.4582732915878296
2161	Han04	Py34	B	B	0.4533285200595856
2162	Han04	Py36	B	B	0.4526449739933014
2163	Han04	Py38	B	B	0.3869562447071075
2164	Han04	Py40	B	B	0.4311938285827637
2165	Han04	Py42	B	B	0.4080446064472198
2166	Han04	Py44	B	B	0.4606977701187134
2167	Han04	Py46	B	B	0.4607445597648621
2168	Han04	Py48	B	B	0.468865841627121
2169	Han04	Py52	B	B	0.3975187242031097
2170	Han04	Py54	B	B	0.4675045013427734
2171	Han04	Py56	B	B	0.4779970943927765
2172	Han04	Py58	B	B	0.4808562099933624
2173	Han04	Py62	B	B	0.4152293801307678
2174	Han04	Py64	B	B	0.4001602530479431
2175	Han04	Py66	B	B	0.3960705101490021
2176	Han04	Py68	B	B	0.4146557748317719
2177	Han04	Py70	B	B	0.4087879061698914
2178	Han04	Py72	B	B	0.3954230844974518
2179	Han04	Py79	B	B	0.3450941145420074
2180	Han04	Py81	B	B	0.3834845423698425
2181	Han04	Py83	B	B	0.3826930522918701
2182	Han04	Py85	B	B	0.379692018032074
2183	Han04	Py87	B	B	0.3143616616725922
2184	Han04	P1extneg	B	B	0.4433376491069794
2185	Han04	P1NTC2	B	B	0.5388152599334717
2186	Han04	P1PCRpos	B	B	0.5402222871780396
2187	Han04	HR02	B	B	0.4619864821434021
2188	Han04	HR06	B	B	0.4686769545078278
2189	Han04	HR08	B	B	0.5033032894134521
2190	Han04	HR10	B	B	0.4799018502235413
2191	Han04	HR12	B	B	0.5261059999465942
2192	Han04	HR18	B	B	0.4683338105678558
2193	Han04	HR20	B	B	0.4936064779758453
2194	Han04	HR22	B	B	0.4368748664855957
2195	Han04	HR24	B	B	0.5063045024871826
2196	Han04	HR30	B	B	0.603782594203949
2197	Han04	HR36	B	B	0.5445058345794678
2198	Han04	HR38	B	B	0.589445948600769
2199	Han04	HR42	B	B	0.582114040851593
2200	Han04	HR57	B	B	0.4904578030109406
2201	Han04	HR59	B	B	0.5743882060050964
2202	Han04	HR61	B	B	0.6249088048934937
2203	Han04	HR67	B	B	0.6069387197494507
2204	Han04	HR71	B	B	0.8454728126525879
2205	Han04	H1	B	B	0.5890975594520569
2206	Han04	H8	B	B	0.4600816369056702
2207	Han04	H12	B	B	0.592459499835968
2208	Han04	H16	B	B	0.5922642350196838
2209	Han04	P2PCRpos	B	B	0.5382009148597717
2210	Han04	Han02	B	B	0.2903232872486115
2211	Han06	Py2	B	B	0.4480137825012207
2212	Han06	Py4	B	B	0.4563298225402832
2213	Han06	Py6	B	B	0.4505393505096436
2214	Han06	Py8	B	B	0.4833579659461975
2215	Han06	Py10	B	B	0.4924585819244385
2216	Han06	Py12	B	B	0.469980388879776
2217	Han06	Py14	B	B	0.5123552083969116
2218	Han06	Py16	B	B	0.4747769236564636
2219	Han06	Py18	B	B	0.5157757997512817
2220	Han06	Py20	B	B	0.5277189016342163
2221	Han06	Py22	B	B	0.5138399004936218
2222	Han06	Py24	B	B	0.5286557078361511
2223	Han06	Py26	B	B	0.4587154984474182
2224	Han06	Py28	B	B	0.4757929146289825
2225	Han06	Py30	B	B	0.4768860042095184
2226	Han06	Py32	B	B	0.4757267832756042
2227	Han06	Py34	B	B	0.464416116476059
2228	Han06	Py36	B	B	0.4655220210552216
2229	Han06	Py38	B	B	0.4195722341537476
2230	Han06	Py40	B	B	0.4468427896499634
2231	Han06	Py42	B	B	0.4377255439758301
2232	Han06	Py44	B	B	0.4653187990188599
2233	Han06	Py46	B	B	0.4647231101989746
2234	Han06	Py48	B	B	0.4796817898750305
2235	Han06	Py52	B	B	0.4224379658699036
2236	Han06	Py54	B	B	0.4777973294258118
2237	Han06	Py56	B	B	0.4897542893886566
2238	Han06	Py58	B	B	0.4908379912376404
2239	Han06	Py62	B	B	0.4456195533275604
2240	Han06	Py64	B	B	0.4378292560577393
2241	Han06	Py66	B	B	0.4370191991329193
2242	Han06	Py68	B	B	0.4403466582298279
2243	Han06	Py70	B	B	0.4290960431098938
2244	Han06	Py72	B	B	0.4353234171867371
2245	Han06	Py79	B	B	0.2620708048343658
2246	Han06	Py81	B	B	0.2684382498264313
2247	Han06	Py83	B	B	0.1770477741956711
2248	Han06	Py85	B	B	0.1812427937984467
2249	Han06	Py87	B	B	0.2500280439853668
2250	Han06	P1extneg	B	B	0.4499605298042297
2251	Han06	P1NTC2	B	B	0.6428093314170837
2252	Han06	P1PCRpos	B	B	0.5326632857322693
2253	Han06	HR02	B	B	0.4389894604682922
2254	Han06	HR06	B	B	0.4505111277103424
2255	Han06	HR08	B	B	0.4336463212966919
2256	Han06	HR10	B	B	0.4301812946796417
2257	Han06	HR12	B	B	0.4933917224407196
2258	Han06	HR18	B	B	0.4405370950698853
2259	Han06	HR20	B	B	0.4695339500904083
2260	Han06	HR22	B	B	0.4298631846904755
2261	Han06	HR24	B	B	0.4809094071388245
2262	Han06	HR30	B	B	0.5555737614631653
2263	Han06	HR36	B	B	0.5175009965896606
2264	Han06	HR38	B	B	0.5347086787223816
2265	Han06	HR42	B	B	0.526033878326416
2266	Han06	HR57	B	B	0.4193161427974701
2267	Han06	HR59	B	B	0.5206552147865295
2268	Han06	HR61	B	B	0.5738255381584167
2269	Han06	HR67	B	B	0.5557632446289062
2270	Han06	HR71	B	B	0.7830660939216614
2271	Han06	H1	B	B	0.5454351305961609
2272	Han06	H8	B	B	0.4301408529281616
2273	Han06	H12	B	B	0.5395391583442688
2274	Han06	H16	B	B	0.5445467829704285
2275	Han06	P2PCRpos	B	B	0.5305995941162109
2276	Han06	Han02	B	B	0.1590303629636765
2277	Han06	Han04	B	B	0.4031274318695068
2278	Han08	Py2	B	B	0.4377633929252625
2279	Han08	Py4	B	B	0.4456298351287842
2280	Han08	Py6	B	B	0.4619256258010864
2281	Han08	Py8	B	B	0.4729755818843842
2282	Han08	Py10	B	B	0.4843082129955292
2283	Han08	Py12	B	B	0.4525831639766693
2284	Han08	Py14	B	B	0.5090128183364868
2285	Han08	Py16	B	B	0.4624315798282623
2286	Han08	Py18	B	B	0.5119131803512573
2287	Han08	Py20	B	B	0.5228506326675415
2288	Han08	Py22	B	B	0.5106421113014221
2289	Han08	Py24	B	B	0.5234976410865784
2290	Han08	Py26	B	B	0.4463362693786621
2291	Han08	Py28	B	B	0.4637649059295654
2292	Han08	Py30	B	B	0.4627392888069153
2293	Han08	Py32	B	B	0.4600173830986023
2294	Han08	Py34	B	B	0.4509904980659485
2295	Han08	Py36	B	B	0.4511987864971161
2296	Han08	Py38	B	B	0.3808717727661133
2297	Han08	Py40	B	B	0.4282248020172119
2298	Han08	Py42	B	B	0.4021720886230469
2299	Han08	Py44	B	B	0.4597277045249939
2300	Han08	Py46	B	B	0.4592116475105286
2301	Han08	Py48	B	B	0.4678819477558136
2302	Han08	Py52	B	B	0.389279305934906
2303	Han08	Py54	B	B	0.4699048399925232
2304	Han08	Py56	B	B	0.4832788407802582
2305	Han08	Py58	B	B	0.4857742786407471
2306	Han08	Py62	B	B	0.4203130304813385
2307	Han08	Py64	B	B	0.4037612080574036
2308	Han08	Py66	B	B	0.3995391726493835
2309	Han08	Py68	B	B	0.4178257882595062
2310	Han08	Py70	B	B	0.4086944758892059
2311	Han08	Py72	B	B	0.3964189887046814
2312	Han08	Py79	B	B	0.3703924417495728
2313	Han08	Py81	B	B	0.4270698428153992
2314	Han08	Py83	B	B	0.4130516350269318
2315	Han08	Py85	B	B	0.4129016101360321
2316	Han08	Py87	B	B	0.3550208508968353
2317	Han08	P1extneg	B	B	0.4702138304710388
2318	Han08	P1NTC2	B	B	0.610556960105896
2319	Han08	P1PCRpos	B	B	0.5557767748832703
2320	Han08	HR02	B	B	0.4713696837425232
2321	Han08	HR06	B	B	0.4979272484779358
2322	Han08	HR08	B	B	0.5293670892715454
2323	Han08	HR10	B	B	0.4894813299179077
2324	Han08	HR12	B	B	0.5419106483459473
2325	Han08	HR18	B	B	0.4799641072750092
2326	Han08	HR20	B	B	0.474014014005661
2327	Han08	HR22	B	B	0.4597004055976868
2328	Han08	HR24	B	B	0.4969018399715424
2329	Han08	HR30	B	B	0.5855200886726379
2330	Han08	HR36	B	B	0.5411965250968933
2331	Han08	HR38	B	B	0.5637820959091187
2332	Han08	HR42	B	B	0.5726946592330933
2333	Han08	HR57	B	B	0.5085259079933167
2334	Han08	HR59	B	B	0.551130473613739
2335	Han08	HR61	B	B	0.605194628238678
2336	Han08	HR67	B	B	0.5992674827575684
2337	Han08	HR71	B	B	0.8535807132720947
2338	Han08	H1	B	B	0.569542407989502
2339	Han08	H8	B	B	0.4754312634468079
2340	Han08	H12	B	B	0.5782614350318909
2341	Han08	H16	B	B	0.5749651789665222
2342	Han08	P2PCRpos	B	B	0.5538585186004639
2343	Han08	Han02	B	B	0.3160986304283142
2344	Han08	Han04	B	B	0.2194181233644485
2345	Han08	Han06	B	B	0.4202789962291718
2346	Han10	Py2	B	B	0.4400225281715393
2347	Han10	Py4	B	B	0.4480981528759003
2348	Han10	Py6	B	B	0.4428630173206329
2349	Han10	Py8	B	B	0.4751200675964355
2350	Han10	Py10	B	B	0.4842766523361206
2351	Han10	Py12	B	B	0.4617109000682831
2352	Han10	Py14	B	B	0.5104086995124817
2353	Han10	Py16	B	B	0.4665815234184265
2354	Han10	Py18	B	B	0.5127850770950317
2355	Han10	Py20	B	B	0.5240373015403748
2356	Han10	Py22	B	B	0.5115947723388672
2357	Han10	Py24	B	B	0.5247103571891785
2358	Han10	Py26	B	B	0.4504905045032501
2359	Han10	Py28	B	B	0.4676181972026825
2360	Han10	Py30	B	B	0.4688944518566132
2361	Han10	Py32	B	B	0.4677314162254333
2362	Han10	Py34	B	B	0.4563233256340027
2363	Han10	Py36	B	B	0.4574481844902039
2364	Han10	Py38	B	B	0.4130387008190155
2365	Han10	Py40	B	B	0.4446355700492859
2366	Han10	Py42	B	B	0.4342458546161652
2367	Han10	Py44	B	B	0.4620166718959808
2368	Han10	Py46	B	B	0.4596949815750122
2369	Han10	Py48	B	B	0.4780631065368652
2370	Han10	Py52	B	B	0.4190892279148102
2371	Han10	Py54	B	B	0.4700860977172852
2372	Han10	Py56	B	B	0.4833341240882874
2373	Han10	Py58	B	B	0.4857012927532196
2374	Han10	Py62	B	B	0.4416875243186951
2375	Han10	Py64	B	B	0.4337370097637177
2376	Han10	Py66	B	B	0.4334081709384918
2377	Han10	Py68	B	B	0.4346778392791748
2378	Han10	Py70	B	B	0.4232737123966217
2379	Han10	Py72	B	B	0.4293679893016815
2380	Han10	Py79	B	B	0.247243195772171
2381	Han10	Py81	B	B	0.2695167660713196
2382	Han10	Py83	B	B	0.1763538122177124
2383	Han10	Py85	B	B	0.1741536855697632
2384	Han10	Py87	B	B	0.2460876554250717
2385	Han10	P1extneg	B	B	0.4436732828617096
2386	Han10	P1NTC2	B	B	0.6405558586120605
2387	Han10	P1PCRpos	B	B	0.5386377573013306
2388	Han10	HR02	B	B	0.4152349829673767
2389	Han10	HR06	B	B	0.4304980933666229
2390	Han10	HR08	B	B	0.4172298014163971
2391	Han10	HR10	B	B	0.4051569104194641
2392	Han10	HR12	B	B	0.4671975672245026
2393	Han10	HR18	B	B	0.4168941974639893
2394	Han10	HR20	B	B	0.4463376104831696
2395	Han10	HR22	B	B	0.4076228737831116
2396	Han10	HR24	B	B	0.4565806090831757
2397	Han10	HR30	B	B	0.5368845462799072
2398	Han10	HR36	B	B	0.5117862820625305
2399	Han10	HR38	B	B	0.525431215763092
2400	Han10	HR42	B	B	0.510655403137207
2401	Han10	HR57	B	B	0.4044009745121002
2402	Han10	HR59	B	B	0.5094537734985352
2403	Han10	HR61	B	B	0.5551894903182983
2404	Han10	HR67	B	B	0.5503058433532715
2405	Han10	HR71	B	B	0.7888118624687195
2406	Han10	H1	B	B	0.5299413204193115
2407	Han10	H8	B	B	0.4081250429153442
2408	Han10	H12	B	B	0.5250668525695801
2409	Han10	H16	B	B	0.5248209834098816
2410	Han10	P2PCRpos	B	B	0.5366854071617126
2411	Han10	Han02	B	B	0.1090382039546967
2412	Han10	Han04	B	B	0.3094407618045807
2413	Han10	Han06	B	B	0.142015740275383
2414	Han10	Han08	B	B	0.3244056403636932
2415	Han12	Py2	B	B	0.445143461227417
2416	Han12	Py4	B	B	0.4527255594730377
2417	Han12	Py6	B	B	0.4745102524757385
2418	Han12	Py8	B	B	0.4817876219749451
2419	Han12	Py10	B	B	0.4933493137359619
2420	Han12	Py12	B	B	0.4630718231201172
2421	Han12	Py14	B	B	0.511711061000824
2422	Han12	Py16	B	B	0.4704828560352325
2423	Han12	Py18	B	B	0.5162250399589539
2424	Han12	Py20	B	B	0.5233321785926819
2425	Han12	Py22	B	B	0.512916088104248
2426	Han12	Py24	B	B	0.5235277414321899
2427	Han12	Py26	B	B	0.4544928967952728
2428	Han12	Py28	B	B	0.4696174263954163
2429	Han12	Py30	B	B	0.4700466096401215
2430	Han12	Py32	B	B	0.4669793248176575
2431	Han12	Py34	B	B	0.4606468677520752
2432	Han12	Py36	B	B	0.4601874351501465
2433	Han12	Py38	B	B	0.3928712010383606
2434	Han12	Py40	B	B	0.4382446110248566
2435	Han12	Py42	B	B	0.4143199324607849
2436	Han12	Py44	B	B	0.4677054286003113
2437	Han12	Py46	B	B	0.4680235087871552
2438	Han12	Py48	B	B	0.4762206673622131
2439	Han12	Py52	B	B	0.4043473303318024
2440	Han12	Py54	B	B	0.475585401058197
2441	Han12	Py56	B	B	0.4862491488456726
2442	Han12	Py58	B	B	0.4889096915721893
2443	Han12	Py62	B	B	0.4227822721004486
2444	Han12	Py64	B	B	0.4078458845615387
2445	Han12	Py66	B	B	0.4048244655132294
2446	Han12	Py68	B	B	0.4218497276306152
2447	Han12	Py70	B	B	0.4169586598873138
2448	Han12	Py72	B	B	0.4035452306270599
2449	Han12	Py79	B	B	0.4220211505889893
2450	Han12	Py81	B	B	0.4665965139865875
2451	Han12	Py83	B	B	0.4642899930477142
2452	Han12	Py85	B	B	0.4607828855514526
2453	Han12	Py87	B	B	0.4023314416408539
2454	Han12	P1extneg	B	B	0.4976994395256042
2455	Han12	P1NTC2	B	B	0.5574592351913452
2456	Han12	P1PCRpos	B	B	0.5595381855964661
2457	Han12	HR02	B	B	0.5057134628295898
2458	Han12	HR06	B	B	0.5263670682907104
2459	Han12	HR08	B	B	0.5662100315093994
2460	Han12	HR10	B	B	0.5323594808578491
2461	Han12	HR12	B	B	0.5843290686607361
2462	Han12	HR18	B	B	0.5207661986351013
2463	Han12	HR20	B	B	0.5100012421607971
2464	Han12	HR22	B	B	0.4932298362255096
2465	Han12	HR24	B	B	0.5301117897033691
2466	Han12	HR30	B	B	0.6201381683349609
2467	Han12	HR36	B	B	0.552553653717041
2468	Han12	HR38	B	B	0.6016771793365479
2469	Han12	HR42	B	B	0.6064136028289795
2470	Han12	HR57	B	B	0.5381619334220886
2471	Han12	HR59	B	B	0.5823352932929993
2472	Han12	HR61	B	B	0.6370428800582886
2473	Han12	HR67	B	B	0.6435443162918091
2474	Han12	HR71	B	B	0.8890705108642578
2475	Han12	H1	B	B	0.6100828647613525
2476	Han12	H8	B	B	0.5094327330589294
2477	Han12	H12	B	B	0.6129836440086365
2478	Han12	H16	B	B	0.6141611337661743
2479	Han12	P2PCRpos	B	B	0.5575317144393921
2480	Han12	Han02	B	B	0.3783045709133148
2481	Han12	Han04	B	B	0.1394496262073517
2482	Han12	Han06	B	B	0.4904828667640686
2483	Han12	Han08	B	B	0.2202407419681549
2484	Han12	Han10	B	B	0.3945710062980652
2485	Han14	Py2	B	B	0.418624073266983
2486	Han14	Py4	B	B	0.4270138144493103
2487	Han14	Py6	B	B	0.423240602016449
2488	Han14	Py8	B	B	0.4540800452232361
2489	Han14	Py10	B	B	0.463124006986618
2490	Han14	Py12	B	B	0.4404995441436768
2491	Han14	Py14	B	B	0.4852105379104614
2492	Han14	Py16	B	B	0.4455507099628448
2493	Han14	Py18	B	B	0.4902771711349487
2494	Han14	Py20	B	B	0.5024619698524475
2495	Han14	Py22	B	B	0.488384485244751
2496	Han14	Py24	B	B	0.5033632516860962
2497	Han14	Py26	B	B	0.4293943047523499
2498	Han14	Py28	B	B	0.4467136859893799
2499	Han14	Py30	B	B	0.4481404423713684
2500	Han14	Py32	B	B	0.4465608298778534
2501	Han14	Py34	B	B	0.4351949691772461
2502	Han14	Py36	B	B	0.4362709224224091
2503	Han14	Py38	B	B	0.3804787695407867
2504	Han14	Py40	B	B	0.4096290469169617
2505	Han14	Py42	B	B	0.3997631967067719
2506	Han14	Py44	B	B	0.4339127540588379
2507	Han14	Py46	B	B	0.4342693686485291
2508	Han14	Py48	B	B	0.4428645372390747
2509	Han14	Py52	B	B	0.3847831189632416
2510	Han14	Py54	B	B	0.4480689764022827
2511	Han14	Py56	B	B	0.4594144821166992
2512	Han14	Py58	B	B	0.4605047106742859
2513	Han14	Py62	B	B	0.4080754518508911
2514	Han14	Py64	B	B	0.399827629327774
2515	Han14	Py66	B	B	0.3993018269538879
2516	Han14	Py68	B	B	0.4015924036502838
2517	Han14	Py70	B	B	0.3918421864509583
2518	Han14	Py72	B	B	0.3965888023376465
2519	Han14	Py79	B	B	0.2315704226493835
2520	Han14	Py81	B	B	0.2344351559877396
2521	Han14	Py83	B	B	0.1662964224815369
2522	Han14	Py85	B	B	0.1679013967514038
2523	Han14	Py87	B	B	0.204598069190979
2524	Han14	P1extneg	B	B	0.3961507976055145
2525	Han14	P1NTC2	B	B	0.6125438809394836
2526	Han14	P1PCRpos	B	B	0.5219190120697021
2527	Han14	HR02	B	B	0.4123221933841705
2528	Han14	HR06	B	B	0.4303967654705048
2529	Han14	HR08	B	B	0.4283936023712158
2530	Han14	HR10	B	B	0.4059195816516876
2531	Han14	HR12	B	B	0.4754794538021088
2532	Han14	HR18	B	B	0.4173278212547302
2533	Han14	HR20	B	B	0.4443959891796112
2534	Han14	HR22	B	B	0.4046711325645447
2535	Han14	HR24	B	B	0.4468362629413605
2536	Han14	HR30	B	B	0.5174676775932312
2537	Han14	HR36	B	B	0.492752343416214
2538	Han14	HR38	B	B	0.5114332437515259
2539	Han14	HR42	B	B	0.4891052842140198
2540	Han14	HR57	B	B	0.3788005411624908
2541	Han14	HR59	B	B	0.488152414560318
2542	Han14	HR61	B	B	0.5356993675231934
2543	Han14	HR67	B	B	0.5329544544219971
2544	Han14	HR71	B	B	0.7911439538002014
2545	Han14	H1	B	B	0.516409695148468
2546	Han14	H8	B	B	0.4001015424728394
2547	Han14	H12	B	B	0.5090367794036865
2548	Han14	H16	B	B	0.5176135897636414
2549	Han14	P2PCRpos	B	B	0.5197802186012268
2550	Han14	Han02	B	B	0.09871410578489304
2551	Han14	Han04	B	B	0.3574177622795105
2552	Han14	Han06	B	B	0.1288082301616669
2553	Han14	Han08	B	B	0.3738319277763367
2554	Han14	Han10	B	B	0.1273159831762314
2555	Han14	Han12	B	B	0.4359956085681915
2556	Han16	Py2	B	B	0.4405374228954315
2557	Han16	Py4	B	B	0.4488263428211212
2558	Han16	Py6	B	B	0.4451463222503662
2559	Han16	Py8	B	B	0.4759596884250641
2560	Han16	Py10	B	B	0.4850608706474304
2561	Han16	Py12	B	B	0.4624048173427582
2562	Han16	Py14	B	B	0.5051288604736328
2563	Han16	Py16	B	B	0.4673985540866852
2564	Han16	Py18	B	B	0.5107662677764893
2565	Han16	Py20	B	B	0.5229585766792297
2566	Han16	Py22	B	B	0.5087329745292664
2567	Han16	Py24	B	B	0.523906409740448
2568	Han16	Py26	B	B	0.4513106346130371
2569	Han16	Py28	B	B	0.468348503112793
2570	Han16	Py30	B	B	0.470423698425293
2571	Han16	Py32	B	B	0.4684461951255798
2572	Han16	Py34	B	B	0.4570734202861786
2573	Han16	Py36	B	B	0.4581003189086914
2574	Han16	Py38	B	B	0.4066857993602753
2575	Han16	Py40	B	B	0.4344075322151184
2576	Han16	Py42	B	B	0.4245711863040924
2577	Han16	Py44	B	B	0.4566244781017303
2578	Han16	Py46	B	B	0.4566238820552826
2579	Han16	Py48	B	B	0.4668765068054199
2580	Han16	Py52	B	B	0.4097086489200592
2581	Han16	Py54	B	B	0.4701223075389862
2582	Han16	Py56	B	B	0.4816467761993408
2583	Han16	Py58	B	B	0.4826201498508453
2584	Han16	Py62	B	B	0.4333156943321228
2585	Han16	Py64	B	B	0.4252936244010925
2586	Han16	Py66	B	B	0.4243944585323334
2587	Han16	Py68	B	B	0.4279950261116028
2588	Han16	Py70	B	B	0.4175342321395874
2589	Han16	Py72	B	B	0.4228248000144958
2590	Han16	Py79	B	B	0.2613508999347687
2591	Han16	Py81	B	B	0.2563768327236176
2592	Han16	Py83	B	B	0.1774829924106598
2593	Han16	Py85	B	B	0.1811760812997818
2594	Han16	Py87	B	B	0.2459343820810318
2595	Han16	P1extneg	B	B	0.4403248727321625
2596	Han16	P1NTC2	B	B	0.6330529451370239
2597	Han16	P1PCRpos	B	B	0.5296658277511597
2598	Han16	HR02	B	B	0.4333664774894714
2599	Han16	HR06	B	B	0.4412394165992737
2600	Han16	HR08	B	B	0.429212361574173
2601	Han16	HR10	B	B	0.4285292625427246
2602	Han16	HR12	B	B	0.4867696762084961
2603	Han16	HR18	B	B	0.4359841048717499
2604	Han16	HR20	B	B	0.4638771414756775
2605	Han16	HR22	B	B	0.4172658026218414
2606	Han16	HR24	B	B	0.4774242639541626
2607	Han16	HR30	B	B	0.5524969100952148
2608	Han16	HR36	B	B	0.5098000168800354
2609	Han16	HR38	B	B	0.5342434644699097
2610	Han16	HR42	B	B	0.5226950645446777
2611	Han16	HR57	B	B	0.4116947054862976
2612	Han16	HR59	B	B	0.5183672904968262
2613	Han16	HR61	B	B	0.570148229598999
2614	Han16	HR67	B	B	0.5559121370315552
2615	Han16	HR71	B	B	0.7820854187011719
2616	Han16	H1	B	B	0.5415950417518616
2617	Han16	H8	B	B	0.42388916015625
2618	Han16	H12	B	B	0.5365233421325684
2619	Han16	H16	B	B	0.5418416261672974
2620	Han16	P2PCRpos	B	B	0.5275482535362244
2621	Han16	Han02	B	B	0.1453068405389786
2622	Han16	Han04	B	B	0.3910560309886932
2623	Han16	Han06	B	B	0.03702959790825844
2624	Han16	Han08	B	B	0.4131100177764893
2625	Han16	Han10	B	B	0.1405002325773239
2626	Han16	Han12	B	B	0.475623607635498
2627	Han16	Han14	B	B	0.1121762618422508
2628	Han18	Py2	B	B	0.4414260983467102
2629	Han18	Py4	B	B	0.4498848021030426
2630	Han18	Py6	B	B	0.4458987712860107
2631	Han18	Py8	B	B	0.4769884347915649
2632	Han18	Py10	B	B	0.4860493540763855
2633	Han18	Py12	B	B	0.4634833931922913
2634	Han18	Py14	B	B	0.5063678026199341
2635	Han18	Py16	B	B	0.4684058129787445
2636	Han18	Py18	B	B	0.511506199836731
2637	Han18	Py20	B	B	0.5236726999282837
2638	Han18	Py22	B	B	0.5095219612121582
2639	Han18	Py24	B	B	0.5246257781982422
2640	Han18	Py26	B	B	0.4522432684898376
2641	Han18	Py28	B	B	0.4694100618362427
2642	Han18	Py30	B	B	0.4710637927055359
2643	Han18	Py32	B	B	0.4694482088088989
2644	Han18	Py34	B	B	0.4580029845237732
2645	Han18	Py36	B	B	0.4590789079666138
2646	Han18	Py38	B	B	0.4100924730300903
2647	Han18	Py40	B	B	0.4391685426235199
2648	Han18	Py42	B	B	0.4289156496524811
2649	Han18	Py44	B	B	0.4581543207168579
2650	Han18	Py46	B	B	0.4579810202121735
2651	Han18	Py48	B	B	0.4715253114700317
2652	Han18	Py52	B	B	0.4141357243061066
2653	Han18	Py54	B	B	0.4714218974113464
2654	Han18	Py56	B	B	0.4830980002880096
2655	Han18	Py58	B	B	0.4843690991401672
2656	Han18	Py62	B	B	0.4370631575584412
2657	Han18	Py64	B	B	0.4290688037872314
2658	Han18	Py66	B	B	0.4288272857666016
2659	Han18	Py68	B	B	0.4311626851558685
2660	Han18	Py70	B	B	0.420127660036087
2661	Han18	Py72	B	B	0.4263379871845245
2662	Han18	Py79	B	B	0.269998699426651
2663	Han18	Py81	B	B	0.2700920701026917
2664	Han18	Py83	B	B	0.1894286423921585
2665	Han18	Py85	B	B	0.1915273070335388
2666	Han18	Py87	B	B	0.2646026313304901
2667	Han18	P1extneg	B	B	0.4579424858093262
2668	Han18	P1NTC2	B	B	0.6361343264579773
2669	Han18	P1PCRpos	B	B	0.5277727842330933
2670	Han18	HR02	B	B	0.4427459836006165
2671	Han18	HR06	B	B	0.4401529729366302
2672	Han18	HR08	B	B	0.4271214008331299
2673	Han18	HR10	B	B	0.4361201226711273
2674	Han18	HR12	B	B	0.4860679805278778
2675	Han18	HR18	B	B	0.4460025131702423
2676	Han18	HR20	B	B	0.4734593629837036
2677	Han18	HR22	B	B	0.4169784784317017
2678	Han18	HR24	B	B	0.4872298538684845
2679	Han18	HR30	B	B	0.5624861717224121
2680	Han18	HR36	B	B	0.5103775858879089
2681	Han18	HR38	B	B	0.542516827583313
2682	Han18	HR42	B	B	0.532631516456604
2683	Han18	HR57	B	B	0.4237609803676605
2684	Han18	HR59	B	B	0.5281713604927063
2685	Han18	HR61	B	B	0.5801414251327515
2686	Han18	HR67	B	B	0.5645984411239624
2687	Han18	HR71	B	B	0.777660608291626
2688	Han18	H1	B	B	0.5520496964454651
2689	Han18	H8	B	B	0.4346057176589966
2690	Han18	H12	B	B	0.5466644763946533
2691	Han18	H16	B	B	0.5501176714897156
2692	Han18	P2PCRpos	B	B	0.5256731510162354
2693	Han18	Han02	B	B	0.1641339659690857
2694	Han18	Han04	B	B	0.3860175311565399
2695	Han18	Han06	B	B	0.03897656500339508
2696	Han18	Han08	B	B	0.4227745234966278
2697	Han18	Han10	B	B	0.1454874575138092
2698	Han18	Han12	B	B	0.4720430374145508
2699	Han18	Han14	B	B	0.1404669433832169
2700	Han18	Han16	B	B	0.04329155012965202
2701	Han20	Py2	B	B	0.4321765005588531
2702	Han20	Py4	B	B	0.4404410421848297
2703	Han20	Py6	B	B	0.4345884025096893
2704	Han20	Py8	B	B	0.4675475358963013
2705	Han20	Py10	B	B	0.4766578674316406
2706	Han20	Py12	B	B	0.4540806710720062
2707	Han20	Py14	B	B	0.5000587701797485
2708	Han20	Py16	B	B	0.4589433670043945
2709	Han20	Py18	B	B	0.5036628246307373
2710	Han20	Py20	B	B	0.5156552791595459
2711	Han20	Py22	B	B	0.5017990469932556
2712	Han20	Py24	B	B	0.5166557431221008
2713	Han20	Py26	B	B	0.4429590404033661
2714	Han20	Py28	B	B	0.4599957764148712
2715	Han20	Py30	B	B	0.4612452685832977
2716	Han20	Py32	B	B	0.4600695669651031
2717	Han20	Py34	B	B	0.4486592710018158
2718	Han20	Py36	B	B	0.4497231841087341
2719	Han20	Py38	B	B	0.4040223360061646
2720	Han20	Py40	B	B	0.4341567158699036
2721	Han20	Py42	B	B	0.4240283966064453
2722	Han20	Py44	B	B	0.4513570666313171
2723	Han20	Py46	B	B	0.449767529964447
2724	Han20	Py48	B	B	0.4658497273921967
2725	Han20	Py52	B	B	0.409067839384079
2726	Han20	Py54	B	B	0.4622191786766052
2727	Han20	Py56	B	B	0.4739706516265869
2728	Han20	Py58	B	B	0.4750288426876068
2729	Han20	Py62	B	B	0.4318321943283081
2730	Han20	Py64	B	B	0.4240372478961945
2731	Han20	Py66	B	B	0.4237101674079895
2732	Han20	Py68	B	B	0.4250482320785522
2733	Han20	Py70	B	B	0.413827657699585
2734	Han20	Py72	B	B	0.4201072156429291
2735	Han20	Py79	B	B	0.2489201128482819
2736	Han20	Py81	B	B	0.2580376267433167
2737	Han20	Py83	B	B	0.1749617457389832
2738	Han20	Py85	B	B	0.174542099237442
2739	Han20	Py87	B	B	0.2462437599897385
2740	Han20	P1extneg	B	B	0.4505105018615723
2741	Han20	P1NTC2	B	B	0.631412148475647
2742	Han20	P1PCRpos	B	B	0.5301888585090637
2743	Han20	HR02	B	B	0.424994170665741
2744	Han20	HR06	B	B	0.4345151484012604
2745	Han20	HR08	B	B	0.4204147756099701
2746	Han20	HR10	B	B	0.4209333062171936
2747	Han20	HR12	B	B	0.4766803085803986
2748	Han20	HR18	B	B	0.4307734370231628
2749	Han20	HR20	B	B	0.4551472067832947
2750	Han20	HR22	B	B	0.4122116267681122
2751	Han20	HR24	B	B	0.4689508378505707
2752	Han20	HR30	B	B	0.5466492176055908
2753	Han20	HR36	B	B	0.5074456930160522
2754	Han20	HR38	B	B	0.5348509550094604
2755	Han20	HR42	B	B	0.5176401138305664
2756	Han20	HR57	B	B	0.4103053510189056
2757	Han20	HR59	B	B	0.5178495049476624
2758	Han20	HR61	B	B	0.5646942853927612
2759	Han20	HR67	B	B	0.5588943958282471
2760	Han20	HR71	B	B	0.7871949076652527
2761	Han20	H1	B	B	0.5401000380516052
2762	Han20	H8	B	B	0.4178453087806702
2763	Han20	H12	B	B	0.5335850119590759
2764	Han20	H16	B	B	0.536415159702301
2765	Han20	P2PCRpos	B	B	0.528106689453125
2766	Han20	Han02	B	B	0.1076835691928864
2767	Han20	Han04	B	B	0.3438610136508942
2768	Han20	Han06	B	B	0.0884573757648468
2769	Han20	Han08	B	B	0.3706024289131165
2770	Han20	Han10	B	B	0.08898796141147614
2771	Han20	Han12	B	B	0.4272288084030151
2772	Han20	Han14	B	B	0.1074548959732056
2773	Han20	Han16	B	B	0.07074868679046631
2774	Han20	Han18	B	B	0.08333215117454529
2775	Han22	Py2	B	B	0.3927110135555267
2776	Han22	Py4	B	B	0.3996354937553406
2777	Han22	Py6	B	B	0.3944694399833679
2778	Han22	Py8	B	B	0.4270104467868805
2779	Han22	Py10	B	B	0.4363707602024078
2780	Han22	Py12	B	B	0.4120389521121979
2781	Han22	Py14	B	B	0.4529641270637512
2782	Han22	Py16	B	B	0.4183168411254883
2783	Han22	Py18	B	B	0.4578013718128204
2784	Han22	Py20	B	B	0.4635222852230072
2785	Han22	Py22	B	B	0.4526054859161377
2786	Han22	Py24	B	B	0.4571901559829712
2787	Han22	Py26	B	B	0.4017039239406586
2788	Han22	Py28	B	B	0.4123495817184448
2789	Han22	Py30	B	B	0.4154261350631714
2790	Han22	Py32	B	B	0.4139069616794586
2791	Han22	Py34	B	B	0.407884806394577
2792	Han22	Py36	B	B	0.40826216340065
2793	Han22	Py38	B	B	0.3631545603275299
2794	Han22	Py40	B	B	0.394490510225296
2795	Han22	Py42	B	B	0.3811581134796143
2796	Han22	Py44	B	B	0.4126248955726624
2797	Han22	Py46	B	B	0.4112272560596466
2798	Han22	Py48	B	B	0.4272001385688782
2799	Han22	Py52	B	B	0.3782609403133392
2800	Han22	Py54	B	B	0.4151934385299683
2801	Han22	Py56	B	B	0.4252636730670929
2802	Han22	Py58	B	B	0.428175300359726
2803	Han22	Py62	B	B	0.3790870308876038
2804	Han22	Py64	B	B	0.3749263286590576
2805	Han22	Py66	B	B	0.3748915493488312
2806	Han22	Py68	B	B	0.37419393658638
2807	Han22	Py70	B	B	0.3683619797229767
2808	Han22	Py72	B	B	0.3705364763736725
2809	Han22	Py79	B	B	0.2124080061912537
2810	Han22	Py81	B	B	0.261816680431366
2811	Han22	Py83	B	B	0.2352079153060913
2812	Han22	Py85	B	B	0.2290515452623367
2813	Han22	Py87	B	B	0.2238733470439911
2814	Han22	P1extneg	B	B	0.4016458094120026
2815	Han22	P1NTC2	B	B	0.560829222202301
2816	Han22	P1PCRpos	B	B	0.4839264154434204
2817	Han22	HR02	B	B	0.4085564017295837
2818	Han22	HR06	B	B	0.4258931279182434
2819	Han22	HR08	B	B	0.4585404396057129
2820	Han22	HR10	B	B	0.4096285402774811
2821	Han22	HR12	B	B	0.472745269536972
2822	Han22	HR18	B	B	0.4192807674407959
2823	Han22	HR20	B	B	0.4420387148857117
2824	Han22	HR22	B	B	0.4089694321155548
2825	Han22	HR24	B	B	0.4520800411701202
2826	Han22	HR30	B	B	0.5350183844566345
2827	Han22	HR36	B	B	0.4859673678874969
2828	Han22	HR38	B	B	0.5338481664657593
2829	Han22	HR42	B	B	0.5053662657737732
2830	Han22	HR57	B	B	0.424892395734787
2831	Han22	HR59	B	B	0.4982320964336395
2832	Han22	HR61	B	B	0.5519868731498718
2833	Han22	HR67	B	B	0.5575076937675476
2834	Han22	HR71	B	B	0.8022564649581909
2835	Han22	H1	B	B	0.5400167107582092
2836	Han22	H8	B	B	0.4040674269199371
2837	Han22	H12	B	B	0.5292925834655762
2838	Han22	H16	B	B	0.5361412167549133
2839	Han22	P2PCRpos	B	B	0.4818440973758698
2840	Han22	Han02	B	B	0.1889877170324326
2841	Han22	Han04	B	B	0.2366151362657547
2842	Han22	Han06	B	B	0.247592031955719
2843	Han22	Han08	B	B	0.2754725515842438
2844	Han22	Han10	B	B	0.1467765122652054
2845	Han22	Han12	B	B	0.3168036937713623
2846	Han22	Han14	B	B	0.2017511576414108
2847	Han22	Han16	B	B	0.2375906407833099
2848	Han22	Han18	B	B	0.2429648041725159
2849	Han22	Han20	B	B	0.1831955015659332
2850	Han26	Py2	B	B	0.42149817943573
2851	Han26	Py4	B	B	0.4245055615901947
2852	Han26	Py6	B	B	0.4150984883308411
2853	Han26	Py8	B	B	0.4454391598701477
2854	Han26	Py10	B	B	0.4558869600296021
2855	Han26	Py12	B	B	0.4275140762329102
2856	Han26	Py14	B	B	0.4789004027843475
2857	Han26	Py16	B	B	0.435173511505127
2858	Han26	Py18	B	B	0.4800325632095337
2859	Han26	Py20	B	B	0.4910922944545746
2860	Han26	Py22	B	B	0.4796724319458008
2861	Han26	Py24	B	B	0.4948384463787079
2862	Han26	Py26	B	B	0.4180331826210022
2863	Han26	Py28	B	B	0.4311995804309845
2864	Han26	Py30	B	B	0.4310185015201569
2865	Han26	Py32	B	B	0.4281526207923889
2866	Han26	Py34	B	B	0.4209605753421783
2867	Han26	Py36	B	B	0.4209505915641785
2868	Han26	Py38	B	B	0.3980148136615753
2869	Han26	Py40	B	B	0.4405724704265594
2870	Han26	Py42	B	B	0.436039924621582
2871	Han26	Py44	B	B	0.459056168794632
2872	Han26	Py46	B	B	0.4553988575935364
2873	Han26	Py48	B	B	0.4771698415279388
2874	Han26	Py52	B	B	0.4133524000644684
2875	Han26	Py54	B	B	0.4510672688484192
2876	Han26	Py56	B	B	0.4638633728027344
2877	Han26	Py58	B	B	0.4671611189842224
2878	Han26	Py62	B	B	0.4349557757377625
2879	Han26	Py64	B	B	0.427489310503006
2880	Han26	Py66	B	B	0.4240116775035858
2881	Han26	Py68	B	B	0.4290067851543427
2882	Han26	Py70	B	B	0.4124094545841217
2883	Han26	Py72	B	B	0.4196644127368927
2884	Han26	Py79	B	B	0.3370210230350494
2885	Han26	Py81	B	B	0.4089323580265045
2886	Han26	Py83	B	B	0.3846525549888611
2887	Han26	Py85	B	B	0.3739724159240723
2888	Han26	Py87	B	B	0.3607620298862457
2889	Han26	P1extneg	B	B	0.4910529851913452
2890	Han26	P1NTC2	B	B	0.6431446671485901
2891	Han26	P1PCRpos	B	B	0.5325530171394348
2892	Han26	HR02	B	B	0.4013152122497559
2893	Han26	HR06	B	B	0.4420306086540222
2894	Han26	HR08	B	B	0.4995870292186737
2895	Han26	HR10	B	B	0.42066490650177
2896	Han26	HR12	B	B	0.4852325916290283
2897	Han26	HR18	B	B	0.4185903668403625
2898	Han26	HR20	B	B	0.4211427867412567
2899	Han26	HR22	B	B	0.4457962512969971
2900	Han26	HR24	B	B	0.4222426116466522
2901	Han26	HR30	B	B	0.5224863290786743
2902	Han26	HR36	B	B	0.5005696415901184
2903	Han26	HR38	B	B	0.5211321115493774
2904	Han26	HR42	B	B	0.5023404359817505
2905	Han26	HR57	B	B	0.4715816080570221
2906	Han26	HR59	B	B	0.4970090687274933
2907	Han26	HR61	B	B	0.5424532890319824
2908	Han26	HR67	B	B	0.558677077293396
2909	Han26	HR71	B	B	0.8100143671035767
2910	Han26	H1	B	B	0.5347589254379272
2911	Han26	H8	B	B	0.4164235293865204
2912	Han26	H12	B	B	0.5110253691673279
2913	Han26	H16	B	B	0.5243289470672607
2914	Han26	P2PCRpos	B	B	0.5305691361427307
2915	Han26	Han02	B	B	0.3193425238132477
2916	Han26	Han04	B	B	0.2219224721193314
2917	Han26	Han06	B	B	0.3999543488025665
2918	Han26	Han08	B	B	0.1992556750774384
2919	Han26	Han10	B	B	0.2861111462116241
2920	Han26	Han12	B	B	0.2487787157297134
2921	Han26	Han14	B	B	0.3460773825645447
2922	Han26	Han16	B	B	0.3906238079071045
2923	Han26	Han18	B	B	0.3879486620426178
2924	Han26	Han20	B	B	0.3294478952884674
2925	Han26	Han22	B	B	0.2380588799715042
2926	Han28	Py2	B	B	0.413300633430481
2927	Han28	Py4	B	B	0.4211596846580505
2928	Han28	Py6	B	B	0.4201352000236511
2929	Han28	Py8	B	B	0.4502742886543274
2930	Han28	Py10	B	B	0.4616184234619141
2931	Han28	Py12	B	B	0.4299540519714355
2932	Han28	Py14	B	B	0.4873592257499695
2933	Han28	Py16	B	B	0.4394271969795227
2934	Han28	Py18	B	B	0.4897840023040771
2935	Han28	Py20	B	B	0.5009056329727173
2936	Han28	Py22	B	B	0.488384336233139
2937	Han28	Py24	B	B	0.501665472984314
2938	Han28	Py26	B	B	0.421390175819397
2939	Han28	Py28	B	B	0.4407216012477875
2940	Han28	Py30	B	B	0.439914345741272
2941	Han28	Py32	B	B	0.4376904368400574
2942	Han28	Py34	B	B	0.4269803166389465
2943	Han28	Py36	B	B	0.4274803400039673
2944	Han28	Py38	B	B	0.3850816488265991
2945	Han28	Py40	B	B	0.4229476749897003
2946	Han28	Py42	B	B	0.4144307374954224
2947	Han28	Py44	B	B	0.4449473023414612
2948	Han28	Py46	B	B	0.4413555264472961
2949	Han28	Py48	B	B	0.462356299161911
2950	Han28	Py52	B	B	0.3957474529743195
2951	Han28	Py54	B	B	0.4464541077613831
2952	Han28	Py56	B	B	0.4610092639923096
2953	Han28	Py58	B	B	0.4631977081298828
2954	Han28	Py62	B	B	0.4207948446273804
2955	Han28	Py64	B	B	0.4106681644916534
2956	Han28	Py66	B	B	0.4086486995220184
2957	Han28	Py68	B	B	0.4140786826610565
2958	Han28	Py70	B	B	0.3980476558208466
2959	Han28	Py72	B	B	0.4030438661575317
2960	Han28	Py79	B	B	0.252366304397583
2961	Han28	Py81	B	B	0.3226442337036133
2962	Han28	Py83	B	B	0.2942435145378113
2963	Han28	Py85	B	B	0.2825303375720978
2964	Han28	Py87	B	B	0.2836023271083832
2965	Han28	P1extneg	B	B	0.4560376405715942
2966	Han28	P1NTC2	B	B	0.6367790699005127
2967	Han28	P1PCRpos	B	B	0.5337216854095459
2968	Han28	HR02	B	B	0.4155745208263397
2969	Han28	HR06	B	B	0.4164071679115295
2970	Han28	HR08	B	B	0.4582224488258362
2971	Han28	HR10	B	B	0.4102858006954193
2972	Han28	HR12	B	B	0.4714489281177521
2973	Han28	HR18	B	B	0.421792209148407
2974	Han28	HR20	B	B	0.4422448873519897
2975	Han28	HR22	B	B	0.4053382873535156
2976	Han28	HR24	B	B	0.4580014050006866
2977	Han28	HR30	B	B	0.5467665791511536
2978	Han28	HR36	B	B	0.5054020285606384
2979	Han28	HR38	B	B	0.538049578666687
2980	Han28	HR42	B	B	0.523173987865448
2981	Han28	HR57	B	B	0.4445818960666656
2982	Han28	HR59	B	B	0.5223795771598816
2983	Han28	HR61	B	B	0.5639708638191223
2984	Han28	HR67	B	B	0.5641406774520874
2985	Han28	HR71	B	B	0.8000159859657288
2986	Han28	H1	B	B	0.5449469685554504
2987	Han28	H8	B	B	0.4135347902774811
2988	Han28	H12	B	B	0.5340978503227234
2989	Han28	H16	B	B	0.5368552803993225
2990	Han28	P2PCRpos	B	B	0.5318557024002075
2991	Han28	Han02	B	B	0.2285928875207901
2992	Han28	Han04	B	B	0.1963030397891998
2993	Han28	Han06	B	B	0.2847840189933777
2994	Han28	Han08	B	B	0.2080834060907364
2995	Han28	Han10	B	B	0.1728530377149582
2996	Han28	Han12	B	B	0.2568216919898987
2997	Han28	Han14	B	B	0.2496126890182495
2998	Han28	Han16	B	B	0.278971403837204
2999	Han28	Han18	B	B	0.2678468823432922
3000	Han28	Han20	B	B	0.2221392244100571
3001	Han28	Han22	B	B	0.136007696390152
3002	Han28	Han26	B	B	0.158481553196907
3003	Han30	Py2	B	B	0.4309186041355133
3004	Han30	Py4	B	B	0.4389874041080475
3005	Han30	Py6	B	B	0.4384972453117371
3006	Han30	Py8	B	B	0.4686482846736908
3007	Han30	Py10	B	B	0.4801088869571686
3008	Han30	Py12	B	B	0.4487267136573792
3009	Han30	Py14	B	B	0.5056979656219482
3010	Han30	Py16	B	B	0.4576881527900696
3011	Han30	Py18	B	B	0.5078043341636658
3012	Han30	Py20	B	B	0.5191859602928162
3013	Han30	Py22	B	B	0.5069106817245483
3014	Han30	Py24	B	B	0.5199593901634216
3015	Han30	Py26	B	B	0.4394857287406921
3016	Han30	Py28	B	B	0.4590021967887878
3017	Han30	Py30	B	B	0.458368718624115
3018	Han30	Py32	B	B	0.4561223387718201
3019	Han30	Py34	B	B	0.4449523091316223
3020	Han30	Py36	B	B	0.4457139074802399
3021	Han30	Py38	B	B	0.3895750641822815
3022	Han30	Py40	B	B	0.4320240318775177
3023	Han30	Py42	B	B	0.4223878681659698
3024	Han30	Py44	B	B	0.4546812772750854
3025	Han30	Py46	B	B	0.4524711668491364
3026	Han30	Py48	B	B	0.4725105762481689
3027	Han30	Py52	B	B	0.4038339257240295
3028	Han30	Py54	B	B	0.463939905166626
3029	Han30	Py56	B	B	0.4786669611930847
3030	Han30	Py58	B	B	0.4810018241405487
3031	Han30	Py62	B	B	0.4297304451465607
3032	Han30	Py64	B	B	0.4195727109909058
3033	Han30	Py66	B	B	0.4168274104595184
3034	Han30	Py68	B	B	0.4232297837734222
3035	Han30	Py70	B	B	0.4070819914340973
3036	Han30	Py72	B	B	0.4119145572185516
3037	Han30	Py79	B	B	0.2581650018692017
3038	Han30	Py81	B	B	0.3281176686286926
3039	Han30	Py83	B	B	0.3026503324508667
3040	Han30	Py85	B	B	0.2958765029907227
3041	Han30	Py87	B	B	0.2865257561206818
3042	Han30	P1extneg	B	B	0.4751097857952118
3043	Han30	P1NTC2	B	B	0.6434582471847534
3044	Han30	P1PCRpos	B	B	0.5507813096046448
3045	Han30	HR02	B	B	0.4176921844482422
3046	Han30	HR06	B	B	0.4223901033401489
3047	Han30	HR08	B	B	0.4748042523860931
3048	Han30	HR10	B	B	0.4154580235481262
3049	Han30	HR12	B	B	0.4756771922111511
3050	Han30	HR18	B	B	0.4231274724006653
3051	Han30	HR20	B	B	0.44594606757164
3052	Han30	HR22	B	B	0.4068512916564941
3053	Han30	HR24	B	B	0.4614448249340057
3054	Han30	HR30	B	B	0.5522003769874573
3055	Han30	HR36	B	B	0.5228287577629089
3056	Han30	HR38	B	B	0.5492716431617737
3057	Han30	HR42	B	B	0.5295302867889404
3058	Han30	HR57	B	B	0.4493721425533295
3059	Han30	HR59	B	B	0.5330790877342224
3060	Han30	HR61	B	B	0.5709599852561951
3061	Han30	HR67	B	B	0.5739269256591797
3062	Han30	HR71	B	B	0.8144871592521667
3063	Han30	H1	B	B	0.5472672581672668
3064	Han30	H8	B	B	0.4170054197311401
3065	Han30	H12	B	B	0.5391115546226501
3066	Han30	H16	B	B	0.5409276485443115
3067	Han30	P2PCRpos	B	B	0.5488961935043335
3068	Han30	Han02	B	B	0.2321056425571442
3069	Han30	Han04	B	B	0.1929691284894943
3070	Han30	Han06	B	B	0.2945712208747864
3071	Han30	Han08	B	B	0.204373374581337
3072	Han30	Han10	B	B	0.1826358437538147
3073	Han30	Han12	B	B	0.2470667511224747
3074	Han30	Han14	B	B	0.261522114276886
3075	Han30	Han16	B	B	0.2870626449584961
3076	Han30	Han18	B	B	0.2833024561405182
3077	Han30	Han20	B	B	0.2268958687782288
3078	Han30	Han22	B	B	0.1492117494344711
3079	Han30	Han26	B	B	0.1363269686698914
3080	Han30	Han28	B	B	0.05767965316772461
3081	Han32	Py2	B	B	0.4018800556659698
3082	Han32	Py4	B	B	0.403473436832428
3083	Han32	Py6	B	B	0.3908809125423431
3084	Han32	Py8	B	B	0.42676842212677
3085	Han32	Py10	B	B	0.4352967143058777
3086	Han32	Py12	B	B	0.411143571138382
3087	Han32	Py14	B	B	0.4489182233810425
3088	Han32	Py16	B	B	0.4182177484035492
3089	Han32	Py18	B	B	0.4539556503295898
3090	Han32	Py20	B	B	0.4597452878952026
3091	Han32	Py22	B	B	0.4499180912971497
3092	Han32	Py24	B	B	0.4565890431404114
3093	Han32	Py26	B	B	0.3999824523925781
3094	Han32	Py28	B	B	0.4105724692344666
3095	Han32	Py30	B	B	0.4146170318126678
3096	Han32	Py32	B	B	0.4133288860321045
3097	Han32	Py34	B	B	0.4059952199459076
3098	Han32	Py36	B	B	0.405470609664917
3099	Han32	Py38	B	B	0.3851113319396973
3100	Han32	Py40	B	B	0.4162221550941467
3101	Han32	Py42	B	B	0.4074044525623322
3102	Han32	Py44	B	B	0.4303034245967865
3103	Han32	Py46	B	B	0.4272785186767578
3104	Han32	Py48	B	B	0.4465285241603851
3105	Han32	Py52	B	B	0.4046602249145508
3106	Han32	Py54	B	B	0.4219718873500824
3107	Han32	Py56	B	B	0.4295251369476318
3108	Han32	Py58	B	B	0.4327975809574127
3109	Han32	Py62	B	B	0.4015407562255859
3110	Han32	Py64	B	B	0.3996616899967194
3111	Han32	Py66	B	B	0.4000652432441711
3112	Han32	Py68	B	B	0.3982244729995728
3113	Han32	Py70	B	B	0.3905390202999115
3114	Han32	Py72	B	B	0.3956757783889771
3115	Han32	Py79	B	B	0.2288588583469391
3116	Han32	Py81	B	B	0.2513258755207062
3117	Han32	Py83	B	B	0.2159779816865921
3118	Han32	Py85	B	B	0.2046528607606888
3119	Han32	Py87	B	B	0.2368417978286743
3120	Han32	P1extneg	B	B	0.4240471124649048
3121	Han32	P1NTC2	B	B	0.6034875512123108
3122	Han32	P1PCRpos	B	B	0.4904889762401581
3123	Han32	HR02	B	B	0.4147602915763855
3124	Han32	HR06	B	B	0.4349123239517212
3125	Han32	HR08	B	B	0.4431010186672211
3126	Han32	HR10	B	B	0.410548985004425
3127	Han32	HR12	B	B	0.4776139259338379
3128	Han32	HR18	B	B	0.4251828193664551
3129	Han32	HR20	B	B	0.4457964897155762
3130	Han32	HR22	B	B	0.4322349727153778
3131	Han32	HR24	B	B	0.4533919095993042
3132	Han32	HR30	B	B	0.5372868776321411
3133	Han32	HR36	B	B	0.4871329665184021
3134	Han32	HR38	B	B	0.5346351265907288
3135	Han32	HR42	B	B	0.5024723410606384
3136	Han32	HR57	B	B	0.4213775396347046
3137	Han32	HR59	B	B	0.49740070104599
3138	Han32	HR61	B	B	0.5522182583808899
3139	Han32	HR67	B	B	0.5622620582580566
3140	Han32	HR71	B	B	0.7977113127708435
3141	Han32	H1	B	B	0.5450136065483093
3142	Han32	H8	B	B	0.4084070920944214
3143	Han32	H12	B	B	0.5305229425430298
3144	Han32	H16	B	B	0.54164719581604
3145	Han32	P2PCRpos	B	B	0.4885960817337036
3146	Han32	Han02	B	B	0.1703460961580276
3147	Han32	Han04	B	B	0.2799877524375916
3148	Han32	Han06	B	B	0.2326246201992035
3149	Han32	Han08	B	B	0.3200900256633759
3150	Han32	Han10	B	B	0.1338647603988647
3151	Han32	Han12	B	B	0.3557061553001404
3152	Han32	Han14	B	B	0.1879759281873703
3153	Han32	Han16	B	B	0.2257838547229767
3154	Han32	Han18	B	B	0.2330538630485535
3155	Han32	Han20	B	B	0.1704309731721878
3156	Han32	Han22	B	B	0.106104388833046
3157	Han32	Han26	B	B	0.2442370057106018
3158	Han32	Han28	B	B	0.1695406436920166
3159	Han32	Han30	B	B	0.1751437485218048
3160	Han34	Py2	B	B	0.4275697767734528
3161	Han34	Py4	B	B	0.4356346428394318
3162	Han34	Py6	B	B	0.4359576106071472
3163	Han34	Py8	B	B	0.4651845693588257
3164	Han34	Py10	B	B	0.4766862988471985
3165	Han34	Py12	B	B	0.445370227098465
3166	Han34	Py14	B	B	0.5019142627716064
3167	Han34	Py16	B	B	0.454163521528244
3168	Han34	Py18	B	B	0.5042577981948853
3169	Han34	Py20	B	B	0.515469491481781
3170	Han34	Py22	B	B	0.5029491782188416
3171	Han34	Py24	B	B	0.5160455703735352
3172	Han34	Py26	B	B	0.4364738464355469
3173	Han34	Py28	B	B	0.4555131494998932
3174	Han34	Py30	B	B	0.4548146724700928
3175	Han34	Py32	B	B	0.4523923993110657
3176	Han34	Py34	B	B	0.4421431422233582
3177	Han34	Py36	B	B	0.4429858028888702
3178	Han34	Py38	B	B	0.3906958103179932
3179	Han34	Py40	B	B	0.433713436126709
3180	Han34	Py42	B	B	0.4240555465221405
3181	Han34	Py44	B	B	0.456062912940979
3182	Han34	Py46	B	B	0.4539994597434998
3183	Han34	Py48	B	B	0.4734044671058655
3184	Han34	Py52	B	B	0.4008893966674805
3185	Han34	Py54	B	B	0.4611079692840576
3186	Han34	Py56	B	B	0.4755553603172302
3187	Han34	Py58	B	B	0.4778948426246643
3188	Han34	Py62	B	B	0.4307698309421539
3189	Han34	Py64	B	B	0.4206417202949524
3190	Han34	Py66	B	B	0.4178398251533508
3191	Han34	Py68	B	B	0.4240111112594604
3192	Han34	Py70	B	B	0.4077112078666687
3193	Han34	Py72	B	B	0.4123905301094055
3194	Han34	Py79	B	B	0.3407224118709564
3195	Han34	Py81	B	B	0.4089295566082001
3196	Han34	Py83	B	B	0.3853002786636353
3197	Han34	Py85	B	B	0.3756453990936279
3198	Han34	Py87	B	B	0.3740961253643036
3199	Han34	P1extneg	B	B	0.4766925871372223
3200	Han34	P1NTC2	B	B	0.6467358469963074
3201	Han34	P1PCRpos	B	B	0.5509977340698242
3202	Han34	HR02	B	B	0.4477526545524597
3203	Han34	HR06	B	B	0.4642362296581268
3204	Han34	HR08	B	B	0.5051214098930359
3205	Han34	HR10	B	B	0.4651952087879181
3206	Han34	HR12	B	B	0.5121904015541077
3207	Han34	HR18	B	B	0.4623379707336426
3208	Han34	HR20	B	B	0.4645662009716034
3209	Han34	HR22	B	B	0.449821799993515
3210	Han34	HR24	B	B	0.475605845451355
3211	Han34	HR30	B	B	0.5730397701263428
3212	Han34	HR36	B	B	0.5236794352531433
3213	Han34	HR38	B	B	0.5567943453788757
3214	Han34	HR42	B	B	0.5539445877075195
3215	Han34	HR57	B	B	0.5059719681739807
3216	Han34	HR59	B	B	0.5442826747894287
3217	Han34	HR61	B	B	0.5934879779815674
3218	Han34	HR67	B	B	0.5899100303649902
3219	Han34	HR71	B	B	0.8213217854499817
3220	Han34	H1	B	B	0.5691795349121094
3221	Han34	H8	B	B	0.4608497023582458
3222	Han34	H12	B	B	0.5622537136077881
3223	Han34	H16	B	B	0.5617745518684387
3224	Han34	P2PCRpos	B	B	0.549116313457489
3225	Han34	Han02	B	B	0.3248342275619507
3226	Han34	Han04	B	B	0.2274158298969269
3227	Han34	Han06	B	B	0.3907410800457001
3228	Han34	Han08	B	B	0.1265936344861984
3229	Han34	Han10	B	B	0.2708103656768799
3230	Han34	Han12	B	B	0.2465459853410721
3231	Han34	Han14	B	B	0.3525445163249969
3232	Han34	Han16	B	B	0.3849439918994904
3233	Han34	Han18	B	B	0.3730848729610443
3234	Han34	Han20	B	B	0.3297204375267029
3235	Han34	Han22	B	B	0.2357367277145386
3236	Han34	Han26	B	B	0.1485786288976669
3237	Han34	Han28	B	B	0.1299883872270584
3238	Han34	Han30	B	B	0.1318538933992386
3239	Han34	Han32	B	B	0.271500825881958
3240	Han36	Py2	B	B	0.4304874241352081
3241	Han36	Py4	B	B	0.4385312795639038
3242	Han36	Py6	B	B	0.4378454685211182
3243	Han36	Py8	B	B	0.4680132269859314
3244	Han36	Py10	B	B	0.4795409440994263
3245	Han36	Py12	B	B	0.4480734169483185
3246	Han36	Py14	B	B	0.5042531490325928
3247	Han36	Py16	B	B	0.4569857120513916
3248	Han36	Py18	B	B	0.5065903663635254
3249	Han36	Py20	B	B	0.5179716944694519
3250	Han36	Py22	B	B	0.5056899785995483
3251	Han36	Py24	B	B	0.5184888243675232
3252	Han36	Py26	B	B	0.4388280212879181
3253	Han36	Py28	B	B	0.4581207633018494
3254	Han36	Py30	B	B	0.4574443697929382
3255	Han36	Py32	B	B	0.4551832973957062
3256	Han36	Py34	B	B	0.4444505572319031
3257	Han36	Py36	B	B	0.4452261924743652
3258	Han36	Py38	B	B	0.3839208483695984
3259	Han36	Py40	B	B	0.4286373257637024
3260	Han36	Py42	B	B	0.4183804988861084
3261	Han36	Py44	B	B	0.4523710310459137
3262	Han36	Py46	B	B	0.45171058177948
3263	Han36	Py48	B	B	0.4680675566196442
3264	Han36	Py52	B	B	0.3972667157649994
3265	Han36	Py54	B	B	0.4628479778766632
3266	Han36	Py56	B	B	0.4772349298000336
3267	Han36	Py58	B	B	0.4797728657722473
3268	Han36	Py62	B	B	0.4259189665317535
3269	Han36	Py64	B	B	0.4154376089572906
3270	Han36	Py66	B	B	0.4128857254981995
3271	Han36	Py68	B	B	0.4190595149993896
3272	Han36	Py70	B	B	0.4040556848049164
3273	Han36	Py72	B	B	0.4076460003852844
3274	Han36	Py79	B	B	0.3043392598628998
3275	Han36	Py81	B	B	0.3671078085899353
3276	Han36	Py83	B	B	0.3442564308643341
3277	Han36	Py85	B	B	0.3395208120346069
3278	Han36	Py87	B	B	0.3292654752731323
3279	Han36	P1extneg	B	B	0.4827072322368622
3280	Han36	P1NTC2	B	B	0.6433602571487427
3281	Han36	P1PCRpos	B	B	0.5542803406715393
3282	Han36	HR02	B	B	0.4229821860790253
3283	Han36	HR06	B	B	0.4414480626583099
3284	Han36	HR08	B	B	0.4981279969215393
3285	Han36	HR10	B	B	0.4406915605068207
3286	Han36	HR12	B	B	0.4910156428813934
3287	Han36	HR18	B	B	0.4337264001369476
3288	Han36	HR20	B	B	0.4521851241588593
3289	Han36	HR22	B	B	0.4230513870716095
3290	Han36	HR24	B	B	0.4672368466854095
3291	Han36	HR30	B	B	0.5610317587852478
3292	Han36	HR36	B	B	0.5261532068252563
3293	Han36	HR38	B	B	0.5534897446632385
3294	Han36	HR42	B	B	0.540809154510498
3295	Han36	HR57	B	B	0.4764901697635651
3296	Han36	HR59	B	B	0.5375683903694153
3297	Han36	HR61	B	B	0.5835797190666199
3298	Han36	HR67	B	B	0.5849353075027466
3299	Han36	HR71	B	B	0.8200786113739014
3300	Han36	H1	B	B	0.5560764670372009
3301	Han36	H8	B	B	0.4304023385047913
3302	Han36	H12	B	B	0.5485095977783203
3303	Han36	H16	B	B	0.5481038093566895
3304	Han36	P2PCRpos	B	B	0.552407443523407
3305	Han36	Han02	B	B	0.2835642397403717
3306	Han36	Han04	B	B	0.1937035024166107
3307	Han36	Han06	B	B	0.3521504700183868
3308	Han36	Han08	B	B	0.155685156583786
3309	Han36	Han10	B	B	0.2412630319595337
3310	Han36	Han12	B	B	0.2352530956268311
3311	Han36	Han14	B	B	0.3135967552661896
3312	Han36	Han16	B	B	0.3415214419364929
3313	Han36	Han18	B	B	0.3312518894672394
3314	Han36	Han20	B	B	0.2845207154750824
3315	Han36	Han22	B	B	0.1963919699192047
3316	Han36	Han26	B	B	0.1257674545049667
3317	Han36	Han28	B	B	0.1101862490177155
3318	Han36	Han30	B	B	0.08250312507152557
3319	Han36	Han32	B	B	0.2322618067264557
3320	Han36	Han34	B	B	0.08333634585142136
3321	Han38	Py2	B	B	0.4471907615661621
3322	Han38	Py4	B	B	0.4501197636127472
3323	Han38	Py6	B	B	0.4326842129230499
3324	Han38	Py8	B	B	0.4651135504245758
3325	Han38	Py10	B	B	0.4741429388523102
3326	Han38	Py12	B	B	0.4528080523014069
3327	Han38	Py14	B	B	0.4993346333503723
3328	Han38	Py16	B	B	0.4550780057907104
3329	Han38	Py18	B	B	0.4979315996170044
3330	Han38	Py20	B	B	0.5087399482727051
3331	Han38	Py22	B	B	0.4974392950534821
3332	Han38	Py24	B	B	0.5187494158744812
3333	Han38	Py26	B	B	0.4378343224525452
3334	Han38	Py28	B	B	0.4487766027450562
3335	Han38	Py30	B	B	0.4492831230163574
3336	Han38	Py32	B	B	0.4466435015201569
3337	Han38	Py34	B	B	0.4386022686958313
3338	Han38	Py36	B	B	0.4392901659011841
3339	Han38	Py38	B	B	0.4220141768455505
3340	Han38	Py40	B	B	0.4661612808704376
3341	Han38	Py42	B	B	0.461270272731781
3342	Han38	Py44	B	B	0.4869575500488281
3343	Han38	Py46	B	B	0.4832639098167419
3344	Han38	Py48	B	B	0.5058634281158447
3345	Han38	Py52	B	B	0.4362503588199615
3346	Han38	Py54	B	B	0.4781810641288757
3347	Han38	Py56	B	B	0.4906346201896667
3348	Han38	Py58	B	B	0.4938729405403137
3349	Han38	Py62	B	B	0.4602102041244507
3350	Han38	Py64	B	B	0.4527341425418854
3351	Han38	Py66	B	B	0.4490618407726288
3352	Han38	Py68	B	B	0.4540072977542877
3353	Han38	Py70	B	B	0.4370557069778442
3354	Han38	Py72	B	B	0.4434154629707336
3355	Han38	Py79	B	B	0.3563281297683716
3356	Han38	Py81	B	B	0.4263574182987213
3357	Han38	Py83	B	B	0.4040282368659973
3358	Han38	Py85	B	B	0.3941736221313477
3359	Han38	Py87	B	B	0.3824719190597534
3360	Han38	P1extneg	B	B	0.5218778848648071
3361	Han38	P1NTC2	B	B	0.6684345602989197
3362	Han38	P1PCRpos	B	B	0.548869788646698
3363	Han38	HR02	B	B	0.4342070519924164
3364	Han38	HR06	B	B	0.4588813781738281
3365	Han38	HR08	B	B	0.5097748041152954
3366	Han38	HR10	B	B	0.4456561505794525
3367	Han38	HR12	B	B	0.5086156129837036
3368	Han38	HR18	B	B	0.4485525190830231
3369	Han38	HR20	B	B	0.4638407528400421
3370	Han38	HR22	B	B	0.4702767729759216
3371	Han38	HR24	B	B	0.4594157934188843
3372	Han38	HR30	B	B	0.564998209476471
3373	Han38	HR36	B	B	0.5249408483505249
3374	Han38	HR38	B	B	0.5514402389526367
3375	Han38	HR42	B	B	0.5460809469223022
3376	Han38	HR57	B	B	0.5120457410812378
3377	Han38	HR59	B	B	0.5331839919090271
3378	Han38	HR61	B	B	0.5839524269104004
3379	Han38	HR67	B	B	0.5905340313911438
3380	Han38	HR71	B	B	0.827731728553772
3381	Han38	H1	B	B	0.5754504799842834
3382	Han38	H8	B	B	0.4539801180362701
3383	Han38	H12	B	B	0.5532750487327576
3384	Han38	H16	B	B	0.562430739402771
3385	Han38	P2PCRpos	B	B	0.5469420552253723
3386	Han38	Han02	B	B	0.3452761769294739
3387	Han38	Han04	B	B	0.2292829602956772
3388	Han38	Han06	B	B	0.4126607179641724
3389	Han38	Han08	B	B	0.1772870272397995
3390	Han38	Han10	B	B	0.298431396484375
3391	Han38	Han12	B	B	0.2590340375900269
3392	Han38	Han14	B	B	0.378982812166214
3393	Han38	Han16	B	B	0.4061136245727539
3394	Han38	Han18	B	B	0.401223361492157
3395	Han38	Han20	B	B	0.3453598320484161
3396	Han38	Han22	B	B	0.2553652226924896
3397	Han38	Han26	B	B	0.1133771985769272
3398	Han38	Han28	B	B	0.1682751923799515
3399	Han38	Han30	B	B	0.1452955454587936
3400	Han38	Han32	B	B	0.2609069347381592
3401	Han38	Han34	B	B	0.1100170388817787
3402	Han38	Han36	B	B	0.09486442059278488
3403	Han40	Py2	B	B	0.4284692406654358
3404	Han40	Py4	B	B	0.4366095960140228
3405	Han40	Py6	B	B	0.4378228187561035
3406	Han40	Py8	B	B	0.4665092825889587
3407	Han40	Py10	B	B	0.4780505895614624
3408	Han40	Py12	B	B	0.4468109011650085
3409	Han40	Py14	B	B	0.5020989179611206
3410	Han40	Py16	B	B	0.4550103545188904
3411	Han40	Py18	B	B	0.5044266581535339
3412	Han40	Py20	B	B	0.5157063603401184
3413	Han40	Py22	B	B	0.503329873085022
3414	Han40	Py24	B	B	0.51634281873703
3415	Han40	Py26	B	B	0.4373659789562225
3416	Han40	Py28	B	B	0.4557101726531982
3417	Han40	Py30	B	B	0.4549578130245209
3418	Han40	Py32	B	B	0.4525781273841858
3419	Han40	Py34	B	B	0.4434243142604828
3420	Han40	Py36	B	B	0.4442603290081024
3421	Han40	Py38	B	B	0.3640089631080627
3422	Han40	Py40	B	B	0.4159263372421265
3423	Han40	Py42	B	B	0.400442361831665
3424	Han40	Py44	B	B	0.4491972029209137
3425	Han40	Py46	B	B	0.4491618871688843
3426	Han40	Py48	B	B	0.4596374034881592
3427	Han40	Py52	B	B	0.3801195323467255
3428	Han40	Py54	B	B	0.4591874778270721
3429	Han40	Py56	B	B	0.4737067818641663
3430	Han40	Py58	B	B	0.4760931432247162
3431	Han40	Py62	B	B	0.4080327451229095
3432	Han40	Py64	B	B	0.3945001661777496
3433	Han40	Py66	B	B	0.3935746252536774
3434	Han40	Py68	B	B	0.4014286696910858
3435	Han40	Py70	B	B	0.3930345177650452
3436	Han40	Py72	B	B	0.3864564299583435
3437	Han40	Py79	B	B	0.3208687603473663
3438	Han40	Py81	B	B	0.3804403841495514
3439	Han40	Py83	B	B	0.362805187702179
3440	Han40	Py85	B	B	0.3614389300346375
3441	Han40	Py87	B	B	0.3162460327148438
3442	Han40	P1extneg	B	B	0.434711754322052
3443	Han40	P1NTC2	B	B	0.6203122735023499
3444	Han40	P1PCRpos	B	B	0.553231954574585
3445	Han40	HR02	B	B	0.4157077372074127
3446	Han40	HR06	B	B	0.4455821514129639
3447	Han40	HR08	B	B	0.5090277194976807
3448	Han40	HR10	B	B	0.4323573410511017
3449	Han40	HR12	B	B	0.493118017911911
3450	Han40	HR18	B	B	0.423134833574295
3451	Han40	HR20	B	B	0.4270091652870178
3452	Han40	HR22	B	B	0.4171828627586365
3453	Han40	HR24	B	B	0.4416153132915497
3454	Han40	HR30	B	B	0.5366420745849609
3455	Han40	HR36	B	B	0.520553469657898
3456	Han40	HR38	B	B	0.5347532033920288
3457	Han40	HR42	B	B	0.5191037058830261
3458	Han40	HR57	B	B	0.4618155062198639
3459	Han40	HR59	B	B	0.5184577107429504
3460	Han40	HR61	B	B	0.5560092926025391
3461	Han40	HR67	B	B	0.5636058449745178
3462	Han40	HR71	B	B	0.8198620080947876
3463	Han40	H1	B	B	0.526451826095581
3464	Han40	H8	B	B	0.4160048067569733
3465	Han40	H12	B	B	0.5240792036056519
3466	Han40	H16	B	B	0.5226140022277832
3467	Han40	P2PCRpos	B	B	0.5512253046035767
3468	Han40	Han02	B	B	0.2670117020606995
3469	Han40	Han04	B	B	0.1929074972867966
3470	Han40	Han06	B	B	0.3647988736629486
3471	Han40	Han08	B	B	0.1340271532535553
3472	Han40	Han10	B	B	0.2579208314418793
3473	Han40	Han12	B	B	0.2193561792373657
3474	Han40	Han14	B	B	0.3164011240005493
3475	Han40	Han16	B	B	0.3589616417884827
3476	Han40	Han18	B	B	0.3656644225120544
3477	Han40	Han20	B	B	0.3147157430648804
3478	Han40	Han22	B	B	0.2211258709430695
3479	Han40	Han26	B	B	0.1269118785858154
3480	Han40	Han28	B	B	0.1406779587268829
3481	Han40	Han30	B	B	0.1276676654815674
3482	Han40	Han32	B	B	0.2623854279518127
3483	Han40	Han34	B	B	0.1238204836845398
3484	Han40	Han36	B	B	0.1198098510503769
3485	Han40	Han38	B	B	0.1555141508579254
3486	Han42	Py2	B	B	0.4285447001457214
3487	Han42	Py4	B	B	0.4364102482795715
3488	Han42	Py6	B	B	0.4368492066860199
3489	Han42	Py8	B	B	0.4663791954517365
3490	Han42	Py10	B	B	0.4776631295681
3491	Han42	Py12	B	B	0.4462171792984009
3492	Han42	Py14	B	B	0.5035149455070496
3493	Han42	Py16	B	B	0.4555518627166748
3494	Han42	Py18	B	B	0.5058295726776123
3495	Han42	Py20	B	B	0.5170353651046753
3496	Han42	Py22	B	B	0.5046009421348572
3497	Han42	Py24	B	B	0.5176430940628052
3498	Han42	Py26	B	B	0.4376092553138733
3499	Han42	Py28	B	B	0.457062840461731
3500	Han42	Py30	B	B	0.4562139511108398
3501	Han42	Py32	B	B	0.4538030028343201
3502	Han42	Py34	B	B	0.4432156383991241
3503	Han42	Py36	B	B	0.4437044858932495
3504	Han42	Py38	B	B	0.3807875514030457
3505	Han42	Py40	B	B	0.4225770533084869
3506	Han42	Py42	B	B	0.4120640158653259
3507	Han42	Py44	B	B	0.4503600001335144
3508	Han42	Py46	B	B	0.4500215649604797
3509	Han42	Py48	B	B	0.4607635736465454
3510	Han42	Py52	B	B	0.3893726170063019
3511	Han42	Py54	B	B	0.4617906510829926
3512	Han42	Py56	B	B	0.4763152301311493
3513	Han42	Py58	B	B	0.4786529839038849
3514	Han42	Py62	B	B	0.4209687113761902
3515	Han42	Py64	B	B	0.4094589948654175
3516	Han42	Py66	B	B	0.4065411984920502
3517	Han42	Py68	B	B	0.4147596955299377
3518	Han42	Py70	B	B	0.3997985124588013
3519	Han42	Py72	B	B	0.4010604023933411
3520	Han42	Py79	B	B	0.3102158308029175
3521	Han42	Py81	B	B	0.369996964931488
3522	Han42	Py83	B	B	0.3511460423469543
3523	Han42	Py85	B	B	0.3496841192245483
3524	Han42	Py87	B	B	0.3338536620140076
3525	Han42	P1extneg	B	B	0.460085928440094
3526	Han42	P1NTC2	B	B	0.637708306312561
3527	Han42	P1PCRpos	B	B	0.5528063774108887
3528	Han42	HR02	B	B	0.4429208338260651
3529	Han42	HR06	B	B	0.4629833698272705
3530	Han42	HR08	B	B	0.5016940832138062
3531	Han42	HR10	B	B	0.4604839682579041
3532	Han42	HR12	B	B	0.5083816051483154
3533	Han42	HR18	B	B	0.4537156522274017
3534	Han42	HR20	B	B	0.4663035273551941
3535	Han42	HR22	B	B	0.440579742193222
3536	Han42	HR24	B	B	0.4783980846405029
3537	Han42	HR30	B	B	0.5752367377281189
3538	Han42	HR36	B	B	0.5279703140258789
3539	Han42	HR38	B	B	0.5572028160095215
3540	Han42	HR42	B	B	0.5544194579124451
3541	Han42	HR57	B	B	0.495904803276062
3542	Han42	HR59	B	B	0.5451558232307434
3543	Han42	HR61	B	B	0.5946328043937683
3544	Han42	HR67	B	B	0.5828258991241455
3545	Han42	HR71	B	B	0.8243817090988159
3546	Han42	H1	B	B	0.5657424926757812
3547	Han42	H8	B	B	0.451916515827179
3548	Han42	H12	B	B	0.5625898838043213
3549	Han42	H16	B	B	0.5621787905693054
3550	Han42	P2PCRpos	B	B	0.550956130027771
3551	Han42	Han02	B	B	0.2834876179695129
3552	Han42	Han04	B	B	0.2051444947719574
3553	Han42	Han06	B	B	0.3545786440372467
3554	Han42	Han08	B	B	0.1035337746143341
3555	Han42	Han10	B	B	0.2518286406993866
3556	Han42	Han12	B	B	0.237997367978096
3557	Han42	Han14	B	B	0.3123976290225983
3558	Han42	Han16	B	B	0.3440954685211182
3559	Han42	Han18	B	B	0.3455128073692322
3560	Han42	Han20	B	B	0.2969309687614441
3561	Han42	Han22	B	B	0.2023056745529175
3562	Han42	Han26	B	B	0.1456008553504944
3563	Han42	Han28	B	B	0.1180507391691208
3564	Han42	Han30	B	B	0.1137753576040268
3565	Han42	Han32	B	B	0.2474025785923004
3566	Han42	Han34	B	B	0.06113452091813087
3567	Han42	Han36	B	B	0.07109885662794113
3568	Han42	Han38	B	B	0.1151175498962402
3569	Han42	Han40	B	B	0.1086881086230278
3570	Han44	Py2	B	B	0.4307120740413666
3571	Han44	Py4	B	B	0.4386802315711975
3572	Han44	Py6	B	B	0.4390823245048523
3573	Han44	Py8	B	B	0.4685324132442474
3574	Han44	Py10	B	B	0.4798915684223175
3575	Han44	Py12	B	B	0.4485142230987549
3576	Han44	Py14	B	B	0.5058538913726807
3577	Han44	Py16	B	B	0.4576764702796936
3578	Han44	Py18	B	B	0.5081338286399841
3579	Han44	Py20	B	B	0.5194342136383057
3580	Han44	Py22	B	B	0.507046103477478
3581	Han44	Py24	B	B	0.5200513005256653
3582	Han44	Py26	B	B	0.4399313032627106
3583	Han44	Py28	B	B	0.4594458937644958
3584	Han44	Py30	B	B	0.4585795402526855
3585	Han44	Py32	B	B	0.4562530219554901
3586	Han44	Py34	B	B	0.4453353583812714
3587	Han44	Py36	B	B	0.4460305869579315
3588	Han44	Py38	B	B	0.3925270438194275
3589	Han44	Py40	B	B	0.4336568713188171
3590	Han44	Py42	B	B	0.4238755106925964
3591	Han44	Py44	B	B	0.4567386507987976
3592	Han44	Py46	B	B	0.4542055726051331
3593	Han44	Py48	B	B	0.473052978515625
3594	Han44	Py52	B	B	0.4009296596050262
3595	Han44	Py54	B	B	0.4650141298770905
3596	Han44	Py56	B	B	0.4795936942100525
3597	Han44	Py58	B	B	0.4819632172584534
3598	Han44	Py62	B	B	0.4312188625335693
3599	Han44	Py64	B	B	0.4211499094963074
3600	Han44	Py66	B	B	0.4184462130069733
3601	Han44	Py68	B	B	0.4251490235328674
3602	Han44	Py70	B	B	0.4091199934482574
3603	Han44	Py72	B	B	0.4131049811840057
3604	Han44	Py79	B	B	0.3461523056030273
3605	Han44	Py81	B	B	0.4133703112602234
3606	Han44	Py83	B	B	0.3894960880279541
3607	Han44	Py85	B	B	0.3832165598869324
3608	Han44	Py87	B	B	0.3772079944610596
3609	Han44	P1extneg	B	B	0.4873432219028473
3610	Han44	P1NTC2	B	B	0.6508423089981079
3611	Han44	P1PCRpos	B	B	0.5580035448074341
3612	Han44	HR02	B	B	0.4554490745067596
3613	Han44	HR06	B	B	0.4749382734298706
3614	Han44	HR08	B	B	0.5139702558517456
3615	Han44	HR10	B	B	0.4737793803215027
3616	Han44	HR12	B	B	0.5187097787857056
3617	Han44	HR18	B	B	0.4693101048469543
3618	Han44	HR20	B	B	0.4670458137989044
3619	Han44	HR22	B	B	0.4562376141548157
3620	Han44	HR24	B	B	0.4794166684150696
3621	Han44	HR30	B	B	0.577468991279602
3622	Han44	HR36	B	B	0.5283555388450623
3623	Han44	HR38	B	B	0.5566009879112244
3624	Han44	HR42	B	B	0.5568996071815491
3625	Han44	HR57	B	B	0.5129404664039612
3626	Han44	HR59	B	B	0.5448790192604065
3627	Han44	HR61	B	B	0.5973546504974365
3628	Han44	HR67	B	B	0.5926613211631775
3629	Han44	HR71	B	B	0.8290004134178162
3630	Han44	H1	B	B	0.5708816051483154
3631	Han44	H8	B	B	0.4680064022541046
3632	Han44	H12	B	B	0.5657967925071716
3633	Han44	H16	B	B	0.5653790235519409
3634	Han44	P2PCRpos	B	B	0.5560851693153381
3635	Han44	Han02	B	B	0.3316064774990082
3636	Han44	Han04	B	B	0.2380470186471939
3637	Han44	Han06	B	B	0.3961975276470184
3638	Han44	Han08	B	B	0.113529846072197
3639	Han44	Han10	B	B	0.2848155796527863
3640	Han44	Han12	B	B	0.2460213601589203
3641	Han44	Han14	B	B	0.3606756925582886
3642	Han44	Han16	B	B	0.3889474868774414
3643	Han44	Han18	B	B	0.3820538222789764
3644	Han44	Han20	B	B	0.3336296379566193
3645	Han44	Han22	B	B	0.2392541468143463
3646	Han44	Han26	B	B	0.1645038723945618
3647	Han44	Han28	B	B	0.146730899810791
3648	Han44	Han30	B	B	0.1399432569742203
3649	Han44	Han32	B	B	0.2818475961685181
3650	Han44	Han34	B	B	0.0484781377017498
3651	Han44	Han36	B	B	0.09382084757089615
3652	Han44	Han38	B	B	0.1151955798268318
3653	Han44	Han40	B	B	0.1260390728712082
3654	Han44	Han42	B	B	0.06446962058544159
3655	Han46	Py2	B	B	0.4453520774841309
3656	Han46	Py4	B	B	0.4535905718803406
3657	Han46	Py6	B	B	0.4480622708797455
3658	Han46	Py8	B	B	0.4806291460990906
3659	Han46	Py10	B	B	0.4896691739559174
3660	Han46	Py12	B	B	0.4670794606208801
3661	Han46	Py14	B	B	0.5080400705337524
3662	Han46	Py16	B	B	0.4720869958400726
3663	Han46	Py18	B	B	0.5123445987701416
3664	Han46	Py20	B	B	0.523237943649292
3665	Han46	Py22	B	B	0.510561466217041
3666	Han46	Py24	B	B	0.5241706967353821
3667	Han46	Py26	B	B	0.4560708105564117
3668	Han46	Py28	B	B	0.4730883836746216
3669	Han46	Py30	B	B	0.4744100570678711
3670	Han46	Py32	B	B	0.4731252193450928
3671	Han46	Py34	B	B	0.4617647528648376
3672	Han46	Py36	B	B	0.4627796411514282
3673	Han46	Py38	B	B	0.4107358157634735
3674	Han46	Py40	B	B	0.4378853440284729
3675	Han46	Py42	B	B	0.4285723865032196
3676	Han46	Py44	B	B	0.4606298208236694
3677	Han46	Py46	B	B	0.4607519209384918
3678	Han46	Py48	B	B	0.4715543389320374
3679	Han46	Py52	B	B	0.4128435850143433
3680	Han46	Py54	B	B	0.4741398394107819
3681	Han46	Py56	B	B	0.4855614602565765
3682	Han46	Py58	B	B	0.4866566061973572
3683	Han46	Py62	B	B	0.4363435804843903
3684	Han46	Py64	B	B	0.4287583827972412
3685	Han46	Py66	B	B	0.4281245768070221
3686	Han46	Py68	B	B	0.4316438734531403
3687	Han46	Py70	B	B	0.4204105138778687
3688	Han46	Py72	B	B	0.4265266358852386
3689	Han46	Py79	B	B	0.2774776816368103
3690	Han46	Py81	B	B	0.2600105106830597
3691	Han46	Py83	B	B	0.1761941611766815
3692	Han46	Py85	B	B	0.1815252304077148
3693	Han46	Py87	B	B	0.255029559135437
3694	Han46	P1extneg	B	B	0.4389800429344177
3695	Han46	P1NTC2	B	B	0.6328437328338623
3696	Han46	P1PCRpos	B	B	0.5274934768676758
3697	Han46	HR02	B	B	0.4364249706268311
3698	Han46	HR06	B	B	0.4524214565753937
3699	Han46	HR08	B	B	0.4379203021526337
3700	Han46	HR10	B	B	0.432539701461792
3701	Han46	HR12	B	B	0.4959995150566101
3702	Han46	HR18	B	B	0.439626544713974
3703	Han46	HR20	B	B	0.4677289128303528
3704	Han46	HR22	B	B	0.4269652366638184
3705	Han46	HR24	B	B	0.4786127805709839
3706	Han46	HR30	B	B	0.5519760251045227
3707	Han46	HR36	B	B	0.5121182799339294
3708	Han46	HR38	B	B	0.5305429100990295
3709	Han46	HR42	B	B	0.521128237247467
3710	Han46	HR57	B	B	0.4123792052268982
3711	Han46	HR59	B	B	0.5150387287139893
3712	Han46	HR61	B	B	0.5700973868370056
3713	Han46	HR67	B	B	0.5535348057746887
3714	Han46	HR71	B	B	0.7853434085845947
3715	Han46	H1	B	B	0.5420135855674744
3716	Han46	H8	B	B	0.4247387945652008
3717	Han46	H12	B	B	0.5368096828460693
3718	Han46	H16	B	B	0.5452324151992798
3719	Han46	P2PCRpos	B	B	0.5253894329071045
3720	Han46	Han02	B	B	0.1681934893131256
3721	Han46	Han04	B	B	0.4169149398803711
3722	Han46	Han06	B	B	0.04773537814617157
3723	Han46	Han08	B	B	0.4362468421459198
3724	Han46	Han10	B	B	0.1607054024934769
3725	Han46	Han12	B	B	0.4931092858314514
3726	Han46	Han14	B	B	0.1249960586428642
3727	Han46	Han16	B	B	0.04761048033833504
3728	Han46	Han18	B	B	0.06786860525608063
3729	Han46	Han20	B	B	0.1027675047516823
3730	Han46	Han22	B	B	0.2602595388889313
3731	Han46	Han26	B	B	0.4104869663715363
3732	Han46	Han28	B	B	0.3006824254989624
3733	Han46	Han30	B	B	0.3118282854557037
3734	Han46	Han32	B	B	0.2452989220619202
3735	Han46	Han34	B	B	0.4060215055942535
3736	Han46	Han36	B	B	0.3661307394504547
3737	Han46	Han38	B	B	0.4310975074768066
3738	Han46	Han40	B	B	0.3764301836490631
3739	Han46	Han42	B	B	0.3671681582927704
3740	Han46	Han44	B	B	0.4117104709148407
3741	Han48	Py2	B	B	0.4236440062522888
3742	Han48	Py4	B	B	0.4316156804561615
3743	Han48	Py6	B	B	0.4313783049583435
3744	Han48	Py8	B	B	0.4612544775009155
3745	Han48	Py10	B	B	0.472524493932724
3746	Han48	Py12	B	B	0.4413992464542389
3747	Han48	Py14	B	B	0.4978393912315369
3748	Han48	Py16	B	B	0.4504407346248627
3749	Han48	Py18	B	B	0.4998074471950531
3750	Han48	Py20	B	B	0.511246383190155
3751	Han48	Py22	B	B	0.4986216425895691
3752	Han48	Py24	B	B	0.511713981628418
3753	Han48	Py26	B	B	0.4325211048126221
3754	Han48	Py28	B	B	0.4510188400745392
3755	Han48	Py30	B	B	0.4503673017024994
3756	Han48	Py32	B	B	0.4480411410331726
3757	Han48	Py34	B	B	0.4379105865955353
3758	Han48	Py36	B	B	0.4386791884899139
3759	Han48	Py38	B	B	0.3641794919967651
3760	Han48	Py40	B	B	0.4130880236625671
3761	Han48	Py42	B	B	0.3968179225921631
3762	Han48	Py44	B	B	0.4455755650997162
3763	Han48	Py46	B	B	0.4454588890075684
3764	Han48	Py48	B	B	0.4559956789016724
3765	Han48	Py52	B	B	0.3772205114364624
3766	Han48	Py54	B	B	0.4560195207595825
3767	Han48	Py56	B	B	0.4708152711391449
3768	Han48	Py58	B	B	0.4732729494571686
3769	Han48	Py62	B	B	0.4051103889942169
3770	Han48	Py64	B	B	0.3917347490787506
3771	Han48	Py66	B	B	0.389428049325943
3772	Han48	Py68	B	B	0.3991804420948029
3773	Han48	Py70	B	B	0.3912155330181122
3774	Han48	Py72	B	B	0.3838397860527039
3775	Han48	Py79	B	B	0.2935357391834259
3776	Han48	Py81	B	B	0.3435686230659485
3777	Han48	Py83	B	B	0.3335298299789429
3778	Han48	Py85	B	B	0.3299358487129211
3779	Han48	Py87	B	B	0.2961448132991791
3780	Han48	P1extneg	B	B	0.4223508834838867
3781	Han48	P1NTC2	B	B	0.6129841804504395
3782	Han48	P1PCRpos	B	B	0.542519748210907
3783	Han48	HR02	B	B	0.4338223040103912
3784	Han48	HR06	B	B	0.4448310732841492
3785	Han48	HR08	B	B	0.4861921668052673
3786	Han48	HR10	B	B	0.4488892257213593
3787	Han48	HR12	B	B	0.4959802627563477
3788	Han48	HR18	B	B	0.4410946369171143
3789	Han48	HR20	B	B	0.4623004794120789
3790	Han48	HR22	B	B	0.417686402797699
3791	Han48	HR24	B	B	0.4770814776420593
3792	Han48	HR30	B	B	0.570374608039856
3793	Han48	HR36	B	B	0.5175645351409912
3794	Han48	HR38	B	B	0.5541425347328186
3795	Han48	HR42	B	B	0.5477210283279419
3796	Han48	HR57	B	B	0.4762389659881592
3797	Han48	HR59	B	B	0.5391054153442383
3798	Han48	HR61	B	B	0.5896115899085999
3799	Han48	HR67	B	B	0.5725163221359253
3800	Han48	HR71	B	B	0.815700352191925
3801	Han48	H1	B	B	0.5579367876052856
3802	Han48	H8	B	B	0.4322052001953125
3803	Han48	H12	B	B	0.55879145860672
3804	Han48	H16	B	B	0.558417558670044
3805	Han48	P2PCRpos	B	B	0.5405499339103699
3806	Han48	Han02	B	B	0.2451853901147842
3807	Han48	Han04	B	B	0.1591386497020721
3808	Han48	Han06	B	B	0.3370972573757172
3809	Han48	Han08	B	B	0.1459848433732986
3810	Han48	Han10	B	B	0.2269589751958847
3811	Han48	Han12	B	B	0.2156525850296021
3812	Han48	Han14	B	B	0.2915162444114685
3813	Han48	Han16	B	B	0.3264441788196564
3814	Han48	Han18	B	B	0.3210538327693939
3815	Han48	Han20	B	B	0.2817495763301849
3816	Han48	Han22	B	B	0.1846064180135727
3817	Han48	Han26	B	B	0.1518837660551071
3818	Han48	Han28	B	B	0.09793203324079514
3819	Han48	Han30	B	B	0.1073246970772743
3820	Han48	Han32	B	B	0.2336798459291458
3821	Han48	Han34	B	B	0.1071584895253181
3822	Han48	Han36	B	B	0.09117483347654343
3823	Han48	Han38	B	B	0.1527547836303711
3824	Han48	Han40	B	B	0.09790963679552078
3825	Han48	Han42	B	B	0.08143392950296402
3826	Han48	Han44	B	B	0.1235222443938255
3827	Han48	Han46	B	B	0.3473738729953766
3828	P3PCRpos	Py2	B	B	0.3842251002788544
3829	P3PCRpos	Py4	B	B	0.3786855936050415
3830	P3PCRpos	Py6	B	B	0.3811384439468384
3831	P3PCRpos	Py8	B	B	0.3772090673446655
3832	P3PCRpos	Py10	B	B	0.3810805380344391
3833	P3PCRpos	Py12	B	B	0.3667526245117188
3834	P3PCRpos	Py14	B	B	0.384189784526825
3835	P3PCRpos	Py16	B	B	0.3750290870666504
3836	P3PCRpos	Py18	B	B	0.3892704248428345
3837	P3PCRpos	Py20	B	B	0.3863233923912048
3838	P3PCRpos	Py22	B	B	0.3832509517669678
3839	P3PCRpos	Py24	B	B	0.3544059693813324
3840	P3PCRpos	Py26	B	B	0.3722122311592102
3841	P3PCRpos	Py28	B	B	0.3598245978355408
3842	P3PCRpos	Py30	B	B	0.3579740226268768
3843	P3PCRpos	Py32	B	B	0.3545877635478973
3844	P3PCRpos	Py34	B	B	0.3676506876945496
3845	P3PCRpos	Py36	B	B	0.3650290668010712
3846	P3PCRpos	Py38	B	B	0.4048267304897308
3847	P3PCRpos	Py40	B	B	0.3932166695594788
3848	P3PCRpos	Py42	B	B	0.3969864547252655
3849	P3PCRpos	Py44	B	B	0.3975405395030975
3850	P3PCRpos	Py46	B	B	0.3945671916007996
3851	P3PCRpos	Py48	B	B	0.4070617854595184
3852	P3PCRpos	Py52	B	B	0.399257093667984
3853	P3PCRpos	Py54	B	B	0.3778351843357086
3854	P3PCRpos	Py56	B	B	0.3793725967407227
3855	P3PCRpos	Py58	B	B	0.3820177018642426
3856	P3PCRpos	Py62	B	B	0.3710357844829559
3857	P3PCRpos	Py64	B	B	0.3755584061145782
3858	P3PCRpos	Py66	B	B	0.3760779500007629
3859	P3PCRpos	Py68	B	B	0.3767410814762115
3860	P3PCRpos	Py70	B	B	0.372642308473587
3861	P3PCRpos	Py72	B	B	0.3805823922157288
3862	P3PCRpos	Py79	B	B	0.4758952856063843
3863	P3PCRpos	Py81	B	B	0.4739533662796021
3864	P3PCRpos	Py83	B	B	0.4877004325389862
3865	P3PCRpos	Py85	B	B	0.4813150763511658
3866	P3PCRpos	Py87	B	B	0.5020297169685364
3867	P3PCRpos	P1extneg	B	B	0.4857035875320435
3868	P3PCRpos	P1NTC2	B	B	0.4485646486282349
3869	P3PCRpos	P1PCRpos	B	B	0.02126556076109409
3870	P3PCRpos	HR02	B	B	0.4519111514091492
3871	P3PCRpos	HR06	B	B	0.4697410762310028
3872	P3PCRpos	HR08	B	B	0.4871030449867249
3873	P3PCRpos	HR10	B	B	0.467116504907608
3874	P3PCRpos	HR12	B	B	0.5166218876838684
3875	P3PCRpos	HR18	B	B	0.47170689702034
3876	P3PCRpos	HR20	B	B	0.4661912024021149
3877	P3PCRpos	HR22	B	B	0.4902305603027344
3878	P3PCRpos	HR24	B	B	0.4659248292446136
3879	P3PCRpos	HR30	B	B	0.5413693189620972
3880	P3PCRpos	HR36	B	B	0.4279958307743073
3881	P3PCRpos	HR38	B	B	0.4979880154132843
3882	P3PCRpos	HR42	B	B	0.523087203502655
3883	P3PCRpos	HR57	B	B	0.5087968111038208
3884	P3PCRpos	HR59	B	B	0.4694402813911438
3885	P3PCRpos	HR61	B	B	0.5592684745788574
3886	P3PCRpos	HR67	B	B	0.5505600571632385
3887	P3PCRpos	HR71	B	B	0.7622570991516113
3888	P3PCRpos	H1	B	B	0.5547639727592468
3889	P3PCRpos	H8	B	B	0.4679634273052216
3890	P3PCRpos	H12	B	B	0.5377892255783081
3891	P3PCRpos	H16	B	B	0.5536171793937683
3892	P3PCRpos	P2PCRpos	B	B	0.005422801710665226
3893	P3PCRpos	Han02	B	B	0.543990969657898
3894	P3PCRpos	Han04	B	B	0.5394114255905151
3895	P3PCRpos	Han06	B	B	0.5316866040229797
3896	P3PCRpos	Han08	B	B	0.5549769997596741
3897	P3PCRpos	Han10	B	B	0.5378358364105225
3898	P3PCRpos	Han12	B	B	0.5587224960327148
3899	P3PCRpos	Han14	B	B	0.5208817720413208
3900	P3PCRpos	Han16	B	B	0.5286240577697754
3901	P3PCRpos	Han18	B	B	0.5267184972763062
3902	P3PCRpos	Han20	B	B	0.5291152000427246
3903	P3PCRpos	Han22	B	B	0.4830022752285004
3904	P3PCRpos	Han26	B	B	0.5317351818084717
3905	P3PCRpos	Han28	B	B	0.5329027771949768
3906	P3PCRpos	Han30	B	B	0.5499629378318787
3907	P3PCRpos	Han32	B	B	0.4896412789821625
3908	P3PCRpos	Han34	B	B	0.5501916408538818
3909	P3PCRpos	Han36	B	B	0.5534462332725525
3910	P3PCRpos	Han38	B	B	0.5480724573135376
3911	P3PCRpos	Han40	B	B	0.5524404644966125
3912	P3PCRpos	Han42	B	B	0.5519924759864807
3913	P3PCRpos	Han44	B	B	0.5571463704109192
3914	P3PCRpos	Han46	B	B	0.5264022350311279
3915	P3PCRpos	Han48	B	B	0.5417183041572571
3916	Py2	Py1	B	A	0.02230710908770561
3917	Py2	Py3	B	A	0.01203045342117548
3918	Py2	Py5	B	A	0.1403606534004211
3919	Py2	Py7	B	A	0.04317016154527664
3920	Py2	Py9	B	A	0.05337607860565186
3921	Py2	Py11	B	A	0.06938914954662323
3922	Py2	Py13	B	A	0.0695488378405571
3923	Py2	Py15	B	A	0.06961710751056671
3924	Py2	Py17	B	A	0.055134367197752
3925	Py2	Py19	B	A	0.1579617708921432
3926	Py2	Py25	B	A	0.1537313461303711
3927	Py2	Py27	B	A	0.06904912739992142
3928	Py2	Py29	B	A	0.04865381121635437
3929	Py2	Py31	B	A	0.07579460740089417
3930	Py2	Py33	B	A	0.0805673897266388
3931	Py2	Py35	B	A	0.04813439399003983
3932	Py2	Py37	B	A	0.1084475219249725
3933	Py2	Py39	B	A	0.1420584619045258
3934	Py2	Py41	B	A	0.1074486523866653
3935	Py2	Py43	B	A	0.07566341757774353
3936	Py2	Py45	B	A	0.1256575435400009
3937	Py2	Py47	B	A	0.07462160289287567
3938	Py2	Py51	B	A	0.1198257729411125
3939	Py2	Py55	B	A	0.1184533163905144
3940	Py2	Py57	B	A	0.1219479441642761
3941	Py2	Py59	B	A	0.1708808839321136
3942	Py2	Py61	B	A	0.2106083780527115
3943	Py2	Py63	B	A	0.1154171377420425
3944	Py2	Py65	B	A	0.1131597235798836
3945	Py2	Py67	B	A	0.09002366662025452
3946	Py2	Py69	B	A	0.09634826332330704
3947	Py2	Py71	B	A	0.1082085967063904
3948	Py2	Py73	B	A	0.4512235224246979
3949	Py2	Py75	B	A	0.4232361912727356
3950	Py2	Py78	B	A	0.3216247856616974
3951	Py2	Py80	B	A	0.3848209381103516
3952	Py2	Py82	B	A	0.2722093760967255
3953	Py2	Py84	B	A	0.3411465883255005
3954	Py2	Py86	B	A	0.3581441640853882
3955	Py2	Py88	B	A	0.3618664145469666
3956	Py2	HR05	B	A	0.3581681847572327
3957	Py2	HR07	B	A	0.3710451722145081
3958	Py2	HR09	B	A	0.3099372386932373
3959	Py2	HR11	B	A	0.3520829379558563
3960	Py2	HR15	B	A	0.4397876560688019
3961	Py2	HR19	B	A	0.356450617313385
3962	Py2	HR21	B	A	0.3709895312786102
3963	Py2	HR25	B	A	0.4842806458473206
3964	Py2	HR31	B	A	0.4754788875579834
3965	Py2	HR33	B	A	0.3981563150882721
3966	Py2	HR37	B	A	0.4065249562263489
3967	Py2	HR47	B	A	0.4199275374412537
3968	Py2	HR50	B	A	0.3890173435211182
3969	Py2	HR52	B	A	0.4603824317455292
3970	Py2	HR56	B	A	0.3426654040813446
3971	Py2	HR60	B	A	0.3802137970924377
3972	Py2	HR62	B	A	0.3486112952232361
3973	Py2	HR64	B	A	0.5069960355758667
3974	Py2	HR66	B	A	0.3989771604537964
3975	Py2	HR68	B	A	0.3500281572341919
3976	Py2	H3	B	A	0.4111318290233612
3977	Py2	H5	B	A	0.3620525300502777
3978	Py2	H7	B	A	0.3181916773319244
3979	Py2	H11	B	A	0.3746846914291382
3980	Py2	H13	B	A	0.4029020965099335
3981	Py2	H15	B	A	0.4650217890739441
3982	Py2	Han01	B	A	0.4562781751155853
3983	Py2	Han03	B	A	0.434881329536438
3984	Py2	Han05	B	A	0.4180167317390442
3985	Py2	Han07	B	A	0.4606310129165649
3986	Py2	Han09	B	A	0.4496260285377502
3987	Py2	Han11	B	A	0.4518822431564331
3988	Py2	Han13	B	A	0.4445366859436035
3989	Py2	Han15	B	A	0.4360052645206451
3990	Py2	Han17	B	A	0.4414955079555511
3991	Py2	Han19	B	A	0.4440904259681702
3992	Py2	Han21	B	A	0.4390143752098083
3993	Py2	Han23	B	A	0.433096170425415
3994	Py2	Han25	B	A	0.4523341357707977
3995	Py2	Han27	B	A	0.4464482963085175
3996	Py2	Han29	B	A	0.4533594250679016
3997	Py2	Han31	B	A	0.445097029209137
3998	Py2	Han33	B	A	0.4638978838920593
3999	Py2	Han35	B	A	0.4505289793014526
4000	Py2	Han37	B	A	0.4615660011768341
4001	Py2	Han39	B	A	0.441969245672226
4002	Py2	Han41	B	A	0.4303066432476044
4003	Py2	Han43	B	A	0.430117666721344
4004	Py2	Han45	B	A	0.4327329993247986
4005	Py2	Han47	B	A	0.4292105436325073
4006	Py2	Han51	B	A	0.3824425637722015
4007	Py4	Py1	B	A	0.03835319355130196
4008	Py4	Py3	B	A	0.03046033158898354
4009	Py4	Py5	B	A	0.1312539875507355
4010	Py4	Py7	B	A	0.03535539284348488
4011	Py4	Py9	B	A	0.04450804740190506
4012	Py4	Py11	B	A	0.05407668277621269
4013	Py4	Py13	B	A	0.06834659725427628
4014	Py4	Py15	B	A	0.05919235944747925
4015	Py4	Py17	B	A	0.04518492147326469
4016	Py4	Py19	B	A	0.1510214507579803
4017	Py4	Py25	B	A	0.1464244872331619
4018	Py4	Py27	B	A	0.05054576322436333
4019	Py4	Py29	B	A	0.03799216449260712
4020	Py4	Py31	B	A	0.06091587245464325
4021	Py4	Py33	B	A	0.0629892349243164
4022	Py4	Py35	B	A	0.03631243854761124
4023	Py4	Py37	B	A	0.1184728518128395
4024	Py4	Py39	B	A	0.1508093625307083
4025	Py4	Py41	B	A	0.1036481559276581
4026	Py4	Py43	B	A	0.07404298335313797
4027	Py4	Py45	B	A	0.1205706894397736
4028	Py4	Py47	B	A	0.06974928081035614
4029	Py4	Py51	B	A	0.1198854595422745
4030	Py4	Py55	B	A	0.1113565191626549
4031	Py4	Py57	B	A	0.1169987320899963
4032	Py4	Py59	B	A	0.1680140644311905
4033	Py4	Py61	B	A	0.2074111998081207
4034	Py4	Py63	B	A	0.1139269545674324
4035	Py4	Py65	B	A	0.1100426092743874
4036	Py4	Py67	B	A	0.08411906659603119
4037	Py4	Py69	B	A	0.08882391452789307
4038	Py4	Py71	B	A	0.1050970330834389
4039	Py4	Py73	B	A	0.4533803164958954
4040	Py4	Py75	B	A	0.4282117784023285
4041	Py4	Py78	B	A	0.3241372108459473
4042	Py4	Py80	B	A	0.3931878209114075
4043	Py4	Py82	B	A	0.2789774537086487
4044	Py4	Py84	B	A	0.3480896055698395
4045	Py4	Py86	B	A	0.3663370609283447
4046	Py4	Py88	B	A	0.3701137602329254
4047	Py4	HR05	B	A	0.3593771755695343
4048	Py4	HR07	B	A	0.3719443678855896
4049	Py4	HR09	B	A	0.3088710308074951
4050	Py4	HR11	B	A	0.353247344493866
4051	Py4	HR15	B	A	0.4409526586532593
4052	Py4	HR19	B	A	0.3578612208366394
4053	Py4	HR21	B	A	0.3722470998764038
4054	Py4	HR25	B	A	0.4837117195129395
4055	Py4	HR31	B	A	0.4731906354427338
4056	Py4	HR33	B	A	0.3995170295238495
4057	Py4	HR37	B	A	0.4064905047416687
4058	Py4	HR47	B	A	0.4174444675445557
4059	Py4	HR50	B	A	0.3907759189605713
4060	Py4	HR52	B	A	0.4619051218032837
4061	Py4	HR56	B	A	0.342760443687439
4062	Py4	HR60	B	A	0.3800496459007263
4063	Py4	HR62	B	A	0.3507153987884521
4064	Py4	HR64	B	A	0.5050299763679504
4065	Py4	HR66	B	A	0.3998647332191467
4066	Py4	HR68	B	A	0.3525688052177429
4067	Py4	H3	B	A	0.4120070338249207
4068	Py4	H5	B	A	0.3646328747272491
4069	Py4	H7	B	A	0.32088902592659
4070	Py4	H11	B	A	0.3779655694961548
4071	Py4	H13	B	A	0.4045310020446777
4072	Py4	H15	B	A	0.4649674892425537
4073	Py4	Han01	B	A	0.4645776748657227
4074	Py4	Han03	B	A	0.4430735111236572
4075	Py4	Han05	B	A	0.4261260032653809
4076	Py4	Han07	B	A	0.4689139425754547
4077	Py4	Han09	B	A	0.4580443203449249
4078	Py4	Han11	B	A	0.4601522982120514
4079	Py4	Han13	B	A	0.4529036283493042
4080	Py4	Han15	B	A	0.4442269206047058
4081	Py4	Han17	B	A	0.449817955493927
4082	Py4	Han19	B	A	0.4524451792240143
4083	Py4	Han21	B	A	0.4460516273975372
4084	Py4	Han23	B	A	0.4413367509841919
4085	Py4	Han25	B	A	0.4606392979621887
4086	Py4	Han27	B	A	0.4546273946762085
4087	Py4	Han29	B	A	0.4604352414608002
4088	Py4	Han31	B	A	0.4533820450305939
4089	Py4	Han33	B	A	0.4722678661346436
4090	Py4	Han35	B	A	0.4588152766227722
4091	Py4	Han37	B	A	0.4699674248695374
4092	Py4	Han39	B	A	0.4502356052398682
4093	Py4	Han41	B	A	0.4385890662670135
4094	Py4	Han43	B	A	0.4383782148361206
4095	Py4	Han45	B	A	0.438544362783432
4096	Py4	Han47	B	A	0.4372110962867737
4097	Py4	Han51	B	A	0.3861613571643829
4098	Py6	Py1	B	A	0.0996662825345993
4099	Py6	Py3	B	A	0.09170712530612946
4100	Py6	Py5	B	A	0.07909780740737915
4101	Py6	Py7	B	A	0.09826087951660156
4102	Py6	Py9	B	A	0.104486308991909
4103	Py6	Py11	B	A	0.07302767038345337
4104	Py6	Py13	B	A	0.1241815090179443
4105	Py6	Py15	B	A	0.06836990267038345
4106	Py6	Py17	B	A	0.08373713493347168
4107	Py6	Py19	B	A	0.1215914934873581
4108	Py6	Py25	B	A	0.1282157301902771
4109	Py6	Py27	B	A	0.07603103667497635
4110	Py6	Py29	B	A	0.08862455189228058
4111	Py6	Py31	B	A	0.09844967722892761
4112	Py6	Py33	B	A	0.07612357288599014
4113	Py6	Py35	B	A	0.08834856003522873
4114	Py6	Py37	B	A	0.1795380711555481
4115	Py6	Py39	B	A	0.2206221520900726
4116	Py6	Py41	B	A	0.1664207279682159
4117	Py6	Py43	B	A	0.1314300298690796
4118	Py6	Py45	B	A	0.1254470646381378
4119	Py6	Py47	B	A	0.1058781743049622
4120	Py6	Py51	B	A	0.1884996592998505
4121	Py6	Py55	B	A	0.1133882328867912
4122	Py6	Py57	B	A	0.1243005245923996
4123	Py6	Py59	B	A	0.1715965569019318
4124	Py6	Py61	B	A	0.2266718149185181
4125	Py6	Py63	B	A	0.175543025135994
4126	Py6	Py65	B	A	0.1766235828399658
4127	Py6	Py67	B	A	0.1494135409593582
4128	Py6	Py69	B	A	0.1545388400554657
4129	Py6	Py71	B	A	0.1670570224523544
4130	Py6	Py73	B	A	0.4492857754230499
4131	Py6	Py75	B	A	0.4223729372024536
4132	Py6	Py78	B	A	0.3082593083381653
4133	Py6	Py80	B	A	0.3945876359939575
4134	Py6	Py82	B	A	0.2880158126354218
4135	Py6	Py84	B	A	0.3359253406524658
4136	Py6	Py86	B	A	0.3683729767799377
4137	Py6	Py88	B	A	0.372428834438324
4138	Py6	HR05	B	A	0.3631327748298645
4139	Py6	HR07	B	A	0.3755097985267639
4140	Py6	HR09	B	A	0.3109560608863831
4141	Py6	HR11	B	A	0.3596016764640808
4142	Py6	HR15	B	A	0.4448403418064117
4143	Py6	HR19	B	A	0.3669601678848267
4144	Py6	HR21	B	A	0.375752180814743
4145	Py6	HR25	B	A	0.4845839738845825
4146	Py6	HR31	B	A	0.4755321145057678
4147	Py6	HR33	B	A	0.405463695526123
4148	Py6	HR37	B	A	0.4107186496257782
4149	Py6	HR47	B	A	0.426186740398407
4150	Py6	HR50	B	A	0.394477903842926
4151	Py6	HR52	B	A	0.4695557951927185
4152	Py6	HR56	B	A	0.3598054349422455
4153	Py6	HR60	B	A	0.3963109254837036
4154	Py6	HR62	B	A	0.357477605342865
4155	Py6	HR64	B	A	0.5083373785018921
4156	Py6	HR66	B	A	0.3972766995429993
4157	Py6	HR68	B	A	0.3623772263526917
4158	Py6	H3	B	A	0.411556750535965
4159	Py6	H5	B	A	0.3870728015899658
4160	Py6	H7	B	A	0.3414437174797058
4161	Py6	H11	B	A	0.3886535465717316
4162	Py6	H13	B	A	0.4160982668399811
4163	Py6	H15	B	A	0.4693628549575806
4164	Py6	Han01	B	A	0.4586263000965118
4165	Py6	Han03	B	A	0.437472939491272
4166	Py6	Han05	B	A	0.4348309636116028
4167	Py6	Han07	B	A	0.4633256793022156
4168	Py6	Han09	B	A	0.4532505571842194
4169	Py6	Han11	B	A	0.4546284675598145
4170	Py6	Han13	B	A	0.448398768901825
4171	Py6	Han15	B	A	0.4446441829204559
4172	Py6	Han17	B	A	0.4456403851509094
4173	Py6	Han19	B	A	0.4478486776351929
4174	Py6	Han21	B	A	0.4403097331523895
4175	Py6	Han23	B	A	0.4372501075267792
4176	Py6	Han25	B	A	0.4568281173706055
4177	Py6	Han27	B	A	0.4484811127185822
4178	Py6	Han29	B	A	0.4538140594959259
4179	Py6	Han31	B	A	0.4470137357711792
4180	Py6	Han33	B	A	0.4656939804553986
4181	Py6	Han35	B	A	0.4533296823501587
4182	Py6	Han37	B	A	0.464747279882431
4183	Py6	Han39	B	A	0.4440442621707916
4184	Py6	Han41	B	A	0.4317415356636047
4185	Py6	Han43	B	A	0.4326151013374329
4186	Py6	Han45	B	A	0.4330268502235413
4187	Py6	Han47	B	A	0.4588154852390289
4188	Py6	Han51	B	A	0.3757958114147186
4189	Py8	Py1	B	A	0.06933915615081787
4190	Py8	Py3	B	A	0.06485318392515182
4191	Py8	Py5	B	A	0.1074036881327629
4192	Py8	Py7	B	A	0.04703317582607269
4193	Py8	Py9	B	A	0.05267449095845222
4194	Py8	Py11	B	A	0.01121103577315807
4195	Py8	Py13	B	A	0.0814376175403595
4196	Py8	Py15	B	A	0.02740369364619255
4197	Py8	Py17	B	A	0.04374450445175171
4198	Py8	Py19	B	A	0.1082278937101364
4199	Py8	Py25	B	A	0.114962637424469
4200	Py8	Py27	B	A	0.04989705607295036
4201	Py8	Py29	B	A	0.05281173437833786
4202	Py8	Py31	B	A	0.05829674005508423
4203	Py8	Py33	B	A	0.04224037006497383
4204	Py8	Py35	B	A	0.05323062464594841
4205	Py8	Py37	B	A	0.1576595604419708
4206	Py8	Py39	B	A	0.1881753653287888
4207	Py8	Py41	B	A	0.1267258524894714
4208	Py8	Py43	B	A	0.08805294334888458
4209	Py8	Py45	B	A	0.1011998727917671
4210	Py8	Py47	B	A	0.06772632896900177
4211	Py8	Py51	B	A	0.1487440764904022
4212	Py8	Py55	B	A	0.08675415813922882
4213	Py8	Py57	B	A	0.09583406895399094
4214	Py8	Py59	B	A	0.1530876755714417
4215	Py8	Py61	B	A	0.2081568837165833
4216	Py8	Py63	B	A	0.1362696290016174
4217	Py8	Py65	B	A	0.1335703134536743
4218	Py8	Py67	B	A	0.1088649556040764
4219	Py8	Py69	B	A	0.1110397353768349
4220	Py8	Py71	B	A	0.1313090920448303
4221	Py8	Py73	B	A	0.4770503640174866
4222	Py8	Py75	B	A	0.4539322555065155
4223	Py8	Py78	B	A	0.345499724149704
4224	Py8	Py80	B	A	0.422839879989624
4225	Py8	Py82	B	A	0.312589555978775
4226	Py8	Py84	B	A	0.3740636706352234
4227	Py8	Py86	B	A	0.3981929421424866
4228	Py8	Py88	B	A	0.4022927582263947
4229	Py8	HR05	B	A	0.3701703548431396
4230	Py8	HR07	B	A	0.3832299709320068
4231	Py8	HR09	B	A	0.3184053301811218
4232	Py8	HR11	B	A	0.3640426695346832
4233	Py8	HR15	B	A	0.4527834355831146
4234	Py8	HR19	B	A	0.3679283261299133
4235	Py8	HR21	B	A	0.3817429542541504
4236	Py8	HR25	B	A	0.4911717176437378
4237	Py8	HR31	B	A	0.4741704165935516
4238	Py8	HR33	B	A	0.412731260061264
4239	Py8	HR37	B	A	0.410748153924942
4240	Py8	HR47	B	A	0.4204013347625732
4241	Py8	HR50	B	A	0.4033500254154205
4242	Py8	HR52	B	A	0.4771439135074615
4243	Py8	HR56	B	A	0.3529937863349915
4244	Py8	HR60	B	A	0.3912812471389771
4245	Py8	HR62	B	A	0.3660147786140442
4246	Py8	HR64	B	A	0.508415699005127
4247	Py8	HR66	B	A	0.4085698127746582
4248	Py8	HR68	B	A	0.3690809309482574
4249	Py8	H3	B	A	0.4214847385883331
4250	Py8	H5	B	A	0.3823181390762329
4251	Py8	H7	B	A	0.335624486207962
4252	Py8	H11	B	A	0.3964153528213501
4253	Py8	H13	B	A	0.4202763736248016
4254	Py8	H15	B	A	0.4751492142677307
4255	Py8	Han01	B	A	0.4915603399276733
4256	Py8	Han03	B	A	0.4701321721076965
4257	Py8	Han05	B	A	0.4551850855350494
4258	Py8	Han07	B	A	0.4958899021148682
4259	Py8	Han09	B	A	0.4849233627319336
4260	Py8	Han11	B	A	0.4871329665184021
4261	Py8	Han13	B	A	0.4800646603107452
4262	Py8	Han15	B	A	0.4738554358482361
4263	Py8	Han17	B	A	0.4770569801330566
4264	Py8	Han19	B	A	0.4794493317604065
4265	Py8	Han21	B	A	0.4733005464076996
4266	Py8	Han23	B	A	0.4683984518051147
4267	Py8	Han25	B	A	0.4876806735992432
4268	Py8	Han27	B	A	0.4816581904888153
4269	Py8	Han29	B	A	0.4875539243221283
4270	Py8	Han31	B	A	0.4802818894386292
4271	Py8	Han33	B	A	0.4990375339984894
4272	Py8	Han35	B	A	0.4857021570205688
4273	Py8	Han37	B	A	0.496868222951889
4274	Py8	Han39	B	A	0.477198988199234
4275	Py8	Han41	B	A	0.4655179679393768
4276	Py8	Han43	B	A	0.4653555750846863
4277	Py8	Han45	B	A	0.4650554656982422
4278	Py8	Han47	B	A	0.466597706079483
4279	Py8	Han51	B	A	0.4048373401165009
4280	Py10	Py1	B	A	0.0924805998802185
4281	Py10	Py3	B	A	0.08542905747890472
4282	Py10	Py5	B	A	0.0989149808883667
4283	Py10	Py7	B	A	0.0725877434015274
4284	Py10	Py9	B	A	0.07764318585395813
4285	Py10	Py11	B	A	0.02904984541237354
4286	Py10	Py13	B	A	0.1025421917438507
4287	Py10	Py15	B	A	0.02085611782968044
4288	Py10	Py17	B	A	0.06384845077991486
4289	Py10	Py19	B	A	0.0827079564332962
4290	Py10	Py25	B	A	0.09318792074918747
4291	Py10	Py27	B	A	0.06765934079885483
4292	Py10	Py29	B	A	0.0771079733967781
4293	Py10	Py31	B	A	0.07907283306121826
4294	Py10	Py33	B	A	0.05714240670204163
4295	Py10	Py35	B	A	0.07489732652902603
4296	Py10	Py37	B	A	0.1748490035533905
4297	Py10	Py39	B	A	0.2126377820968628
4298	Py10	Py41	B	A	0.1494149714708328
4299	Py10	Py43	B	A	0.1090106815099716
4300	Py10	Py45	B	A	0.08300141990184784
4301	Py10	Py47	B	A	0.08516646176576614
4302	Py10	Py51	B	A	0.1713629364967346
4303	Py10	Py55	B	A	0.07271457463502884
4304	Py10	Py57	B	A	0.0862669125199318
4305	Py10	Py59	B	A	0.152180477976799
4306	Py10	Py61	B	A	0.2151069045066833
4307	Py10	Py63	B	A	0.1570487767457962
4308	Py10	Py65	B	A	0.1553240567445755
4309	Py10	Py67	B	A	0.1299478113651276
4310	Py10	Py69	B	A	0.1342456936836243
4311	Py10	Py71	B	A	0.1497910022735596
4312	Py10	Py73	B	A	0.4855766296386719
4313	Py10	Py75	B	A	0.4623486399650574
4314	Py10	Py78	B	A	0.3535796999931335
4315	Py10	Py80	B	A	0.4332650899887085
4316	Py10	Py82	B	A	0.3244743943214417
4317	Py10	Py84	B	A	0.3824692964553833
4318	Py10	Py86	B	A	0.4085441827774048
4319	Py10	Py88	B	A	0.4127161204814911
4320	Py10	HR05	B	A	0.3790770173072815
4321	Py10	HR07	B	A	0.3917853236198425
4322	Py10	HR09	B	A	0.3269618451595306
4323	Py10	HR11	B	A	0.3734453618526459
4324	Py10	HR15	B	A	0.4621247947216034
4325	Py10	HR19	B	A	0.3800196647644043
4326	Py10	HR21	B	A	0.3897543251514435
4327	Py10	HR25	B	A	0.4985153079032898
4328	Py10	HR31	B	A	0.4797783493995667
4329	Py10	HR33	B	A	0.4223225116729736
4330	Py10	HR37	B	A	0.4179663360118866
4331	Py10	HR47	B	A	0.4277219474315643
4332	Py10	HR50	B	A	0.4120608568191528
4333	Py10	HR52	B	A	0.4869637489318848
4334	Py10	HR56	B	A	0.3617962002754211
4335	Py10	HR60	B	A	0.3985262215137482
4336	Py10	HR62	B	A	0.3755073249340057
4337	Py10	HR64	B	A	0.5150655508041382
4338	Py10	HR66	B	A	0.4171998202800751
4339	Py10	HR68	B	A	0.3789541721343994
4340	Py10	H3	B	A	0.4295015931129456
4341	Py10	H5	B	A	0.3924007415771484
4342	Py10	H7	B	A	0.3502050340175629
4343	Py10	H11	B	A	0.4064071178436279
4344	Py10	H13	B	A	0.4303986430168152
4345	Py10	H15	B	A	0.4832877218723297
4346	Py10	Han01	B	A	0.5006555318832397
4347	Py10	Han03	B	A	0.4791777431964874
4348	Py10	Han05	B	A	0.4665890634059906
4349	Py10	Han07	B	A	0.5049394369125366
4350	Py10	Han09	B	A	0.4939121007919312
4351	Py10	Han11	B	A	0.4961864352226257
4352	Py10	Han13	B	A	0.4891978204250336
4353	Py10	Han15	B	A	0.4853051900863647
4354	Py10	Han17	B	A	0.4861949682235718
4355	Py10	Han19	B	A	0.4885478317737579
4356	Py10	Han21	B	A	0.4818961620330811
4357	Py10	Han23	B	A	0.4774513244628906
4358	Py10	Han25	B	A	0.4967559576034546
4359	Py10	Han27	B	A	0.4906976521015167
4360	Py10	Han29	B	A	0.4961338937282562
4361	Py10	Han31	B	A	0.489266574382782
4362	Py10	Han33	B	A	0.5079979300498962
4363	Py10	Han35	B	A	0.4947341084480286
4364	Py10	Han37	B	A	0.5059244632720947
4365	Py10	Han39	B	A	0.4862830638885498
4366	Py10	Han41	B	A	0.4745362997055054
4367	Py10	Han43	B	A	0.4743834733963013
4368	Py10	Han45	B	A	0.4736450910568237
4369	Py10	Han47	B	A	0.4779708683490753
4370	Py10	Han51	B	A	0.4120150208473206
4371	Py12	Py1	B	A	0.06177163869142532
4372	Py12	Py3	B	A	0.06442733108997345
4373	Py12	Py5	B	A	0.1434729695320129
4374	Py12	Py7	B	A	0.02612878754734993
4375	Py12	Py9	B	A	0.01932263933122158
4376	Py12	Py11	B	A	0.05363442003726959
4377	Py12	Py13	B	A	0.03110498934984207
4378	Py12	Py15	B	A	0.07568860799074173
4379	Py12	Py17	B	A	0.03926364332437515
4380	Py12	Py19	B	A	0.1428083181381226
4381	Py12	Py25	B	A	0.1413862109184265
4382	Py12	Py27	B	A	0.0699492022395134
4383	Py12	Py29	B	A	0.0564655065536499
4384	Py12	Py31	B	A	0.05709486827254295
4385	Py12	Py33	B	A	0.07338523119688034
4386	Py12	Py35	B	A	0.05585797503590584
4387	Py12	Py37	B	A	0.1466198265552521
4388	Py12	Py39	B	A	0.1498231738805771
4389	Py12	Py41	B	A	0.1032821834087372
4390	Py12	Py43	B	A	0.07610373944044113
4391	Py12	Py45	B	A	0.1242447644472122
4392	Py12	Py47	B	A	0.07971669733524323
4393	Py12	Py51	B	A	0.109946645796299
4394	Py12	Py55	B	A	0.1050594672560692
4395	Py12	Py57	B	A	0.1079568564891815
4396	Py12	Py59	B	A	0.1621535420417786
4397	Py12	Py61	B	A	0.2007950693368912
4398	Py12	Py63	B	A	0.0973585769534111
4399	Py12	Py65	B	A	0.09490896016359329
4400	Py12	Py67	B	A	0.090815469622612
4401	Py12	Py69	B	A	0.1034357249736786
4402	Py12	Py71	B	A	0.1133735403418541
4403	Py12	Py73	B	A	0.4611646831035614
4404	Py12	Py75	B	A	0.4340384900569916
4405	Py12	Py78	B	A	0.3447619378566742
4406	Py12	Py80	B	A	0.4067230224609375
4407	Py12	Py82	B	A	0.2911362648010254
4408	Py12	Py84	B	A	0.3601252138614655
4409	Py12	Py86	B	A	0.3839379847049713
4410	Py12	Py88	B	A	0.3884893655776978
4411	Py12	HR05	B	A	0.3566981554031372
4412	Py12	HR07	B	A	0.3704865872859955
4413	Py12	HR09	B	A	0.304966151714325
4414	Py12	HR11	B	A	0.3512285947799683
4415	Py12	HR15	B	A	0.4393383860588074
4416	Py12	HR19	B	A	0.3548429608345032
4417	Py12	HR21	B	A	0.3709860146045685
4418	Py12	HR25	B	A	0.4825584888458252
4419	Py12	HR31	B	A	0.465932697057724
4420	Py12	HR33	B	A	0.3985380828380585
4421	Py12	HR37	B	A	0.4023853242397308
4422	Py12	HR47	B	A	0.4105470180511475
4423	Py12	HR50	B	A	0.3901114165782928
4424	Py12	HR52	B	A	0.4612509906291962
4425	Py12	HR56	B	A	0.3425086736679077
4426	Py12	HR60	B	A	0.3780549168586731
4427	Py12	HR62	B	A	0.3511598408222198
4428	Py12	HR64	B	A	0.5001844763755798
4429	Py12	HR66	B	A	0.3959603011608124
4430	Py12	HR68	B	A	0.3527005910873413
4431	Py12	H3	B	A	0.4106611609458923
4432	Py12	H5	B	A	0.3659151792526245
4433	Py12	H7	B	A	0.3157565593719482
4434	Py12	H11	B	A	0.3802043497562408
4435	Py12	H13	B	A	0.4041027724742889
4436	Py12	H15	B	A	0.4633907377719879
4437	Py12	Han01	B	A	0.4780468642711639
4438	Py12	Han03	B	A	0.456611692905426
4439	Py12	Han05	B	A	0.4352681934833527
4440	Py12	Han07	B	A	0.4823894798755646
4441	Py12	Han09	B	A	0.471325546503067
4442	Py12	Han11	B	A	0.4735838770866394
4443	Py12	Han13	B	A	0.4666090905666351
4444	Py12	Han15	B	A	0.4545028507709503
4445	Py12	Han17	B	A	0.4637016654014587
4446	Py12	Han19	B	A	0.4659697413444519
4447	Py12	Han21	B	A	0.4592368304729462
4448	Py12	Han23	B	A	0.4548842906951904
4449	Py12	Han25	B	A	0.4742031693458557
4450	Py12	Han27	B	A	0.4681209325790405
4451	Py12	Han29	B	A	0.4736187756061554
4452	Py12	Han31	B	A	0.4666786193847656
4453	Py12	Han33	B	A	0.4853877425193787
4454	Py12	Han35	B	A	0.4721180200576782
4455	Py12	Han37	B	A	0.4833210706710815
4456	Py12	Han39	B	A	0.4636856913566589
4457	Py12	Han41	B	A	0.4519585967063904
4458	Py12	Han43	B	A	0.4518148303031921
4459	Py12	Han45	B	A	0.4511471092700958
4460	Py12	Han47	B	A	0.4468006491661072
4461	Py12	Han51	B	A	0.3918551802635193
4462	Py14	Py1	B	A	0.1471747159957886
4463	Py14	Py3	B	A	0.1409994065761566
4464	Py14	Py5	B	A	0.09677497297525406
4465	Py14	Py7	B	A	0.1284753382205963
4466	Py14	Py9	B	A	0.1309109777212143
4467	Py14	Py11	B	A	0.082330621778965
4468	Py14	Py13	B	A	0.1401133835315704
4469	Py14	Py15	B	A	0.08000575751066208
4470	Py14	Py17	B	A	0.1233895570039749
4471	Py14	Py19	B	A	0.03975183144211769
4472	Py14	Py25	B	A	0.05411964654922485
4473	Py14	Py27	B	A	0.1075460836291313
4474	Py14	Py29	B	A	0.1367616057395935
4475	Py14	Py31	B	A	0.1292526125907898
4476	Py14	Py33	B	A	0.1013670712709427
4477	Py14	Py35	B	A	0.1344888508319855
4478	Py14	Py37	B	A	0.2199384272098541
4479	Py14	Py39	B	A	0.2634402513504028
4480	Py14	Py41	B	A	0.2029018253087997
4481	Py14	Py43	B	A	0.1583906412124634
4482	Py14	Py45	B	A	0.08086244761943817
4483	Py14	Py47	B	A	0.1298305243253708
4484	Py14	Py51	B	A	0.2266640067100525
4485	Py14	Py55	B	A	0.08125533908605576
4486	Py14	Py57	B	A	0.09360891580581665
4487	Py14	Py59	B	A	0.1339331120252609
4488	Py14	Py61	B	A	0.2057970017194748
4489	Py14	Py63	B	A	0.192767009139061
4490	Py14	Py65	B	A	0.1918683797121048
4491	Py14	Py67	B	A	0.1709794998168945
4492	Py14	Py69	B	A	0.1681998670101166
4493	Py14	Py71	B	A	0.1903058290481567
4494	Py14	Py73	B	A	0.501856803894043
4495	Py14	Py75	B	A	0.4706495106220245
4496	Py14	Py78	B	A	0.3676276803016663
4497	Py14	Py80	B	A	0.4522457420825958
4498	Py14	Py82	B	A	0.3394786417484283
4499	Py14	Py84	B	A	0.3993174433708191
4500	Py14	Py86	B	A	0.4306517839431763
4501	Py14	Py88	B	A	0.4340535402297974
4502	Py14	HR05	B	A	0.4095137119293213
4503	Py14	HR07	B	A	0.4196706116199493
4504	Py14	HR09	B	A	0.3457970023155212
4505	Py14	HR11	B	A	0.4062997102737427
4506	Py14	HR15	B	A	0.4861540794372559
4507	Py14	HR19	B	A	0.4128307998180389
4508	Py14	HR21	B	A	0.4228160977363586
4509	Py14	HR25	B	A	0.5176690220832825
4510	Py14	HR31	B	A	0.4995394051074982
4511	Py14	HR33	B	A	0.4421529173851013
4512	Py14	HR37	B	A	0.4365048110485077
4513	Py14	HR47	B	A	0.4454540014266968
4514	Py14	HR50	B	A	0.4389004707336426
4515	Py14	HR52	B	A	0.503075361251831
4516	Py14	HR56	B	A	0.3910044729709625
4517	Py14	HR60	B	A	0.4163902997970581
4518	Py14	HR62	B	A	0.3924734592437744
4519	Py14	HR64	B	A	0.5340409874916077
4520	Py14	HR66	B	A	0.4396482408046722
4521	Py14	HR68	B	A	0.4031964242458344
4522	Py14	H3	B	A	0.4571567475795746
4523	Py14	H5	B	A	0.4191899299621582
4524	Py14	H7	B	A	0.3837802410125732
4525	Py14	H11	B	A	0.431389331817627
4526	Py14	H13	B	A	0.4525994658470154
4527	Py14	H15	B	A	0.504473090171814
4528	Py14	Han01	B	A	0.5191203951835632
4529	Py14	Han03	B	A	0.5000702142715454
4530	Py14	Han05	B	A	0.4894270598888397
4531	Py14	Han07	B	A	0.5233727097511292
4532	Py14	Han09	B	A	0.5131818056106567
4533	Py14	Han11	B	A	0.5155954360961914
4534	Py14	Han13	B	A	0.5093787908554077
4535	Py14	Han15	B	A	0.5093477368354797
4536	Py14	Han17	B	A	0.5075616240501404
4537	Py14	Han19	B	A	0.508879542350769
4538	Py14	Han21	B	A	0.5011127591133118
4539	Py14	Han23	B	A	0.4984236359596252
4540	Py14	Han25	B	A	0.5166302919387817
4541	Py14	Han27	B	A	0.5091288089752197
4542	Py14	Han29	B	A	0.5145351886749268
4543	Py14	Han31	B	A	0.507632851600647
4544	Py14	Han33	B	A	0.5264829397201538
4545	Py14	Han35	B	A	0.5141552686691284
4546	Py14	Han37	B	A	0.524308979511261
4547	Py14	Han39	B	A	0.5047986507415771
4548	Py14	Han41	B	A	0.4951109290122986
4549	Py14	Han43	B	A	0.4947273433208466
4550	Py14	Han45	B	A	0.4939810931682587
4551	Py14	Han47	B	A	0.5034186840057373
4552	Py14	Han51	B	A	0.4215242862701416
4553	Py16	Py1	B	A	0.05083202198147774
4554	Py16	Py3	B	A	0.04700690135359764
4555	Py16	Py5	B	A	0.1176182180643082
4556	Py16	Py7	B	A	0.03832760080695152
4557	Py16	Py9	B	A	0.04757464304566383
4558	Py16	Py11	B	A	0.02980953268706799
4559	Py16	Py13	B	A	0.0708727240562439
4560	Py16	Py15	B	A	0.03503182530403137
4561	Py16	Py17	B	A	0.03474168851971626
4562	Py16	Py19	B	A	0.1185479909181595
4563	Py16	Py25	B	A	0.1284194141626358
4564	Py16	Py27	B	A	0.05440620332956314
4565	Py16	Py29	B	A	0.04449574649333954
4566	Py16	Py31	B	A	0.06093417108058929
4567	Py16	Py33	B	A	0.05624813213944435
4568	Py16	Py35	B	A	0.04514839127659798
4569	Py16	Py37	B	A	0.1461662650108337
4570	Py16	Py39	B	A	0.1697963327169418
4571	Py16	Py41	B	A	0.1194727644324303
4572	Py16	Py43	B	A	0.08656045794487
4573	Py16	Py45	B	A	0.1101768016815186
4574	Py16	Py47	B	A	0.07053382694721222
4575	Py16	Py51	B	A	0.1346698701381683
4576	Py16	Py55	B	A	0.09482528269290924
4577	Py16	Py57	B	A	0.1018116474151611
4578	Py16	Py59	B	A	0.1585178375244141
4579	Py16	Py61	B	A	0.2058851271867752
4580	Py16	Py63	B	A	0.1255263090133667
4581	Py16	Py65	B	A	0.1243036463856697
4582	Py16	Py67	B	A	0.1046320274472237
4583	Py16	Py69	B	A	0.109178438782692
4584	Py16	Py71	B	A	0.1238927394151688
4585	Py16	Py73	B	A	0.4701611697673798
4586	Py16	Py75	B	A	0.4468004107475281
4587	Py16	Py78	B	A	0.3376621305942535
4588	Py16	Py80	B	A	0.4124907851219177
4589	Py16	Py82	B	A	0.3016346991062164
4590	Py16	Py84	B	A	0.3655530214309692
4591	Py16	Py86	B	A	0.3858746588230133
4592	Py16	Py88	B	A	0.390305757522583
4593	Py16	HR05	B	A	0.3648117184638977
4594	Py16	HR07	B	A	0.3778719305992126
4595	Py16	HR09	B	A	0.3142997026443481
4596	Py16	HR11	B	A	0.3581572771072388
4597	Py16	HR15	B	A	0.4472007751464844
4598	Py16	HR19	B	A	0.362512618303299
4599	Py16	HR21	B	A	0.3763527274131775
4600	Py16	HR25	B	A	0.4862419068813324
4601	Py16	HR31	B	A	0.4708332717418671
4602	Py16	HR33	B	A	0.4070769548416138
4603	Py16	HR37	B	A	0.4063997268676758
4604	Py16	HR47	B	A	0.4163420796394348
4605	Py16	HR50	B	A	0.397966206073761
4606	Py16	HR52	B	A	0.470908910036087
4607	Py16	HR56	B	A	0.3475066721439362
4608	Py16	HR60	B	A	0.3863583207130432
4609	Py16	HR62	B	A	0.36016446352005
4610	Py16	HR64	B	A	0.5043116211891174
4611	Py16	HR66	B	A	0.4036296606063843
4612	Py16	HR68	B	A	0.3632555305957794
4613	Py16	H3	B	A	0.4161564707756042
4614	Py16	H5	B	A	0.3759087324142456
4615	Py16	H7	B	A	0.3264877498149872
4616	Py16	H11	B	A	0.3900755047798157
4617	Py16	H13	B	A	0.4141419529914856
4618	Py16	H15	B	A	0.470651388168335
4619	Py16	Han01	B	A	0.4829740822315216
4620	Py16	Han03	B	A	0.4616680443286896
4621	Py16	Han05	B	A	0.4442827701568604
4622	Py16	Han07	B	A	0.487395316362381
4623	Py16	Han09	B	A	0.4763673841953278
4624	Py16	Han11	B	A	0.4786138832569122
4625	Py16	Han13	B	A	0.4714985489845276
4626	Py16	Han15	B	A	0.4629601836204529
4627	Py16	Han17	B	A	0.4685260057449341
4628	Py16	Han19	B	A	0.4709019064903259
4629	Py16	Han21	B	A	0.4645607471466064
4630	Py16	Han23	B	A	0.459825873374939
4631	Py16	Han25	B	A	0.4791400730609894
4632	Py16	Han27	B	A	0.4730518758296967
4633	Py16	Han29	B	A	0.4790240526199341
4634	Py16	Han31	B	A	0.4718074202537537
4635	Py16	Han33	B	A	0.4904530644416809
4636	Py16	Han35	B	A	0.4771395921707153
4637	Py16	Han37	B	A	0.4882946908473969
4638	Py16	Han39	B	A	0.4685913026332855
4639	Py16	Han41	B	A	0.4570136666297913
4640	Py16	Han43	B	A	0.4569054841995239
4641	Py16	Han45	B	A	0.4573329091072083
4642	Py16	Han47	B	A	0.4554976224899292
4643	Py16	Han51	B	A	0.3973349332809448
4644	Py18	Py1	B	A	0.1525911539793015
4645	Py18	Py3	B	A	0.1467214077711105
4646	Py18	Py5	B	A	0.1095574498176575
4647	Py18	Py7	B	A	0.1354929208755493
4648	Py18	Py9	B	A	0.1377144157886505
4649	Py18	Py11	B	A	0.09201113879680634
4650	Py18	Py13	B	A	0.147870272397995
4651	Py18	Py15	B	A	0.08401020616292953
4652	Py18	Py17	B	A	0.1232696324586868
4653	Py18	Py19	B	A	0.01543380133807659
4654	Py18	Py25	B	A	0.07002055644989014
4655	Py18	Py27	B	A	0.1191360950469971
4656	Py18	Py29	B	A	0.1380898207426071
4657	Py18	Py31	B	A	0.1334175914525986
4658	Py18	Py33	B	A	0.1068358346819878
4659	Py18	Py35	B	A	0.1393405944108963
4660	Py18	Py37	B	A	0.2332198619842529
4661	Py18	Py39	B	A	0.2697944343090057
4662	Py18	Py41	B	A	0.2073087841272354
4663	Py18	Py43	B	A	0.1652916818857193
4664	Py18	Py45	B	A	0.09331129491329193
4665	Py18	Py47	B	A	0.1372880488634109
4666	Py18	Py51	B	A	0.2314558476209641
4667	Py18	Py55	B	A	0.09153182804584503
4668	Py18	Py57	B	A	0.1067939475178719
4669	Py18	Py59	B	A	0.1520897448062897
4670	Py18	Py61	B	A	0.2238545268774033
4671	Py18	Py63	B	A	0.2002218216657639
4672	Py18	Py65	B	A	0.1998259127140045
4673	Py18	Py67	B	A	0.1834759265184402
4674	Py18	Py69	B	A	0.1845653057098389
4675	Py18	Py71	B	A	0.20364910364151
4676	Py18	Py73	B	A	0.5077195167541504
4677	Py18	Py75	B	A	0.4795549213886261
4678	Py18	Py78	B	A	0.3706927299499512
4679	Py18	Py80	B	A	0.4598056674003601
4680	Py18	Py82	B	A	0.3506006896495819
4681	Py18	Py84	B	A	0.4020260870456696
4682	Py18	Py86	B	A	0.436982661485672
4683	Py18	Py88	B	A	0.4403616786003113
4684	Py18	HR05	B	A	0.4121167659759521
4685	Py18	HR07	B	A	0.422255277633667
4686	Py18	HR09	B	A	0.3491763770580292
4687	Py18	HR11	B	A	0.4087992310523987
4688	Py18	HR15	B	A	0.4897609353065491
4689	Py18	HR19	B	A	0.4155823588371277
4690	Py18	HR21	B	A	0.424925297498703
4691	Py18	HR25	B	A	0.5187209844589233
4692	Py18	HR31	B	A	0.5001101493835449
4693	Py18	HR33	B	A	0.4463792741298676
4694	Py18	HR37	B	A	0.4387935996055603
4695	Py18	HR47	B	A	0.4482186436653137
4696	Py18	HR50	B	A	0.4415554702281952
4697	Py18	HR52	B	A	0.5081111788749695
4698	Py18	HR56	B	A	0.394739031791687
4699	Py18	HR60	B	A	0.4193546772003174
4700	Py18	HR62	B	A	0.397401750087738
4701	Py18	HR64	B	A	0.5353200435638428
4702	Py18	HR66	B	A	0.4419156014919281
4703	Py18	HR68	B	A	0.407538115978241
4704	Py18	H3	B	A	0.4593162536621094
4705	Py18	H5	B	A	0.423355907201767
4706	Py18	H7	B	A	0.3888026475906372
4707	Py18	H11	B	A	0.4355566501617432
4708	Py18	H13	B	A	0.4584620296955109
4709	Py18	H15	B	A	0.5069741606712341
4710	Py18	Han01	B	A	0.5230701565742493
4711	Py18	Han03	B	A	0.5038082003593445
4712	Py18	Han05	B	A	0.4917949736118317
4713	Py18	Han07	B	A	0.5277119278907776
4714	Py18	Han09	B	A	0.5178065896034241
4715	Py18	Han11	B	A	0.5195240378379822
4716	Py18	Han13	B	A	0.514018177986145
4717	Py18	Han15	B	A	0.5111151337623596
4718	Py18	Han17	B	A	0.5123185515403748
4719	Py18	Han19	B	A	0.5134286880493164
4720	Py18	Han21	B	A	0.5050541162490845
4721	Py18	Han23	B	A	0.5035750269889832
4722	Py18	Han25	B	A	0.5221140384674072
4723	Py18	Han27	B	A	0.5129649639129639
4724	Py18	Han29	B	A	0.5182967185974121
4725	Py18	Han31	B	A	0.5111972689628601
4726	Py18	Han33	B	A	0.5296726822853088
4727	Py18	Han35	B	A	0.5181355476379395
4728	Py18	Han37	B	A	0.528771162033081
4729	Py18	Han39	B	A	0.5085704326629639
4730	Py18	Han41	B	A	0.4977852404117584
4731	Py18	Han43	B	A	0.4984595775604248
4732	Py18	Han45	B	A	0.4990378618240356
4733	Py18	Han47	B	A	0.5057603120803833
4734	Py18	Han51	B	A	0.4263228178024292
4735	Py20	Py1	B	A	0.1746117621660233
4736	Py20	Py3	B	A	0.1690880805253983
4737	Py20	Py5	B	A	0.1119465902447701
4738	Py20	Py7	B	A	0.159364178776741
4739	Py20	Py9	B	A	0.1618496179580688
4740	Py20	Py11	B	A	0.1140512526035309
4741	Py20	Py13	B	A	0.1702060550451279
4742	Py20	Py15	B	A	0.1064067482948303
4743	Py20	Py17	B	A	0.1460286676883698
4744	Py20	Py19	B	A	0.01642435230314732
4745	Py20	Py25	B	A	0.06184020638465881
4746	Py20	Py27	B	A	0.1402440816164017
4747	Py20	Py29	B	A	0.1600222140550613
4748	Py20	Py31	B	A	0.1536122411489487
4749	Py20	Py33	B	A	0.1263368278741837
4750	Py20	Py35	B	A	0.1616272777318954
4751	Py20	Py37	B	A	0.2544671893119812
4752	Py20	Py39	B	A	0.2933479845523834
4753	Py20	Py41	B	A	0.2312986105680466
4754	Py20	Py43	B	A	0.1902990937232971
4755	Py20	Py45	B	A	0.1106448844075203
4756	Py20	Py47	B	A	0.1616560518741608
4757	Py20	Py51	B	A	0.2565652132034302
4758	Py20	Py55	B	A	0.1099190935492516
4759	Py20	Py57	B	A	0.1154748797416687
4760	Py20	Py59	B	A	0.1560862958431244
4761	Py20	Py61	B	A	0.2279501259326935
4762	Py20	Py63	B	A	0.2209854274988174
4763	Py20	Py65	B	A	0.2212233990430832
4764	Py20	Py67	B	A	0.2050480246543884
4765	Py20	Py69	B	A	0.1949156522750854
4766	Py20	Py71	B	A	0.2247294187545776
4767	Py20	Py73	B	A	0.5178313255310059
4768	Py20	Py75	B	A	0.4901078939437866
4769	Py20	Py78	B	A	0.381419837474823
4770	Py20	Py80	B	A	0.4747530817985535
4771	Py20	Py82	B	A	0.3656575679779053
4772	Py20	Py84	B	A	0.4144285917282104
4773	Py20	Py86	B	A	0.4501745402812958
4774	Py20	Py88	B	A	0.4538668990135193
4775	Py20	HR05	B	A	0.4263499975204468
4776	Py20	HR07	B	A	0.4364318549633026
4777	Py20	HR09	B	A	0.3582560420036316
4778	Py20	HR11	B	A	0.4230117499828339
4779	Py20	HR15	B	A	0.5045150518417358
4780	Py20	HR19	B	A	0.4308807253837585
4781	Py20	HR21	B	A	0.4390988647937775
4782	Py20	HR25	B	A	0.5265517234802246
4783	Py20	HR31	B	A	0.5074874758720398
4784	Py20	HR33	B	A	0.4612255990505219
4785	Py20	HR37	B	A	0.4466706812381744
4786	Py20	HR47	B	A	0.456593781709671
4787	Py20	HR50	B	A	0.4559254348278046
4788	Py20	HR52	B	A	0.5226917266845703
4789	Py20	HR56	B	A	0.4102339744567871
4790	Py20	HR60	B	A	0.4271332919597626
4791	Py20	HR62	B	A	0.4093659222126007
4792	Py20	HR64	B	A	0.5428577661514282
4793	Py20	HR66	B	A	0.4562607407569885
4794	Py20	HR68	B	A	0.4221485257148743
4795	Py20	H3	B	A	0.4735262989997864
4796	Py20	H5	B	A	0.4381586015224457
4797	Py20	H7	B	A	0.405040442943573
4798	Py20	H11	B	A	0.4503212571144104
4799	Py20	H13	B	A	0.4742682576179504
4800	Py20	H15	B	A	0.5212340354919434
4801	Py20	Han01	B	A	0.5340958833694458
4802	Py20	Han03	B	A	0.5157073736190796
4803	Py20	Han05	B	A	0.5030775666236877
4804	Py20	Han07	B	A	0.5389617085456848
4805	Py20	Han09	B	A	0.529849648475647
4806	Py20	Han11	B	A	0.5314672589302063
4807	Py20	Han13	B	A	0.5261579751968384
4808	Py20	Han15	B	A	0.5227410793304443
4809	Py20	Han17	B	A	0.5245263576507568
4810	Py20	Han19	B	A	0.5255288481712341
4811	Py20	Han21	B	A	0.5170502066612244
4812	Py20	Han23	B	A	0.5157670974731445
4813	Py20	Han25	B	A	0.5342912673950195
4814	Py20	Han27	B	A	0.5244211554527283
4815	Py20	Han29	B	A	0.5280746221542358
4816	Py20	Han31	B	A	0.522669792175293
4817	Py20	Han33	B	A	0.5400222539901733
4818	Py20	Han35	B	A	0.5301528573036194
4819	Py20	Han37	B	A	0.5389000177383423
4820	Py20	Han39	B	A	0.5199580192565918
4821	Py20	Han41	B	A	0.5096996426582336
4822	Py20	Han43	B	A	0.5104050040245056
4823	Py20	Han45	B	A	0.511203944683075
4824	Py20	Han47	B	A	0.5169898867607117
4825	Py20	Han51	B	A	0.4294770359992981
4826	Py22	Py1	B	A	0.1495819985866547
4827	Py22	Py3	B	A	0.1451466828584671
4828	Py22	Py5	B	A	0.1104662418365479
4829	Py22	Py7	B	A	0.1359585672616959
4830	Py22	Py9	B	A	0.1385442465543747
4831	Py22	Py11	B	A	0.09181304275989532
4832	Py22	Py13	B	A	0.1475486904382706
4833	Py22	Py15	B	A	0.08378520607948303
4834	Py22	Py17	B	A	0.1260445713996887
4835	Py22	Py19	B	A	0.02086889930069447
4836	Py22	Py25	B	A	0.06016183272004128
4837	Py22	Py27	B	A	0.1206146478652954
4838	Py22	Py29	B	A	0.1402913779020309
4839	Py22	Py31	B	A	0.1332898139953613
4840	Py22	Py33	B	A	0.1062109917402267
4841	Py22	Py35	B	A	0.1403786689043045
4842	Py22	Py37	B	A	0.2294854372739792
4843	Py22	Py39	B	A	0.2684777677059174
4844	Py22	Py41	B	A	0.2084205150604248
4845	Py22	Py43	B	A	0.1695799827575684
4846	Py22	Py45	B	A	0.09499742090702057
4847	Py22	Py47	B	A	0.1408963650465012
4848	Py22	Py51	B	A	0.2333640158176422
4849	Py22	Py55	B	A	0.09007474780082703
4850	Py22	Py57	B	A	0.09765090048313141
4851	Py22	Py59	B	A	0.1445709615945816
4852	Py22	Py61	B	A	0.2144279032945633
4853	Py22	Py63	B	A	0.1985476315021515
4854	Py22	Py65	B	A	0.1991767883300781
4855	Py22	Py67	B	A	0.182704895734787
4856	Py22	Py69	B	A	0.1748669743537903
4857	Py22	Py71	B	A	0.2025133669376373
4858	Py22	Py73	B	A	0.5047482848167419
4859	Py22	Py75	B	A	0.4783822596073151
4860	Py22	Py78	B	A	0.3713707029819489
4861	Py22	Py80	B	A	0.4590314626693726
4862	Py22	Py82	B	A	0.3489574193954468
4863	Py22	Py84	B	A	0.4028046131134033
4864	Py22	Py86	B	A	0.4370004236698151
4865	Py22	Py88	B	A	0.4402810335159302
4866	Py22	HR05	B	A	0.4117030501365662
4867	Py22	HR07	B	A	0.4220579862594604
4868	Py22	HR09	B	A	0.3487970232963562
4869	Py22	HR11	B	A	0.4084212183952332
4870	Py22	HR15	B	A	0.4889232516288757
4871	Py22	HR19	B	A	0.4149906635284424
4872	Py22	HR21	B	A	0.4245779812335968
4873	Py22	HR25	B	A	0.5182229280471802
4874	Py22	HR31	B	A	0.5005069971084595
4875	Py22	HR33	B	A	0.4456502795219421
4876	Py22	HR37	B	A	0.4385105967521667
4877	Py22	HR47	B	A	0.4480343759059906
4878	Py22	HR50	B	A	0.4412318766117096
4879	Py22	HR52	B	A	0.507323145866394
4880	Py22	HR56	B	A	0.393878161907196
4881	Py22	HR60	B	A	0.418715626001358
4882	Py22	HR62	B	A	0.396626353263855
4883	Py22	HR64	B	A	0.5354702472686768
4884	Py22	HR66	B	A	0.4415177404880524
4885	Py22	HR68	B	A	0.4068930745124817
4886	Py22	H3	B	A	0.4589479565620422
4887	Py22	H5	B	A	0.4226668477058411
4888	Py22	H7	B	A	0.3875963687896729
4889	Py22	H11	B	A	0.434634804725647
4890	Py22	H13	B	A	0.4569819867610931
4891	Py22	H15	B	A	0.5067151188850403
4892	Py22	Han01	B	A	0.5212230086326599
4893	Py22	Han03	B	A	0.5018950700759888
4894	Py22	Han05	B	A	0.4905776679515839
4895	Py22	Han07	B	A	0.525973379611969
4896	Py22	Han09	B	A	0.5157730579376221
4897	Py22	Han11	B	A	0.5176690816879272
4898	Py22	Han13	B	A	0.5122336149215698
4899	Py22	Han15	B	A	0.5103117227554321
4900	Py22	Han17	B	A	0.5104081034660339
4901	Py22	Han19	B	A	0.5115163326263428
4902	Py22	Han21	B	A	0.5031808614730835
4903	Py22	Han23	B	A	0.5016281008720398
4904	Py22	Han25	B	A	0.5200921893119812
4905	Py22	Han27	B	A	0.5111493468284607
4906	Py22	Han29	B	A	0.5164539217948914
4907	Py22	Han31	B	A	0.5097676515579224
4908	Py22	Han33	B	A	0.528505802154541
4909	Py22	Han35	B	A	0.5163671970367432
4910	Py22	Han37	B	A	0.5269991159439087
4911	Py22	Han39	B	A	0.5067127346992493
4912	Py22	Han41	B	A	0.4967207014560699
4913	Py22	Han43	B	A	0.4966222643852234
4914	Py22	Han45	B	A	0.4970656335353851
4915	Py22	Han47	B	A	0.5046019554138184
4916	Py22	Han51	B	A	0.4217471480369568
4917	Py24	Py1	B	A	0.1843628883361816
4918	Py24	Py3	B	A	0.1809633076190948
4919	Py24	Py5	B	A	0.1291015446186066
4920	Py24	Py7	B	A	0.1698338985443115
4921	Py24	Py9	B	A	0.1714392900466919
4922	Py24	Py11	B	A	0.1300438195466995
4923	Py24	Py13	B	A	0.1762632429599762
4924	Py24	Py15	B	A	0.1272722333669662
4925	Py24	Py17	B	A	0.1697264909744263
4926	Py24	Py19	B	A	0.08413100987672806
4927	Py24	Py25	B	A	0.03533967584371567
4928	Py24	Py27	B	A	0.1586635708808899
4929	Py24	Py29	B	A	0.1828971356153488
4930	Py24	Py31	B	A	0.1743196845054626
4931	Py24	Py33	B	A	0.1461864411830902
4932	Py24	Py35	B	A	0.1806131154298782
4933	Py24	Py37	B	A	0.2591745555400848
4934	Py24	Py39	B	A	0.3007974624633789
4935	Py24	Py41	B	A	0.2434449642896652
4936	Py24	Py43	B	A	0.1989313215017319
4937	Py24	Py45	B	A	0.1314739733934402
4938	Py24	Py47	B	A	0.1724432110786438
4939	Py24	Py51	B	A	0.2674597203731537
4940	Py24	Py55	B	A	0.1243322640657425
4941	Py24	Py57	B	A	0.12122942507267
4942	Py24	Py59	B	A	0.1526240110397339
4943	Py24	Py61	B	A	0.2250498235225677
4944	Py24	Py63	B	A	0.2306142300367355
4945	Py24	Py65	B	A	0.2314354628324509
4946	Py24	Py67	B	A	0.2117156684398651
4947	Py24	Py69	B	A	0.2024964392185211
4948	Py24	Py71	B	A	0.2302713841199875
4949	Py24	Py73	B	A	0.5168845653533936
4950	Py24	Py75	B	A	0.4882628321647644
4951	Py24	Py78	B	A	0.3817494809627533
4952	Py24	Py80	B	A	0.4779673218727112
4953	Py24	Py82	B	A	0.3679233193397522
4954	Py24	Py84	B	A	0.415025532245636
4955	Py24	Py86	B	A	0.4529708027839661
4956	Py24	Py88	B	A	0.456804484128952
4957	Py24	HR05	B	A	0.4358145892620087
4958	Py24	HR07	B	A	0.4458649456501007
4959	Py24	HR09	B	A	0.3649447560310364
4960	Py24	HR11	B	A	0.4321628212928772
4961	Py24	HR15	B	A	0.5123115181922913
4962	Py24	HR19	B	A	0.4405168294906616
4963	Py24	HR21	B	A	0.448884904384613
4964	Py24	HR25	B	A	0.5334498882293701
4965	Py24	HR31	B	A	0.5161803960800171
4966	Py24	HR33	B	A	0.4669898450374603
4967	Py24	HR37	B	A	0.4562830030918121
4968	Py24	HR47	B	A	0.463665246963501
4969	Py24	HR50	B	A	0.4650774002075195
4970	Py24	HR52	B	A	0.526759922504425
4971	Py24	HR56	B	A	0.4189493954181671
4972	Py24	HR60	B	A	0.4294883906841278
4973	Py24	HR62	B	A	0.413879781961441
4974	Py24	HR64	B	A	0.5524893999099731
4975	Py24	HR66	B	A	0.4655504822731018
4976	Py24	HR68	B	A	0.4270708858966827
4977	Py24	H3	B	A	0.4833531975746155
4978	Py24	H5	B	A	0.4429475665092468
4979	Py24	H7	B	A	0.415348082780838
4980	Py24	H11	B	A	0.4547201991081238
4981	Py24	H13	B	A	0.4790079295635223
4982	Py24	H15	B	A	0.5306113362312317
4983	Py24	Han01	B	A	0.5350605845451355
4984	Py24	Han03	B	A	0.51661616563797
4985	Py24	Han05	B	A	0.5035658478736877
4986	Py24	Han07	B	A	0.5398436188697815
4987	Py24	Han09	B	A	0.5308308005332947
4988	Py24	Han11	B	A	0.5323561429977417
4989	Py24	Han13	B	A	0.5271257162094116
4990	Py24	Han15	B	A	0.5234969258308411
4991	Py24	Han17	B	A	0.5256461501121521
4992	Py24	Han19	B	A	0.5265330672264099
4993	Py24	Han21	B	A	0.5179760456085205
4994	Py24	Han23	B	A	0.516689658164978
4995	Py24	Han25	B	A	0.5352997183799744
4996	Py24	Han27	B	A	0.5252543687820435
4997	Py24	Han29	B	A	0.5286370515823364
4998	Py24	Han31	B	A	0.5234809517860413
4999	Py24	Han33	B	A	0.5408278107643127
5000	Py24	Han35	B	A	0.5310454368591309
5001	Py24	Han37	B	A	0.5397971868515015
5002	Py24	Han39	B	A	0.5208226442337036
5003	Py24	Han41	B	A	0.5104761123657227
5004	Py24	Han43	B	A	0.5112795233726501
5005	Py24	Han45	B	A	0.5120983123779297
5006	Py24	Han47	B	A	0.5175232887268066
5007	Py24	Han51	B	A	0.4104690849781036
5008	Py26	Py1	B	A	0.05219033733010292
5009	Py26	Py3	B	A	0.04759876430034637
5010	Py26	Py5	B	A	0.1349072456359863
5011	Py26	Py7	B	A	0.03551535308361053
5012	Py26	Py9	B	A	0.0460469089448452
5013	Py26	Py11	B	A	0.05876419320702553
5014	Py26	Py13	B	A	0.06593859940767288
5015	Py26	Py15	B	A	0.0695735365152359
5016	Py26	Py17	B	A	0.03431261703372002
5017	Py26	Py19	B	A	0.1550115048885345
5018	Py26	Py25	B	A	0.1605611443519592
5019	Py26	Py27	B	A	0.040412288159132
5020	Py26	Py29	B	A	0.0171547457575798
5021	Py26	Py31	B	A	0.04355860128998756
5022	Py26	Py33	B	A	0.06061436980962753
5023	Py26	Py35	B	A	0.0173485204577446
5024	Py26	Py37	B	A	0.125784695148468
5025	Py26	Py39	B	A	0.1506244689226151
5026	Py26	Py41	B	A	0.09947934001684189
5027	Py26	Py43	B	A	0.08372237533330917
5028	Py26	Py45	B	A	0.1398666948080063
5029	Py26	Py47	B	A	0.08932749927043915
5030	Py26	Py51	B	A	0.1145267561078072
5031	Py26	Py55	B	A	0.1231150776147842
5032	Py26	Py57	B	A	0.1316614300012589
5033	Py26	Py59	B	A	0.1848943382501602
5034	Py26	Py61	B	A	0.2223118245601654
5035	Py26	Py63	B	A	0.1089480519294739
5036	Py26	Py65	B	A	0.1064983233809471
5037	Py26	Py67	B	A	0.08223302662372589
5038	Py26	Py69	B	A	0.0919259786605835
5039	Py26	Py71	B	A	0.1045397222042084
5040	Py26	Py73	B	A	0.4550832211971283
5041	Py26	Py75	B	A	0.4270921945571899
5042	Py26	Py78	B	A	0.3276173770427704
5043	Py26	Py80	B	A	0.3915318846702576
5044	Py26	Py82	B	A	0.2795218229293823
5045	Py26	Py84	B	A	0.3469108045101166
5046	Py26	Py86	B	A	0.3651955723762512
5047	Py26	Py88	B	A	0.3687871098518372
5048	Py26	HR05	B	A	0.3566656410694122
5049	Py26	HR07	B	A	0.3704891204833984
5050	Py26	HR09	B	A	0.3055610060691833
5051	Py26	HR11	B	A	0.3500142991542816
5052	Py26	HR15	B	A	0.4388866722583771
5053	Py26	HR19	B	A	0.3540262877941132
5054	Py26	HR21	B	A	0.3701522052288055
5055	Py26	HR25	B	A	0.4788516163825989
5056	Py26	HR31	B	A	0.4669212996959686
5057	Py26	HR33	B	A	0.3991444110870361
5058	Py26	HR37	B	A	0.4001975655555725
5059	Py26	HR47	B	A	0.4122825562953949
5060	Py26	HR50	B	A	0.3894661068916321
5061	Py26	HR52	B	A	0.4628193974494934
5062	Py26	HR56	B	A	0.3398269414901733
5063	Py26	HR60	B	A	0.3823598325252533
5064	Py26	HR62	B	A	0.3526715040206909
5065	Py26	HR64	B	A	0.4985210597515106
5066	Py26	HR66	B	A	0.3948695659637451
5067	Py26	HR68	B	A	0.3550504148006439
5068	Py26	H3	B	A	0.4098956882953644
5069	Py26	H5	B	A	0.3674360513687134
5070	Py26	H7	B	A	0.3149062991142273
5071	Py26	H11	B	A	0.3817822933197021
5072	Py26	H13	B	A	0.4051042497158051
5073	Py26	H15	B	A	0.4625355303287506
5074	Py26	Han01	B	A	0.4670307040214539
5075	Py26	Han03	B	A	0.4455389678478241
5076	Py26	Han05	B	A	0.4266154766082764
5077	Py26	Han07	B	A	0.4713594317436218
5078	Py26	Han09	B	A	0.4603058099746704
5079	Py26	Han11	B	A	0.4625780582427979
5080	Py26	Han13	B	A	0.4553180336952209
5081	Py26	Han15	B	A	0.4450141191482544
5082	Py26	Han17	B	A	0.4524281620979309
5083	Py26	Han19	B	A	0.4548782706260681
5084	Py26	Han21	B	A	0.4482927918434143
5085	Py26	Han23	B	A	0.4438044130802155
5086	Py26	Han25	B	A	0.4630762040615082
5087	Py26	Han27	B	A	0.4571847021579742
5088	Py26	Han29	B	A	0.4624843597412109
5089	Py26	Han31	B	A	0.4557550847530365
5090	Py26	Han33	B	A	0.4745531976222992
5091	Py26	Han35	B	A	0.4613158106803894
5092	Py26	Han37	B	A	0.4723021388053894
5093	Py26	Han39	B	A	0.4527209997177124
5094	Py26	Han41	B	A	0.4410426914691925
5095	Py26	Han43	B	A	0.4408206343650818
5096	Py26	Han45	B	A	0.4399319887161255
5097	Py26	Han47	B	A	0.4380128979682922
5098	Py26	Han51	B	A	0.3861202895641327
5099	Py28	Py1	B	A	0.07959885895252228
5100	Py28	Py3	B	A	0.07419400662183762
5101	Py28	Py5	B	A	0.1152564063668251
5102	Py28	Py7	B	A	0.05667988583445549
5103	Py28	Py9	B	A	0.06400412321090698
5104	Py28	Py11	B	A	0.05214373767375946
5105	Py28	Py13	B	A	0.07876318693161011
5106	Py28	Py15	B	A	0.06609436869621277
5107	Py28	Py17	B	A	0.04070010036230087
5108	Py28	Py19	B	A	0.1261911541223526
5109	Py28	Py25	B	A	0.1338352859020233
5110	Py28	Py27	B	A	0.009129475802183151
5111	Py28	Py29	B	A	0.03795155882835388
5112	Py28	Py31	B	A	0.03517590835690498
5113	Py28	Py33	B	A	0.02933646366000175
5114	Py28	Py35	B	A	0.03883151337504387
5115	Py28	Py37	B	A	0.1462717950344086
5116	Py28	Py39	B	A	0.179023265838623
5117	Py28	Py41	B	A	0.1195766776800156
5118	Py28	Py43	B	A	0.1004214957356453
5119	Py28	Py45	B	A	0.1406760066747665
5120	Py28	Py47	B	A	0.09374789893627167
5121	Py28	Py51	B	A	0.1413673758506775
5122	Py28	Py55	B	A	0.1078191474080086
5123	Py28	Py57	B	A	0.1172387450933456
5124	Py28	Py59	B	A	0.1705693453550339
5125	Py28	Py61	B	A	0.210114449262619
5126	Py28	Py63	B	A	0.1165298148989677
5127	Py28	Py65	B	A	0.1145003437995911
5128	Py28	Py67	B	A	0.08829545974731445
5129	Py28	Py69	B	A	0.09036744385957718
5130	Py28	Py71	B	A	0.1100361049175262
5131	Py28	Py73	B	A	0.4674979150295258
5132	Py28	Py75	B	A	0.439116358757019
5133	Py28	Py78	B	A	0.3356758058071136
5134	Py28	Py80	B	A	0.4142009317874908
5135	Py28	Py82	B	A	0.3019615411758423
5136	Py28	Py84	B	A	0.3633325397968292
5137	Py28	Py86	B	A	0.3889864981174469
5138	Py28	Py88	B	A	0.3930322229862213
5139	Py28	HR05	B	A	0.3632394075393677
5140	Py28	HR07	B	A	0.3767640590667725
5141	Py28	HR09	B	A	0.3124934434890747
5142	Py28	HR11	B	A	0.3574116826057434
5143	Py28	HR15	B	A	0.4469876289367676
5144	Py28	HR19	B	A	0.3615149557590485
5145	Py28	HR21	B	A	0.3756596148014069
5146	Py28	HR25	B	A	0.4839542210102081
5147	Py28	HR31	B	A	0.4690696001052856
5148	Py28	HR33	B	A	0.4082761406898499
5149	Py28	HR37	B	A	0.4034397602081299
5150	Py28	HR47	B	A	0.4160730838775635
5151	Py28	HR50	B	A	0.3969514071941376
5152	Py28	HR52	B	A	0.4728225469589233
5153	Py28	HR56	B	A	0.3473495543003082
5154	Py28	HR60	B	A	0.3874818384647369
5155	Py28	HR62	B	A	0.3613763153553009
5156	Py28	HR64	B	A	0.5008155703544617
5157	Py28	HR66	B	A	0.4010655283927917
5158	Py28	HR68	B	A	0.364001601934433
5159	Py28	H3	B	A	0.4157673120498657
5160	Py28	H5	B	A	0.3777099251747131
5161	Py28	H7	B	A	0.3273545503616333
5162	Py28	H11	B	A	0.3918493092060089
5163	Py28	H13	B	A	0.4161864519119263
5164	Py28	H15	B	A	0.4683123528957367
5165	Py28	Han01	B	A	0.4840593636035919
5166	Py28	Han03	B	A	0.4626446962356567
5167	Py28	Han05	B	A	0.4433525204658508
5168	Py28	Han07	B	A	0.4883250594139099
5169	Py28	Han09	B	A	0.4773411154747009
5170	Py28	Han11	B	A	0.4796347618103027
5171	Py28	Han13	B	A	0.4724016785621643
5172	Py28	Han15	B	A	0.4621111750602722
5173	Py28	Han17	B	A	0.4695656597614288
5174	Py28	Han19	B	A	0.4720799922943115
5175	Py28	Han21	B	A	0.465294361114502
5176	Py28	Han23	B	A	0.4608640670776367
5177	Py28	Han25	B	A	0.480118453502655
5178	Py28	Han27	B	A	0.4740325212478638
5179	Py28	Han29	B	A	0.4793925285339355
5180	Py28	Han31	B	A	0.4727321267127991
5181	Py28	Han33	B	A	0.4915931224822998
5182	Py28	Han35	B	A	0.478262335062027
5183	Py28	Han37	B	A	0.4893327057361603
5184	Py28	Han39	B	A	0.4697469472885132
5185	Py28	Han41	B	A	0.4581193327903748
5186	Py28	Han43	B	A	0.457845151424408
5187	Py28	Han45	B	A	0.4568953514099121
5188	Py28	Han47	B	A	0.4575802385807037
5189	Py28	Han51	B	A	0.3903648257255554
5190	Py30	Py1	B	A	0.08455841988325119
5191	Py30	Py3	B	A	0.08025570958852768
5192	Py30	Py5	B	A	0.1251765191555023
5193	Py30	Py7	B	A	0.046356201171875
5194	Py30	Py9	B	A	0.05164023488759995
5195	Py30	Py11	B	A	0.05550646036863327
5196	Py30	Py13	B	A	0.07235506922006607
5197	Py30	Py15	B	A	0.07404747605323792
5198	Py30	Py17	B	A	0.0304963868111372
5199	Py30	Py19	B	A	0.1327241361141205
5200	Py30	Py25	B	A	0.1459313333034515
5201	Py30	Py27	B	A	0.02911655604839325
5202	Py30	Py29	B	A	0.03402390331029892
5203	Py30	Py31	B	A	0.0125275943428278
5204	Py30	Py33	B	A	0.02697860263288021
5205	Py30	Py35	B	A	0.03790976107120514
5206	Py30	Py37	B	A	0.1543564051389694
5207	Py30	Py39	B	A	0.1747583597898483
5208	Py30	Py41	B	A	0.1141613572835922
5209	Py30	Py43	B	A	0.09717065095901489
5210	Py30	Py45	B	A	0.1456081420183182
5211	Py30	Py47	B	A	0.09553880989551544
5212	Py30	Py51	B	A	0.1328999996185303
5213	Py30	Py55	B	A	0.117562472820282
5214	Py30	Py57	B	A	0.1270985454320908
5215	Py30	Py59	B	A	0.1803679168224335
5216	Py30	Py61	B	A	0.2176949083805084
5217	Py30	Py63	B	A	0.1090867444872856
5218	Py30	Py65	B	A	0.1072766035795212
5219	Py30	Py67	B	A	0.08402545750141144
5220	Py30	Py69	B	A	0.09421300143003464
5221	Py30	Py71	B	A	0.1083730384707451
5222	Py30	Py73	B	A	0.4699483811855316
5223	Py30	Py75	B	A	0.4433091282844543
5224	Py30	Py78	B	A	0.3399690389633179
5225	Py30	Py80	B	A	0.4194651246070862
5226	Py30	Py82	B	A	0.3096773028373718
5227	Py30	Py84	B	A	0.365464448928833
5228	Py30	Py86	B	A	0.3939359486103058
5229	Py30	Py88	B	A	0.3979129791259766
5230	Py30	HR05	B	A	0.3626904189586639
5231	Py30	HR07	B	A	0.3757989704608917
5232	Py30	HR09	B	A	0.3113865256309509
5233	Py30	HR11	B	A	0.35676109790802
5234	Py30	HR15	B	A	0.4472361505031586
5235	Py30	HR19	B	A	0.3612756729125977
5236	Py30	HR21	B	A	0.372674286365509
5237	Py30	HR25	B	A	0.4810253977775574
5238	Py30	HR31	B	A	0.4644336700439453
5239	Py30	HR33	B	A	0.408144474029541
5240	Py30	HR37	B	A	0.4001501202583313
5241	Py30	HR47	B	A	0.4120832979679108
5242	Py30	HR50	B	A	0.396986722946167
5243	Py30	HR52	B	A	0.4729642271995544
5244	Py30	HR56	B	A	0.3471556603908539
5245	Py30	HR60	B	A	0.384265661239624
5246	Py30	HR62	B	A	0.3602203726768494
5247	Py30	HR64	B	A	0.4966793656349182
5248	Py30	HR66	B	A	0.4005727171897888
5249	Py30	HR68	B	A	0.3636195361614227
5250	Py30	H3	B	A	0.4140304028987885
5251	Py30	H5	B	A	0.3772207200527191
5252	Py30	H7	B	A	0.3232243657112122
5253	Py30	H11	B	A	0.3915156126022339
5254	Py30	H13	B	A	0.4167174696922302
5255	Py30	H15	B	A	0.4670116603374481
5256	Py30	Han01	B	A	0.4852031767368317
5257	Py30	Han03	B	A	0.4639332294464111
5258	Py30	Han05	B	A	0.4431148767471313
5259	Py30	Han07	B	A	0.4896187484264374
5260	Py30	Han09	B	A	0.4786757230758667
5261	Py30	Han11	B	A	0.4807032346725464
5262	Py30	Han13	B	A	0.4737211167812347
5263	Py30	Han15	B	A	0.4616860151290894
5264	Py30	Han17	B	A	0.4711084961891174
5265	Py30	Han19	B	A	0.4731646776199341
5266	Py30	Han21	B	A	0.4664340615272522
5267	Py30	Han23	B	A	0.4624699950218201
5268	Py30	Han25	B	A	0.4821471571922302
5269	Py30	Han27	B	A	0.4752935767173767
5270	Py30	Han29	B	A	0.4807240068912506
5271	Py30	Han31	B	A	0.473936140537262
5272	Py30	Han33	B	A	0.4929468929767609
5273	Py30	Han35	B	A	0.4794139862060547
5274	Py30	Han37	B	A	0.4904637336730957
5275	Py30	Han39	B	A	0.470956951379776
5276	Py30	Han41	B	A	0.4593027234077454
5277	Py30	Han43	B	A	0.4590664207935333
5278	Py30	Han45	B	A	0.4586700201034546
5279	Py30	Han47	B	A	0.4566353261470795
5280	Py30	Han51	B	A	0.3923718631267548
5281	Py32	Py1	B	A	0.0855279266834259
5282	Py32	Py3	B	A	0.0814003124833107
5283	Py32	Py5	B	A	0.1316080838441849
5284	Py32	Py7	B	A	0.04405247792601585
5285	Py32	Py9	B	A	0.0480838418006897
5286	Py32	Py11	B	A	0.05998599156737328
5287	Py32	Py13	B	A	0.0698540210723877
5288	Py32	Py15	B	A	0.0776587501168251
5289	Py32	Py17	B	A	0.02983199991285801
5290	Py32	Py19	B	A	0.1378290951251984
5291	Py32	Py25	B	A	0.1501783728599548
5292	Py32	Py27	B	A	0.03101258166134357
5293	Py32	Py29	B	A	0.03706279397010803
5294	Py32	Py31	B	A	0.007792923599481583
5295	Py32	Py33	B	A	0.03412489965558052
5296	Py32	Py35	B	A	0.03499378636479378
5297	Py32	Py37	B	A	0.149504542350769
5298	Py32	Py39	B	A	0.1676478385925293
5299	Py32	Py41	B	A	0.1078727319836617
5300	Py32	Py43	B	A	0.09758637845516205
5301	Py32	Py45	B	A	0.1501711159944534
5302	Py32	Py47	B	A	0.09974032640457153
5303	Py32	Py51	B	A	0.1249505430459976
5304	Py32	Py55	B	A	0.1213070079684258
5305	Py32	Py57	B	A	0.1307907551527023
5306	Py32	Py59	B	A	0.1841649264097214
5307	Py32	Py61	B	A	0.2214294075965881
5308	Py32	Py63	B	A	0.1004067584872246
5309	Py32	Py65	B	A	0.09832854568958282
5310	Py32	Py67	B	A	0.07567789405584335
5311	Py32	Py69	B	A	0.08925680816173553
5312	Py32	Py71	B	A	0.1022482737898827
5313	Py32	Py73	B	A	0.4690368175506592
5314	Py32	Py75	B	A	0.4412709474563599
5315	Py32	Py78	B	A	0.3426394164562225
5316	Py32	Py80	B	A	0.4169938266277313
5317	Py32	Py82	B	A	0.3069042861461639
5318	Py32	Py84	B	A	0.3648325502872467
5319	Py32	Py86	B	A	0.391909658908844
5320	Py32	Py88	B	A	0.3958855867385864
5321	Py32	HR05	B	A	0.3603075742721558
5322	Py32	HR07	B	A	0.3730839490890503
5323	Py32	HR09	B	A	0.3090633153915405
5324	Py32	HR11	B	A	0.354409396648407
5325	Py32	HR15	B	A	0.4449259042739868
5326	Py32	HR19	B	A	0.3592197895050049
5327	Py32	HR21	B	A	0.3708555698394775
5328	Py32	HR25	B	A	0.4796653389930725
5329	Py32	HR31	B	A	0.4619913697242737
5330	Py32	HR33	B	A	0.4059242010116577
5331	Py32	HR37	B	A	0.3979253768920898
5332	Py32	HR47	B	A	0.4096919894218445
5333	Py32	HR50	B	A	0.3947529792785645
5334	Py32	HR52	B	A	0.470716267824173
5335	Py32	HR56	B	A	0.3448891043663025
5336	Py32	HR60	B	A	0.3821709752082825
5337	Py32	HR62	B	A	0.3581759035587311
5338	Py32	HR64	B	A	0.4946796298027039
5339	Py32	HR66	B	A	0.3987770676612854
5340	Py32	HR68	B	A	0.3617368936538696
5341	Py32	H3	B	A	0.4121057987213135
5342	Py32	H5	B	A	0.3750337958335876
5343	Py32	H7	B	A	0.3196196854114532
5344	Py32	H11	B	A	0.3892980217933655
5345	Py32	H13	B	A	0.4144129157066345
5346	Py32	H15	B	A	0.4647092521190643
5347	Py32	Han01	B	A	0.4840339124202728
5348	Py32	Han03	B	A	0.4627031683921814
5349	Py32	Han05	B	A	0.4403232932090759
5350	Py32	Han07	B	A	0.4884011745452881
5351	Py32	Han09	B	A	0.477357029914856
5352	Py32	Han11	B	A	0.4795301258563995
5353	Py32	Han13	B	A	0.4724560379981995
5354	Py32	Han15	B	A	0.4589916169643402
5355	Py32	Han17	B	A	0.4695895314216614
5356	Py32	Han19	B	A	0.4719499051570892
5357	Py32	Han21	B	A	0.46527498960495
5358	Py32	Han23	B	A	0.4608864188194275
5359	Py32	Han25	B	A	0.4801862835884094
5360	Py32	Han27	B	A	0.4741238057613373
5361	Py32	Han29	B	A	0.47955521941185
5362	Py32	Han31	B	A	0.472718209028244
5363	Py32	Han33	B	A	0.4915355145931244
5364	Py32	Han35	B	A	0.4782379865646362
5365	Py32	Han37	B	A	0.4892365038394928
5366	Py32	Han39	B	A	0.4697776734828949
5367	Py32	Han41	B	A	0.4581182599067688
5368	Py32	Han43	B	A	0.4579122066497803
5369	Py32	Han45	B	A	0.4569526314735413
5370	Py32	Han47	B	A	0.45423224568367
5371	Py32	Han51	B	A	0.3901888728141785
5372	Py34	Py1	B	A	0.06273553520441055
5373	Py34	Py3	B	A	0.05874039605259895
5374	Py34	Py5	B	A	0.1303819715976715
5375	Py34	Py7	B	A	0.03361273556947708
5376	Py34	Py9	B	A	0.04307055473327637
5377	Py34	Py11	B	A	0.05800218135118484
5378	Py34	Py13	B	A	0.07005514949560165
5379	Py34	Py15	B	A	0.0679607093334198
5380	Py34	Py17	B	A	0.02414322458207607
5381	Py34	Py19	B	A	0.1495229601860046
5382	Py34	Py25	B	A	0.1619981527328491
5383	Py34	Py27	B	A	0.03958753868937492
5384	Py34	Py29	B	A	0.01878933608531952
5385	Py34	Py31	B	A	0.03037673979997635
5386	Py34	Py33	B	A	0.05289794877171516
5387	Py34	Py35	B	A	0.01257540192455053
5388	Py34	Py37	B	A	0.1344251483678818
5389	Py34	Py39	B	A	0.15483258664608
5390	Py34	Py41	B	A	0.1041503399610519
5391	Py34	Py43	B	A	0.08700109273195267
5392	Py34	Py45	B	A	0.1428998112678528
5393	Py34	Py47	B	A	0.09224564582109451
5394	Py34	Py51	B	A	0.1164907813072205
5395	Py34	Py55	B	A	0.1277371048927307
5396	Py34	Py57	B	A	0.1371861696243286
5397	Py34	Py59	B	A	0.1904067099094391
5398	Py34	Py61	B	A	0.2278392910957336
5399	Py34	Py63	B	A	0.108782485127449
5400	Py34	Py65	B	A	0.1067829877138138
5401	Py34	Py67	B	A	0.08178100734949112
5402	Py34	Py69	B	A	0.09580403566360474
5403	Py34	Py71	B	A	0.1071459576487541
5404	Py34	Py73	B	A	0.4599873125553131
5405	Py34	Py75	B	A	0.4342334270477295
5406	Py34	Py78	B	A	0.3334257900714874
5407	Py34	Py80	B	A	0.3989554643630981
5408	Py34	Py82	B	A	0.2901918888092041
5409	Py34	Py84	B	A	0.3528428077697754
5410	Py34	Py86	B	A	0.3725687563419342
5411	Py34	Py88	B	A	0.3763858079910278
5412	Py34	HR05	B	A	0.3568281531333923
5413	Py34	HR07	B	A	0.3712788820266724
5414	Py34	HR09	B	A	0.3064783811569214
5415	Py34	HR11	B	A	0.3502976298332214
5416	Py34	HR15	B	A	0.4410644173622131
5417	Py34	HR19	B	A	0.3551198244094849
5418	Py34	HR21	B	A	0.3684854209423065
5419	Py34	HR25	B	A	0.4768778681755066
5420	Py34	HR31	B	A	0.461813896894455
5421	Py34	HR33	B	A	0.4021382331848145
5422	Py34	HR37	B	A	0.3967859148979187
5423	Py34	HR47	B	A	0.4089763164520264
5424	Py34	HR50	B	A	0.3905698657035828
5425	Py34	HR52	B	A	0.4663068056106567
5426	Py34	HR56	B	A	0.3405342400074005
5427	Py34	HR60	B	A	0.3804194331169128
5428	Py34	HR62	B	A	0.3542290925979614
5429	Py34	HR64	B	A	0.4941062331199646
5430	Py34	HR66	B	A	0.3947212100028992
5431	Py34	HR68	B	A	0.3579036295413971
5432	Py34	H3	B	A	0.4083099961280823
5433	Py34	H5	B	A	0.3707300424575806
5434	Py34	H7	B	A	0.3155349791049957
5435	Py34	H11	B	A	0.3851479589939117
5436	Py34	H13	B	A	0.4095844626426697
5437	Py34	H15	B	A	0.4620423018932343
5438	Py34	Han01	B	A	0.4726662933826447
5439	Py34	Han03	B	A	0.4512721300125122
5440	Py34	Han05	B	A	0.4322478175163269
5441	Py34	Han07	B	A	0.4770064353942871
5442	Py34	Han09	B	A	0.4659942090511322
5443	Py34	Han11	B	A	0.4682386219501495
5444	Py34	Han13	B	A	0.4610447883605957
5445	Py34	Han15	B	A	0.4507015645503998
5446	Py34	Han17	B	A	0.4581697285175323
5447	Py34	Han19	B	A	0.4605661332607269
5448	Py34	Han21	B	A	0.4540276825428009
5449	Py34	Han23	B	A	0.449491024017334
5450	Py34	Han25	B	A	0.4688442051410675
5451	Py34	Han27	B	A	0.4628021419048309
5452	Py34	Han29	B	A	0.4682167172431946
5453	Py34	Han31	B	A	0.4614430665969849
5454	Py34	Han33	B	A	0.4802805185317993
5455	Py34	Han35	B	A	0.4669109284877777
5456	Py34	Han37	B	A	0.4779220819473267
5457	Py34	Han39	B	A	0.4583970904350281
5458	Py34	Han41	B	A	0.4467738270759583
5459	Py34	Han43	B	A	0.4464816153049469
5460	Py34	Han45	B	A	0.445662260055542
5461	Py34	Han47	B	A	0.4438101351261139
5462	Py34	Han51	B	A	0.3891656100749969
5463	Py36	Py1	B	A	0.06631980836391449
5464	Py36	Py3	B	A	0.0617525652050972
5465	Py36	Py5	B	A	0.1297300457954407
5466	Py36	Py7	B	A	0.03565222024917603
5467	Py36	Py9	B	A	0.04469754546880722
5468	Py36	Py11	B	A	0.06096052378416061
5469	Py36	Py13	B	A	0.06894207745790482
5470	Py36	Py15	B	A	0.06847237795591354
5471	Py36	Py17	B	A	0.02502206154167652
5472	Py36	Py19	B	A	0.1487780064344406
5473	Py36	Py25	B	A	0.1602942645549774
5474	Py36	Py27	B	A	0.03757143765687943
5475	Py36	Py29	B	A	0.02187911048531532
5476	Py36	Py31	B	A	0.03050613217055798
5477	Py36	Py33	B	A	0.05544580519199371
5478	Py36	Py35	B	A	0.01086997240781784
5479	Py36	Py37	B	A	0.1345780938863754
5480	Py36	Py39	B	A	0.1566612273454666
5481	Py36	Py41	B	A	0.1041417345404625
5482	Py36	Py43	B	A	0.09042192995548248
5483	Py36	Py45	B	A	0.1433178335428238
5484	Py36	Py47	B	A	0.09579742699861526
5485	Py36	Py51	B	A	0.1160708218812943
5486	Py36	Py55	B	A	0.1268855035305023
5487	Py36	Py57	B	A	0.1368211507797241
5488	Py36	Py59	B	A	0.189504474401474
5489	Py36	Py61	B	A	0.2269418835639954
5490	Py36	Py63	B	A	0.1070711761713028
5491	Py36	Py65	B	A	0.1045945212244987
5492	Py36	Py67	B	A	0.08107249438762665
5493	Py36	Py69	B	A	0.09502886235713959
5494	Py36	Py71	B	A	0.1057863980531693
5495	Py36	Py73	B	A	0.4584900140762329
5496	Py36	Py75	B	A	0.4324399828910828
5497	Py36	Py78	B	A	0.3324829041957855
5498	Py36	Py80	B	A	0.3986879885196686
5499	Py36	Py82	B	A	0.2900369167327881
5500	Py36	Py84	B	A	0.3519047796726227
5501	Py36	Py86	B	A	0.3732221722602844
5502	Py36	Py88	B	A	0.3768728673458099
5503	Py36	HR05	B	A	0.3557001054286957
5504	Py36	HR07	B	A	0.3694972693920135
5505	Py36	HR09	B	A	0.3047851026058197
5506	Py36	HR11	B	A	0.3492546677589417
5507	Py36	HR15	B	A	0.4399978518486023
5508	Py36	HR19	B	A	0.354087620973587
5509	Py36	HR21	B	A	0.3669844269752502
5510	Py36	HR25	B	A	0.4745019972324371
5511	Py36	HR31	B	A	0.4605542719364166
5512	Py36	HR33	B	A	0.4011304974555969
5513	Py36	HR37	B	A	0.3949222564697266
5514	Py36	HR47	B	A	0.4079299867153168
5515	Py36	HR50	B	A	0.3894062042236328
5516	Py36	HR52	B	A	0.4652699828147888
5517	Py36	HR56	B	A	0.3395075500011444
5518	Py36	HR60	B	A	0.3794412910938263
5519	Py36	HR62	B	A	0.3532694578170776
5520	Py36	HR64	B	A	0.4919334352016449
5521	Py36	HR66	B	A	0.3934118151664734
5522	Py36	HR68	B	A	0.356689840555191
5523	Py36	H3	B	A	0.406905323266983
5524	Py36	H5	B	A	0.3698902428150177
5525	Py36	H7	B	A	0.3143789768218994
5526	Py36	H11	B	A	0.3841047883033752
5527	Py36	H13	B	A	0.4085146188735962
5528	Py36	H15	B	A	0.4605526626110077
5529	Py36	Han01	B	A	0.4736889600753784
5530	Py36	Han03	B	A	0.4523551762104034
5531	Py36	Han05	B	A	0.4330654740333557
5532	Py36	Han07	B	A	0.4780908524990082
5533	Py36	Han09	B	A	0.4670747220516205
5534	Py36	Han11	B	A	0.4692664742469788
5535	Py36	Han13	B	A	0.4621604084968567
5536	Py36	Han15	B	A	0.4514493048191071
5537	Py36	Han17	B	A	0.4593467116355896
5538	Py36	Han19	B	A	0.4616413712501526
5539	Py36	Han21	B	A	0.4550281167030334
5540	Py36	Han23	B	A	0.45053830742836
5541	Py36	Han25	B	A	0.469898134469986
5542	Py36	Han27	B	A	0.4638059735298157
5543	Py36	Han29	B	A	0.4691160321235657
5544	Py36	Han31	B	A	0.4623778760433197
5545	Py36	Han33	B	A	0.481219619512558
5546	Py36	Han35	B	A	0.467913806438446
5547	Py36	Han37	B	A	0.478993684053421
5548	Py36	Han39	B	A	0.4593526721000671
5549	Py36	Han41	B	A	0.447723925113678
5550	Py36	Han43	B	A	0.4474858641624451
5551	Py36	Han45	B	A	0.4465364217758179
5552	Py36	Han47	B	A	0.4447565674781799
5553	Py36	Han51	B	A	0.3880281746387482
5554	Py38	Py1	B	A	0.1047517880797386
5555	Py38	Py3	B	A	0.1116273254156113
5556	Py38	Py5	B	A	0.2397154569625854
5557	Py38	Py7	B	A	0.1257515847682953
5558	Py38	Py9	B	A	0.1264381557703018
5559	Py38	Py11	B	A	0.1633021831512451
5560	Py38	Py13	B	A	0.1197667792439461
5561	Py38	Py15	B	A	0.1704598367214203
5562	Py38	Py17	B	A	0.1444748342037201
5563	Py38	Py19	B	A	0.2538373172283173
5564	Py38	Py25	B	A	0.2474604696035385
5565	Py38	Py27	B	A	0.1513919085264206
5566	Py38	Py29	B	A	0.1335323601961136
5567	Py38	Py31	B	A	0.1450722366571426
5568	Py38	Py33	B	A	0.1694065779447556
5569	Py38	Py35	B	A	0.1290718615055084
5570	Py38	Py37	B	A	0.04757962375879288
5571	Py38	Py39	B	A	0.04534431919455528
5572	Py38	Py41	B	A	0.07322803139686584
5573	Py38	Py43	B	A	0.111703909933567
5574	Py38	Py45	B	A	0.2021267116069794
5575	Py38	Py47	B	A	0.1397812217473984
5576	Py38	Py51	B	A	0.0570184737443924
5577	Py38	Py55	B	A	0.1953655481338501
5578	Py38	Py57	B	A	0.1932450830936432
5579	Py38	Py59	B	A	0.213518813252449
5580	Py38	Py61	B	A	0.2290428578853607
5581	Py38	Py63	B	A	0.07125001400709152
5582	Py38	Py65	B	A	0.07360360771417618
5583	Py38	Py67	B	A	0.08135005831718445
5584	Py38	Py69	B	A	0.08489039540290833
5585	Py38	Py71	B	A	0.06794442236423492
5586	Py38	Py73	B	A	0.4082189202308655
5587	Py38	Py75	B	A	0.375054270029068
5588	Py38	Py78	B	A	0.3269743919372559
5589	Py38	Py80	B	A	0.3340092599391937
5590	Py38	Py82	B	A	0.2400529831647873
5591	Py38	Py84	B	A	0.3273124396800995
5592	Py38	Py86	B	A	0.3016577661037445
5593	Py38	Py88	B	A	0.3074181377887726
5594	Py38	HR05	B	A	0.356144905090332
5595	Py38	HR07	B	A	0.3733279705047607
5596	Py38	HR09	B	A	0.3075865209102631
5597	Py38	HR11	B	A	0.3495908975601196
5598	Py38	HR15	B	A	0.4324107766151428
5599	Py38	HR19	B	A	0.3466073274612427
5600	Py38	HR21	B	A	0.3712280690670013
5601	Py38	HR25	B	A	0.4887360036373138
5602	Py38	HR31	B	A	0.4754021465778351
5603	Py38	HR33	B	A	0.3869118094444275
5604	Py38	HR37	B	A	0.4083153009414673
5605	Py38	HR47	B	A	0.4201087653636932
5606	Py38	HR50	B	A	0.3784796595573425
5607	Py38	HR52	B	A	0.4439102113246918
5608	Py38	HR56	B	A	0.338943213224411
5609	Py38	HR60	B	A	0.3576487600803375
5610	Py38	HR62	B	A	0.3226346969604492
5611	Py38	HR64	B	A	0.5088061094284058
5612	Py38	HR66	B	A	0.3952579498291016
5613	Py38	HR68	B	A	0.334330141544342
5614	Py38	H3	B	A	0.4116239547729492
5615	Py38	H5	B	A	0.35575270652771
5616	Py38	H7	B	A	0.3043285310268402
5617	Py38	H11	B	A	0.3523111045360565
5618	Py38	H13	B	A	0.3851186633110046
5619	Py38	H15	B	A	0.463100403547287
5620	Py38	Han01	B	A	0.426891565322876
5621	Py38	Han03	B	A	0.4062091112136841
5622	Py38	Han05	B	A	0.3584973812103271
5623	Py38	Han07	B	A	0.4379442930221558
5624	Py38	Han09	B	A	0.4248209595680237
5625	Py38	Han11	B	A	0.4230399429798126
5626	Py38	Han13	B	A	0.4113312959671021
5627	Py38	Han15	B	A	0.3676854074001312
5628	Py38	Han17	B	A	0.4031759202480316
5629	Py38	Han19	B	A	0.4161999225616455
5630	Py38	Han21	B	A	0.4134440720081329
5631	Py38	Han23	B	A	0.4054343700408936
5632	Py38	Han25	B	A	0.4151687920093536
5633	Py38	Han27	B	A	0.4150680601596832
5634	Py38	Han29	B	A	0.4326214790344238
5635	Py38	Han31	B	A	0.4282412827014923
5636	Py38	Han33	B	A	0.4489834606647491
5637	Py38	Han35	B	A	0.4298373758792877
5638	Py38	Han37	B	A	0.4444805383682251
5639	Py38	Han39	B	A	0.4184137582778931
5640	Py38	Han41	B	A	0.4006256759166718
5641	Py38	Han43	B	A	0.3866054117679596
5642	Py38	Han45	B	A	0.3991012275218964
5643	Py38	Han47	B	A	0.389603316783905
5644	Py38	Han51	B	A	0.3706750869750977
5645	Py40	Py1	B	A	0.08045969903469086
5646	Py40	Py3	B	A	0.08501262962818146
5647	Py40	Py5	B	A	0.1910174638032913
5648	Py40	Py7	B	A	0.07344315946102142
5649	Py40	Py9	B	A	0.07154946029186249
5650	Py40	Py11	B	A	0.1045906543731689
5651	Py40	Py13	B	A	0.07806122303009033
5652	Py40	Py15	B	A	0.119229331612587
5653	Py40	Py17	B	A	0.09308097511529922
5654	Py40	Py19	B	A	0.1968656480312347
5655	Py40	Py25	B	A	0.1927263140678406
5656	Py40	Py27	B	A	0.1046460717916489
5657	Py40	Py29	B	A	0.09083708375692368
5658	Py40	Py31	B	A	0.09778814017772675
5659	Py40	Py33	B	A	0.1151311844587326
5660	Py40	Py35	B	A	0.08728326857089996
5661	Py40	Py37	B	A	0.09689724445343018
5662	Py40	Py39	B	A	0.1120859012007713
5663	Py40	Py41	B	A	0.06035974621772766
5664	Py40	Py43	B	A	0.03617589548230171
5665	Py40	Py45	B	A	0.1260023862123489
5666	Py40	Py47	B	A	0.06338441371917725
5667	Py40	Py51	B	A	0.07623054087162018
5668	Py40	Py55	B	A	0.1240350902080536
5669	Py40	Py57	B	A	0.1276639848947525
5670	Py40	Py59	B	A	0.1492125391960144
5671	Py40	Py61	B	A	0.1765775233507156
5672	Py40	Py63	B	A	0.07585640251636505
5673	Py40	Py65	B	A	0.07416654378175735
5674	Py40	Py67	B	A	0.06151024624705315
5675	Py40	Py69	B	A	0.07305126637220383
5676	Py40	Py71	B	A	0.07684601098299026
5677	Py40	Py73	B	A	0.4306153357028961
5678	Py40	Py75	B	A	0.4042081832885742
5679	Py40	Py78	B	A	0.3346995413303375
5680	Py40	Py80	B	A	0.3625386357307434
5681	Py40	Py82	B	A	0.2544991075992584
5682	Py40	Py84	B	A	0.3374825417995453
5683	Py40	Py86	B	A	0.339893251657486
5684	Py40	Py88	B	A	0.3420088887214661
5685	Py40	HR05	B	A	0.3618399500846863
5686	Py40	HR07	B	A	0.3784335851669312
5687	Py40	HR09	B	A	0.3111202120780945
5688	Py40	HR11	B	A	0.3573314547538757
5689	Py40	HR15	B	A	0.4412928223609924
5690	Py40	HR19	B	A	0.3536803126335144
5691	Py40	HR21	B	A	0.3792352080345154
5692	Py40	HR25	B	A	0.4951508939266205
5693	Py40	HR31	B	A	0.4790326654911041
5694	Py40	HR33	B	A	0.3982411026954651
5695	Py40	HR37	B	A	0.416100025177002
5696	Py40	HR47	B	A	0.42301344871521
5697	Py40	HR50	B	A	0.3887375295162201
5698	Py40	HR52	B	A	0.4566368758678436
5699	Py40	HR56	B	A	0.3464819490909576
5700	Py40	HR60	B	A	0.3628815114498138
5701	Py40	HR62	B	A	0.3346005082130432
5702	Py40	HR64	B	A	0.5142232179641724
5703	Py40	HR66	B	A	0.4006855487823486
5704	Py40	HR68	B	A	0.3455848693847656
5705	Py40	H3	B	A	0.4197161793708801
5706	Py40	H5	B	A	0.3656999468803406
5707	Py40	H7	B	A	0.3139337301254272
5708	Py40	H11	B	A	0.3657133281230927
5709	Py40	H13	B	A	0.3980755805969238
5710	Py40	H15	B	A	0.4720112085342407
5711	Py40	Han01	B	A	0.4532423615455627
5712	Py40	Han03	B	A	0.4337049722671509
5713	Py40	Han05	B	A	0.4075141549110413
5714	Py40	Han07	B	A	0.4648837149143219
5715	Py40	Han09	B	A	0.4501098394393921
5716	Py40	Han11	B	A	0.4487040936946869
5717	Py40	Han13	B	A	0.4384768605232239
5718	Py40	Han15	B	A	0.4253185987472534
5719	Py40	Han17	B	A	0.4305256009101868
5720	Py40	Han19	B	A	0.4431243240833282
5721	Py40	Han21	B	A	0.4420461058616638
5722	Py40	Han23	B	A	0.4330868721008301
5723	Py40	Han25	B	A	0.4420831501483917
5724	Py40	Han27	B	A	0.441646933555603
5725	Py40	Han29	B	A	0.4599953293800354
5726	Py40	Han31	B	A	0.4548073709011078
5727	Py40	Han33	B	A	0.4735653102397919
5728	Py40	Han35	B	A	0.456978976726532
5729	Py40	Han37	B	A	0.4697031676769257
5730	Py40	Han39	B	A	0.4470110237598419
5731	Py40	Han41	B	A	0.4281752705574036
5732	Py40	Han43	B	A	0.4173741042613983
5733	Py40	Han45	B	A	0.4270455539226532
5734	Py40	Han47	B	A	0.4282597005367279
5735	Py40	Han51	B	A	0.3830575048923492
5736	Py42	Py1	B	A	0.1030222475528717
5737	Py42	Py3	B	A	0.1033079549670219
5738	Py42	Py5	B	A	0.1967806965112686
5739	Py42	Py7	B	A	0.0996260792016983
5740	Py42	Py9	B	A	0.1001137793064117
5741	Py42	Py11	B	A	0.1194263771176338
5742	Py42	Py13	B	A	0.1068842634558678
5743	Py42	Py15	B	A	0.135188102722168
5744	Py42	Py17	B	A	0.1140000969171524
5745	Py42	Py19	B	A	0.2108255326747894
5746	Py42	Py25	B	A	0.2107248604297638
5747	Py42	Py27	B	A	0.1158255040645599
5748	Py42	Py29	B	A	0.1101274788379669
5749	Py42	Py31	B	A	0.1103185787796974
5750	Py42	Py33	B	A	0.125903457403183
5751	Py42	Py35	B	A	0.1031569018959999
5752	Py42	Py37	B	A	0.06826803088188171
5753	Py42	Py39	B	A	0.1004921495914459
5754	Py42	Py41	B	A	0.02534232474863529
5755	Py42	Py43	B	A	0.0661572515964508
5756	Py42	Py45	B	A	0.1562952250242233
5757	Py42	Py47	B	A	0.09154613316059113
5758	Py42	Py51	B	A	0.07308965921401978
5759	Py42	Py55	B	A	0.1466573476791382
5760	Py42	Py57	B	A	0.150423988699913
5761	Py42	Py59	B	A	0.1682287901639938
5762	Py42	Py61	B	A	0.1835313886404037
5763	Py42	Py63	B	A	0.0656386986374855
5764	Py42	Py65	B	A	0.07524804025888443
5765	Py42	Py67	B	A	0.06354574859142303
5766	Py42	Py69	B	A	0.06170371919870377
5767	Py42	Py71	B	A	0.06105493009090424
5768	Py42	Py73	B	A	0.4038524329662323
5769	Py42	Py75	B	A	0.3745722472667694
5770	Py42	Py78	B	A	0.3257733881473541
5771	Py42	Py80	B	A	0.3468385338783264
5772	Py42	Py82	B	A	0.2445577532052994
5773	Py42	Py84	B	A	0.3285354971885681
5774	Py42	Py86	B	A	0.3062277436256409
5775	Py42	Py88	B	A	0.3100635409355164
5776	Py42	HR05	B	A	0.3680554628372192
5777	Py42	HR07	B	A	0.3854045867919922
5778	Py42	HR09	B	A	0.315414160490036
5779	Py42	HR11	B	A	0.3616755604743958
5780	Py42	HR15	B	A	0.4446624517440796
5781	Py42	HR19	B	A	0.3574797213077545
5782	Py42	HR21	B	A	0.3833222389221191
5783	Py42	HR25	B	A	0.4993857443332672
5784	Py42	HR31	B	A	0.4835363328456879
5785	Py42	HR33	B	A	0.399105429649353
5786	Py42	HR37	B	A	0.4205461144447327
5787	Py42	HR47	B	A	0.42815300822258
5788	Py42	HR50	B	A	0.3918941617012024
5789	Py42	HR52	B	A	0.4526369571685791
5790	Py42	HR56	B	A	0.349817305803299
5791	Py42	HR60	B	A	0.3514756858348846
5792	Py42	HR62	B	A	0.3281899094581604
5793	Py42	HR64	B	A	0.5188911557197571
5794	Py42	HR66	B	A	0.4052197933197021
5795	Py42	HR68	B	A	0.3430794179439545
5796	Py42	H3	B	A	0.4237410128116608
5797	Py42	H5	B	A	0.370284229516983
5798	Py42	H7	B	A	0.3224785923957825
5799	Py42	H11	B	A	0.3640247583389282
5800	Py42	H13	B	A	0.3925238251686096
5801	Py42	H15	B	A	0.473945677280426
5802	Py42	Han01	B	A	0.4448344111442566
5803	Py42	Han03	B	A	0.4245646297931671
5804	Py42	Han05	B	A	0.3884834945201874
5805	Py42	Han07	B	A	0.456400454044342
5806	Py42	Han09	B	A	0.4424249231815338
5807	Py42	Han11	B	A	0.440891832113266
5808	Py42	Han13	B	A	0.4290947914123535
5809	Py42	Han15	B	A	0.3952972888946533
5810	Py42	Han17	B	A	0.4212304949760437
5811	Py42	Han19	B	A	0.4342749416828156
5812	Py42	Han21	B	A	0.4312472641468048
5813	Py42	Han23	B	A	0.4235221445560455
5814	Py42	Han25	B	A	0.4339934885501862
5815	Py42	Han27	B	A	0.4337988197803497
5816	Py42	Han29	B	A	0.4516822099685669
5817	Py42	Han31	B	A	0.447258323431015
5818	Py42	Han33	B	A	0.4681914448738098
5819	Py42	Han35	B	A	0.4497110247612
5820	Py42	Han37	B	A	0.463478147983551
5821	Py42	Han39	B	A	0.438565194606781
5822	Py42	Han41	B	A	0.4189526736736298
5823	Py42	Han43	B	A	0.4054657518863678
5824	Py42	Han45	B	A	0.41431725025177
5825	Py42	Han47	B	A	0.421876847743988
5826	Py42	Han51	B	A	0.3741859495639801
5827	Py44	Py1	B	A	0.0812092050909996
5828	Py44	Py3	B	A	0.08166943490505219
5829	Py44	Py5	B	A	0.1511233001947403
5830	Py44	Py7	B	A	0.07983604818582535
5831	Py44	Py9	B	A	0.0797719731926918
5832	Py44	Py11	B	A	0.07052624970674515
5833	Py44	Py13	B	A	0.08818145841360092
5834	Py44	Py15	B	A	0.08057700842618942
5835	Py44	Py17	B	A	0.09241140633821487
5836	Py44	Py19	B	A	0.1489693373441696
5837	Py44	Py25	B	A	0.1443918943405151
5838	Py44	Py27	B	A	0.1018105372786522
5839	Py44	Py29	B	A	0.09774744510650635
5840	Py44	Py31	B	A	0.1111387833952904
5841	Py44	Py33	B	A	0.0969800278544426
5842	Py44	Py35	B	A	0.10091782361269
5843	Py44	Py37	B	A	0.1358815878629684
5844	Py44	Py39	B	A	0.1699549853801727
5845	Py44	Py41	B	A	0.110574372112751
5846	Py44	Py43	B	A	0.03963074460625648
5847	Py44	Py45	B	A	0.07054336369037628
5848	Py44	Py47	B	A	0.0162499938160181
5849	Py44	Py51	B	A	0.1272886991500854
5850	Py44	Py55	B	A	0.07557971775531769
5851	Py44	Py57	B	A	0.08160436153411865
5852	Py44	Py59	B	A	0.1064524948596954
5853	Py44	Py61	B	A	0.1543377637863159
5854	Py44	Py63	B	A	0.1235006004571915
5855	Py44	Py65	B	A	0.1207376420497894
5856	Py44	Py67	B	A	0.1061179116368294
5857	Py44	Py69	B	A	0.1077969744801521
5858	Py44	Py71	B	A	0.1262630522251129
5859	Py44	Py73	B	A	0.4565253853797913
5860	Py44	Py75	B	A	0.4258568584918976
5861	Py44	Py78	B	A	0.3242244124412537
5862	Py44	Py80	B	A	0.3888777196407318
5863	Py44	Py82	B	A	0.2701038718223572
5864	Py44	Py84	B	A	0.3455951809883118
5865	Py44	Py86	B	A	0.3588393032550812
5866	Py44	Py88	B	A	0.3612394034862518
5867	Py44	HR05	B	A	0.3741505742073059
5868	Py44	HR07	B	A	0.3893839418888092
5869	Py44	HR09	B	A	0.3215300738811493
5870	Py44	HR11	B	A	0.3705074489116669
5871	Py44	HR15	B	A	0.4538065195083618
5872	Py44	HR19	B	A	0.3698508441448212
5873	Py44	HR21	B	A	0.3918067812919617
5874	Py44	HR25	B	A	0.5072728991508484
5875	Py44	HR31	B	A	0.4904331862926483
5876	Py44	HR33	B	A	0.4116988182067871
5877	Py44	HR37	B	A	0.4286887049674988
5878	Py44	HR47	B	A	0.4344471096992493
5879	Py44	HR50	B	A	0.4032076299190521
5880	Py44	HR52	B	A	0.4719277322292328
5881	Py44	HR56	B	A	0.3585358262062073
5882	Py44	HR60	B	A	0.3831645846366882
5883	Py44	HR62	B	A	0.3533320724964142
5884	Py44	HR64	B	A	0.5265591144561768
5885	Py44	HR66	B	A	0.4128913879394531
5886	Py44	HR68	B	A	0.3612938523292542
5887	Py44	H3	B	A	0.4311995506286621
5888	Py44	H5	B	A	0.3786289691925049
5889	Py44	H7	B	A	0.3403470814228058
5890	Py44	H11	B	A	0.3820633292198181
5891	Py44	H13	B	A	0.4136065244674683
5892	Py44	H15	B	A	0.4825012683868408
5893	Py44	Han01	B	A	0.4730713367462158
5894	Py44	Han03	B	A	0.4514847695827484
5895	Py44	Han05	B	A	0.4400510191917419
5896	Py44	Han07	B	A	0.4823923707008362
5897	Py44	Han09	B	A	0.4685923457145691
5898	Py44	Han11	B	A	0.4683305323123932
5899	Py44	Han13	B	A	0.4597787857055664
5900	Py44	Han15	B	A	0.4584680497646332
5901	Py44	Han17	B	A	0.4569604992866516
5902	Py44	Han19	B	A	0.4614453315734863
5903	Py44	Han21	B	A	0.4587009251117706
5904	Py44	Han23	B	A	0.4501878917217255
5905	Py44	Han25	B	A	0.4671222567558289
5906	Py44	Han27	B	A	0.4613598585128784
5907	Py44	Han29	B	A	0.4761919379234314
5908	Py44	Han31	B	A	0.4713858366012573
5909	Py44	Han33	B	A	0.4911037385463715
5910	Py44	Han35	B	A	0.474206268787384
5911	Py44	Han37	B	A	0.487328052520752
5912	Py44	Han39	B	A	0.4639041423797607
5913	Py44	Han41	B	A	0.4461332261562347
5914	Py44	Han43	B	A	0.4451481103897095
5915	Py44	Han45	B	A	0.4475748538970947
5916	Py44	Han47	B	A	0.4527460038661957
5917	Py44	Han51	B	A	0.3990654349327087
5918	Py46	Py1	B	A	0.07576622068881989
5919	Py46	Py3	B	A	0.07492532581090927
5920	Py46	Py5	B	A	0.149500697851181
5921	Py46	Py7	B	A	0.07384556531906128
5922	Py46	Py9	B	A	0.07418008148670197
5923	Py46	Py11	B	A	0.06536515802145004
5924	Py46	Py13	B	A	0.08219482004642487
5925	Py46	Py15	B	A	0.07647150009870529
5926	Py46	Py17	B	A	0.08634918928146362
5927	Py46	Py19	B	A	0.1468805372714996
5928	Py46	Py25	B	A	0.1437752842903137
5929	Py46	Py27	B	A	0.09724921733140945
5930	Py46	Py29	B	A	0.09425678849220276
5931	Py46	Py31	B	A	0.1072792038321495
5932	Py46	Py33	B	A	0.0950980931520462
5933	Py46	Py35	B	A	0.09522973001003265
5934	Py46	Py37	B	A	0.1353988796472549
5935	Py46	Py39	B	A	0.1672701090574265
5936	Py46	Py41	B	A	0.1067218109965324
5937	Py46	Py43	B	A	0.04021601006388664
5938	Py46	Py45	B	A	0.06844927370548248
5939	Py46	Py47	B	A	0.01186718884855509
5940	Py46	Py51	B	A	0.1251645386219025
5941	Py46	Py55	B	A	0.0709981843829155
5942	Py46	Py57	B	A	0.07715516537427902
5943	Py46	Py59	B	A	0.1087929233908653
5944	Py46	Py61	B	A	0.1585605889558792
5945	Py46	Py63	B	A	0.1207835674285889
5946	Py46	Py65	B	A	0.1183760911226273
5947	Py46	Py67	B	A	0.103889673948288
5948	Py46	Py69	B	A	0.1058525815606117
5949	Py46	Py71	B	A	0.1252622902393341
5950	Py46	Py73	B	A	0.4570404589176178
5951	Py46	Py75	B	A	0.4269443452358246
5952	Py46	Py78	B	A	0.3241476714611053
5953	Py46	Py80	B	A	0.3888034522533417
5954	Py46	Py82	B	A	0.2727662324905396
5955	Py46	Py84	B	A	0.345497339963913
5956	Py46	Py86	B	A	0.3609501123428345
5957	Py46	Py88	B	A	0.3635556995868683
5958	Py46	HR05	B	A	0.3705083131790161
5959	Py46	HR07	B	A	0.3862694501876831
5960	Py46	HR09	B	A	0.3194572031497955
5961	Py46	HR11	B	A	0.3668302595615387
5962	Py46	HR15	B	A	0.4515907168388367
5963	Py46	HR19	B	A	0.3668282032012939
5964	Py46	HR21	B	A	0.3882969915866852
5965	Py46	HR25	B	A	0.5040662288665771
5966	Py46	HR31	B	A	0.4874774217605591
5967	Py46	HR33	B	A	0.4092987477779388
5968	Py46	HR37	B	A	0.4254052639007568
5969	Py46	HR47	B	A	0.4312205612659454
5970	Py46	HR50	B	A	0.4008191823959351
5971	Py46	HR52	B	A	0.4696586132049561
5972	Py46	HR56	B	A	0.3552670776844025
5973	Py46	HR60	B	A	0.3819387257099152
5974	Py46	HR62	B	A	0.3520929515361786
5975	Py46	HR64	B	A	0.523182213306427
5976	Py46	HR66	B	A	0.4100785255432129
5977	Py46	HR68	B	A	0.3588695526123047
5978	Py46	H3	B	A	0.4279702007770538
5979	Py46	H5	B	A	0.375555545091629
5980	Py46	H7	B	A	0.336737334728241
5981	Py46	H11	B	A	0.3807467222213745
5982	Py46	H13	B	A	0.4117141664028168
5983	Py46	H15	B	A	0.4797101616859436
5984	Py46	Han01	B	A	0.4727576971054077
5985	Py46	Han03	B	A	0.4504128396511078
5986	Py46	Han05	B	A	0.4396804571151733
5987	Py46	Han07	B	A	0.479954332113266
5988	Py46	Han09	B	A	0.4669314324855804
5989	Py46	Han11	B	A	0.4681531190872192
5990	Py46	Han13	B	A	0.4598742723464966
5991	Py46	Han15	B	A	0.4584774971008301
5992	Py46	Han17	B	A	0.456821084022522
5993	Py46	Han19	B	A	0.4605515599250793
5994	Py46	Han21	B	A	0.4567307829856873
5995	Py46	Han23	B	A	0.4494982361793518
5996	Py46	Han25	B	A	0.4672280848026276
5997	Py46	Han27	B	A	0.461225837469101
5998	Py46	Han29	B	A	0.473228394985199
5999	Py46	Han31	B	A	0.4681949317455292
6000	Py46	Han33	B	A	0.4875437617301941
6001	Py46	Han35	B	A	0.4707355499267578
6002	Py46	Han37	B	A	0.4838409125804901
6003	Py46	Han39	B	A	0.4606241583824158
6004	Py46	Han41	B	A	0.4459285140037537
6005	Py46	Han43	B	A	0.4453925788402557
6006	Py46	Han45	B	A	0.4481096863746643
6007	Py46	Han47	B	A	0.4517537653446198
6008	Py46	Han51	B	A	0.3979628384113312
6009	Py48	Py1	B	A	0.1217698380351067
6010	Py48	Py3	B	A	0.1225441619753838
6011	Py48	Py5	B	A	0.1625495105981827
6012	Py48	Py7	B	A	0.1241322606801987
6013	Py48	Py9	B	A	0.1222668066620827
6014	Py48	Py11	B	A	0.09845597296953201
6015	Py48	Py13	B	A	0.1153375878930092
6016	Py48	Py15	B	A	0.1000564098358154
6017	Py48	Py17	B	A	0.133643239736557
6018	Py48	Py19	B	A	0.1352438628673553
6019	Py48	Py25	B	A	0.131324976682663
6020	Py48	Py27	B	A	0.1435873657464981
6021	Py48	Py29	B	A	0.1427352130413055
6022	Py48	Py31	B	A	0.1557752341032028
6023	Py48	Py33	B	A	0.1346471905708313
6024	Py48	Py35	B	A	0.1455027610063553
6025	Py48	Py37	B	A	0.1688344478607178
6026	Py48	Py39	B	A	0.1930136531591415
6027	Py48	Py41	B	A	0.1429800987243652
6028	Py48	Py43	B	A	0.08055495470762253
6029	Py48	Py45	B	A	0.05008687078952789
6030	Py48	Py47	B	A	0.06891697645187378
6031	Py48	Py51	B	A	0.1575133949518204
6032	Py48	Py55	B	A	0.06450720876455307
6033	Py48	Py57	B	A	0.0706421509385109
6034	Py48	Py59	B	A	0.0896742045879364
6035	Py48	Py61	B	A	0.1364374756813049
6036	Py48	Py63	B	A	0.1550638973712921
6037	Py48	Py65	B	A	0.1547725796699524
6038	Py48	Py67	B	A	0.1449041664600372
6039	Py48	Py69	B	A	0.1442055106163025
6040	Py48	Py71	B	A	0.1604444682598114
6041	Py48	Py73	B	A	0.4615533947944641
6042	Py48	Py75	B	A	0.4301062524318695
6043	Py48	Py78	B	A	0.3324542045593262
6044	Py48	Py80	B	A	0.3973929584026337
6045	Py48	Py82	B	A	0.2683099508285522
6046	Py48	Py84	B	A	0.3541168868541718
6047	Py48	Py86	B	A	0.363048255443573
6048	Py48	Py88	B	A	0.3667799234390259
6049	Py48	HR05	B	A	0.3905204832553864
6050	Py48	HR07	B	A	0.4044528007507324
6051	Py48	HR09	B	A	0.336893767118454
6052	Py48	HR11	B	A	0.3895024061203003
6053	Py48	HR15	B	A	0.4676820933818817
6054	Py48	HR19	B	A	0.3894672989845276
6055	Py48	HR21	B	A	0.4106848239898682
6056	Py48	HR25	B	A	0.5217903852462769
6057	Py48	HR31	B	A	0.5051298141479492
6058	Py48	HR33	B	A	0.4261786639690399
6059	Py48	HR37	B	A	0.4419033527374268
6060	Py48	HR47	B	A	0.4486954808235168
6061	Py48	HR50	B	A	0.4165912270545959
6062	Py48	HR52	B	A	0.4843366146087646
6063	Py48	HR56	B	A	0.3758002519607544
6064	Py48	HR60	B	A	0.3942895531654358
6065	Py48	HR62	B	A	0.3645650148391724
6066	Py48	HR64	B	A	0.5393157005310059
6067	Py48	HR66	B	A	0.4266032576560974
6068	Py48	HR68	B	A	0.3745552003383636
6069	Py48	H3	B	A	0.4463851451873779
6070	Py48	H5	B	A	0.393239438533783
6071	Py48	H7	B	A	0.3592303097248077
6072	Py48	H11	B	A	0.3951241075992584
6073	Py48	H13	B	A	0.4266338050365448
6074	Py48	H15	B	A	0.4965817928314209
6075	Py48	Han01	B	A	0.485890120267868
6076	Py48	Han03	B	A	0.4670345485210419
6077	Py48	Han05	B	A	0.4496830701828003
6078	Py48	Han07	B	A	0.4970729351043701
6079	Py48	Han09	B	A	0.482638418674469
6080	Py48	Han11	B	A	0.4808671474456787
6081	Py48	Han13	B	A	0.4707578122615814
6082	Py48	Han15	B	A	0.4697366058826447
6083	Py48	Han17	B	A	0.4663987755775452
6084	Py48	Han19	B	A	0.4756800532341003
6085	Py48	Han21	B	A	0.4722969532012939
6086	Py48	Han23	B	A	0.464243471622467
6087	Py48	Han25	B	A	0.4774393141269684
6088	Py48	Han27	B	A	0.4742091298103333
6089	Py48	Han29	B	A	0.4906601309776306
6090	Py48	Han31	B	A	0.4864674806594849
6091	Py48	Han33	B	A	0.5061559081077576
6092	Py48	Han35	B	A	0.4893069863319397
6093	Py48	Han37	B	A	0.5024034380912781
6094	Py48	Han39	B	A	0.4792419672012329
6095	Py48	Han41	B	A	0.4601642191410065
6096	Py48	Han43	B	A	0.4540542960166931
6097	Py48	Han45	B	A	0.4563173651695251
6098	Py48	Han47	B	A	0.4671325981616974
6099	Py48	Han51	B	A	0.4093594551086426
6100	Py52	Py1	B	A	0.1225504949688911
6101	Py52	Py3	B	A	0.1282553821802139
6102	Py52	Py5	B	A	0.2455343455076218
6103	Py52	Py7	B	A	0.1150430664420128
6104	Py52	Py9	B	A	0.1132183596491814
6105	Py52	Py11	B	A	0.1593351662158966
6106	Py52	Py13	B	A	0.1159109696745872
6107	Py52	Py15	B	A	0.1706126630306244
6108	Py52	Py17	B	A	0.1320955604314804
6109	Py52	Py19	B	A	0.2520506978034973
6110	Py52	Py25	B	A	0.2516874670982361
6111	Py52	Py27	B	A	0.1517684310674667
6112	Py52	Py29	B	A	0.1358025819063187
6113	Py52	Py31	B	A	0.134285181760788
6114	Py52	Py33	B	A	0.1673960536718369
6115	Py52	Py35	B	A	0.1272715032100677
6116	Py52	Py37	B	A	0.1041480973362923
6117	Py52	Py39	B	A	0.05888604745268822
6118	Py52	Py41	B	A	0.07076160609722137
6119	Py52	Py43	B	A	0.1024351418018341
6120	Py52	Py45	B	A	0.1947944611310959
6121	Py52	Py47	B	A	0.1323657333850861
6122	Py52	Py51	B	A	0.02248555049300194
6123	Py52	Py55	B	A	0.1814440935850143
6124	Py52	Py57	B	A	0.1833062469959259
6125	Py52	Py59	B	A	0.2016531676054001
6126	Py52	Py61	B	A	0.2267642021179199
6127	Py52	Py63	B	A	0.05909183621406555
6128	Py52	Py65	B	A	0.05060342326760292
6129	Py52	Py67	B	A	0.0785839632153511
6130	Py52	Py69	B	A	0.08927395939826965
6131	Py52	Py71	B	A	0.0759798139333725
6132	Py52	Py73	B	A	0.4007079005241394
6133	Py52	Py75	B	A	0.3745599389076233
6134	Py52	Py78	B	A	0.3384904265403748
6135	Py52	Py80	B	A	0.3373731076717377
6136	Py52	Py82	B	A	0.2555149495601654
6137	Py52	Py84	B	A	0.3423202633857727
6138	Py52	Py86	B	A	0.3116405308246613
6139	Py52	Py88	B	A	0.3109803795814514
6140	Py52	HR05	B	A	0.3440881967544556
6141	Py52	HR07	B	A	0.36063551902771
6142	Py52	HR09	B	A	0.2911987006664276
6143	Py52	HR11	B	A	0.3414044380187988
6144	Py52	HR15	B	A	0.4235572814941406
6145	Py52	HR19	B	A	0.3384073078632355
6146	Py52	HR21	B	A	0.3624275922775269
6147	Py52	HR25	B	A	0.4788293838500977
6148	Py52	HR31	B	A	0.4632115364074707
6149	Py52	HR33	B	A	0.3787688016891479
6150	Py52	HR37	B	A	0.3994725346565247
6151	Py52	HR47	B	A	0.4072698056697845
6152	Py52	HR50	B	A	0.3706204295158386
6153	Py52	HR52	B	A	0.4365061521530151
6154	Py52	HR56	B	A	0.3343989849090576
6155	Py52	HR60	B	A	0.3506535887718201
6156	Py52	HR62	B	A	0.3147353529930115
6157	Py52	HR64	B	A	0.4980145692825317
6158	Py52	HR66	B	A	0.386173814535141
6159	Py52	HR68	B	A	0.325150340795517
6160	Py52	H3	B	A	0.4028129875659943
6161	Py52	H5	B	A	0.3483012020587921
6162	Py52	H7	B	A	0.2961601316928864
6163	Py52	H11	B	A	0.3443180620670319
6164	Py52	H13	B	A	0.3776113390922546
6165	Py52	H15	B	A	0.4528650641441345
6166	Py52	Han01	B	A	0.4290529787540436
6167	Py52	Han03	B	A	0.4088268578052521
6168	Py52	Han05	B	A	0.3672593235969543
6169	Py52	Han07	B	A	0.4404040575027466
6170	Py52	Han09	B	A	0.4259578287601471
6171	Py52	Han11	B	A	0.4244127571582794
6172	Py52	Han13	B	A	0.4140094816684723
6173	Py52	Han15	B	A	0.3857382535934448
6174	Py52	Han17	B	A	0.4059083461761475
6175	Py52	Han19	B	A	0.4185133576393127
6176	Py52	Han21	B	A	0.4165085852146149
6177	Py52	Han23	B	A	0.4079942107200623
6178	Py52	Han25	B	A	0.417365163564682
6179	Py52	Han27	B	A	0.4170137643814087
6180	Py52	Han29	B	A	0.4354593455791473
6181	Py52	Han31	B	A	0.4308653771877289
6182	Py52	Han33	B	A	0.4504233598709106
6183	Py52	Han35	B	A	0.4332546293735504
6184	Py52	Han37	B	A	0.4461118578910828
6185	Py52	Han39	B	A	0.4235053956508636
6186	Py52	Han41	B	A	0.40406733751297
6187	Py52	Han43	B	A	0.3910623788833618
6188	Py52	Han45	B	A	0.4006738066673279
6189	Py52	Han47	B	A	0.3961231410503387
6190	Py52	Han51	B	A	0.3762638866901398
6191	Py54	Py1	B	A	0.09208743274211884
6192	Py54	Py3	B	A	0.08867427706718445
6193	Py54	Py5	B	A	0.1464972943067551
6194	Py54	Py7	B	A	0.08504264056682587
6195	Py54	Py9	B	A	0.08499760180711746
6196	Py54	Py11	B	A	0.05951004102826118
6197	Py54	Py13	B	A	0.08074350655078888
6198	Py54	Py15	B	A	0.070775605738163
6199	Py54	Py17	B	A	0.09153315424919128
6200	Py54	Py19	B	A	0.1179814785718918
6201	Py54	Py25	B	A	0.1188436970114708
6202	Py54	Py27	B	A	0.08739575743675232
6203	Py54	Py29	B	A	0.1004551500082016
6204	Py54	Py31	B	A	0.1038447543978691
6205	Py54	Py33	B	A	0.08148635178804398
6206	Py54	Py35	B	A	0.102531261742115
6207	Py54	Py37	B	A	0.1585621982812881
6208	Py54	Py39	B	A	0.1873992830514908
6209	Py54	Py41	B	A	0.1234857589006424
6210	Py54	Py43	B	A	0.07577065378427505
6211	Py54	Py45	B	A	0.0753474310040474
6212	Py54	Py47	B	A	0.05252464860677719
6213	Py54	Py51	B	A	0.1420793831348419
6214	Py54	Py55	B	A	0.03476576134562492
6215	Py54	Py57	B	A	0.03917515277862549
6216	Py54	Py59	B	A	0.0994056835770607
6217	Py54	Py61	B	A	0.1573930829763412
6218	Py54	Py63	B	A	0.1230451390147209
6219	Py54	Py65	B	A	0.1205572634935379
6220	Py54	Py67	B	A	0.1109268888831139
6221	Py54	Py69	B	A	0.1099139079451561
6222	Py54	Py71	B	A	0.1312368214130402
6223	Py54	Py73	B	A	0.4657025039196014
6224	Py54	Py75	B	A	0.4345565140247345
6225	Py54	Py78	B	A	0.3360370397567749
6226	Py54	Py80	B	A	0.4059475064277649
6227	Py54	Py82	B	A	0.2931186556816101
6228	Py54	Py84	B	A	0.3639259934425354
6229	Py54	Py86	B	A	0.3818241059780121
6230	Py54	Py88	B	A	0.3846895694732666
6231	Py54	HR05	B	A	0.3715826272964478
6232	Py54	HR07	B	A	0.3845922350883484
6233	Py54	HR09	B	A	0.3195388913154602
6234	Py54	HR11	B	A	0.3658853769302368
6235	Py54	HR15	B	A	0.4533257484436035
6236	Py54	HR19	B	A	0.3694289028644562
6237	Py54	HR21	B	A	0.3872843980789185
6238	Py54	HR25	B	A	0.504037618637085
6239	Py54	HR31	B	A	0.4874229431152344
6240	Py54	HR33	B	A	0.4111631214618683
6241	Py54	HR37	B	A	0.4248360097408295
6242	Py54	HR47	B	A	0.4305776357650757
6243	Py54	HR50	B	A	0.4026025533676147
6244	Py54	HR52	B	A	0.4730890989303589
6245	Py54	HR56	B	A	0.3602699935436249
6246	Py54	HR60	B	A	0.3871293365955353
6247	Py54	HR62	B	A	0.3585484623908997
6248	Py54	HR64	B	A	0.5224827527999878
6249	Py54	HR66	B	A	0.4105461537837982
6250	Py54	HR68	B	A	0.3630734384059906
6251	Py54	H3	B	A	0.427279531955719
6252	Py54	H5	B	A	0.3781346678733826
6253	Py54	H7	B	A	0.3394622206687927
6254	Py54	H11	B	A	0.3885446190834045
6255	Py54	H13	B	A	0.4156327843666077
6256	Py54	H15	B	A	0.4778231084346771
6257	Py54	Han01	B	A	0.4859681129455566
6258	Py54	Han03	B	A	0.4635824859142303
6259	Py54	Han05	B	A	0.4485766291618347
6260	Py54	Han07	B	A	0.4907019138336182
6261	Py54	Han09	B	A	0.4798390865325928
6262	Py54	Han11	B	A	0.4816034436225891
6263	Py54	Han13	B	A	0.4741362631320953
6264	Py54	Han15	B	A	0.4679897129535675
6265	Py54	Han17	B	A	0.4709473848342896
6266	Py54	Han19	B	A	0.4738576710224152
6267	Py54	Han21	B	A	0.4670606255531311
6268	Py54	Han23	B	A	0.462673008441925
6269	Py54	Han25	B	A	0.48128342628479
6270	Py54	Han27	B	A	0.475240558385849
6271	Py54	Han29	B	A	0.4810377359390259
6272	Py54	Han31	B	A	0.4753482937812805
6273	Py54	Han33	B	A	0.4946933388710022
6274	Py54	Han35	B	A	0.4799762368202209
6275	Py54	Han37	B	A	0.4918067455291748
6276	Py54	Han39	B	A	0.4710958003997803
6277	Py54	Han41	B	A	0.4591912925243378
6278	Py54	Han43	B	A	0.4587414562702179
6279	Py54	Han45	B	A	0.4587569534778595
6280	Py54	Han47	B	A	0.4632101953029633
6281	Py54	Han51	B	A	0.3946255147457123
6282	Py56	Py1	B	A	0.1220777705311775
6283	Py56	Py3	B	A	0.1184904724359512
6284	Py56	Py5	B	A	0.1573486626148224
6285	Py56	Py7	B	A	0.1163860633969307
6286	Py56	Py9	B	A	0.115487203001976
6287	Py56	Py11	B	A	0.08725547045469284
6288	Py56	Py13	B	A	0.1044448986649513
6289	Py56	Py15	B	A	0.08788979053497314
6290	Py56	Py17	B	A	0.12209153175354
6291	Py56	Py19	B	A	0.1071963757276535
6292	Py56	Py25	B	A	0.102025955915451
6293	Py56	Py27	B	A	0.118722066283226
6294	Py56	Py29	B	A	0.1316993534564972
6295	Py56	Py31	B	A	0.1342813968658447
6296	Py56	Py33	B	A	0.1078349426388741
6297	Py56	Py35	B	A	0.133608490228653
6298	Py56	Py37	B	A	0.1855511516332626
6299	Py56	Py39	B	A	0.2158314883708954
6300	Py56	Py41	B	A	0.1557242274284363
6301	Py56	Py43	B	A	0.1051433086395264
6302	Py56	Py45	B	A	0.06529971957206726
6303	Py56	Py47	B	A	0.08070053160190582
6304	Py56	Py51	B	A	0.1746194958686829
6305	Py56	Py55	B	A	0.01858686283230782
6306	Py56	Py57	B	A	0.01206525973975658
6307	Py56	Py59	B	A	0.08370839059352875
6308	Py56	Py61	B	A	0.1500544846057892
6309	Py56	Py63	B	A	0.1538503170013428
6310	Py56	Py65	B	A	0.1520189344882965
6311	Py56	Py67	B	A	0.1437040865421295
6312	Py56	Py69	B	A	0.1350983679294586
6313	Py56	Py71	B	A	0.1635667085647583
6314	Py56	Py73	B	A	0.4772763848304749
6315	Py56	Py75	B	A	0.4470035433769226
6316	Py56	Py78	B	A	0.3500524759292603
6317	Py56	Py80	B	A	0.4186112880706787
6318	Py56	Py82	B	A	0.3046896159648895
6319	Py56	Py84	B	A	0.3777308166027069
6320	Py56	Py86	B	A	0.3962612748146057
6321	Py56	Py88	B	A	0.3988848030567169
6322	Py56	HR05	B	A	0.3809091448783875
6323	Py56	HR07	B	A	0.3931092619895935
6324	Py56	HR09	B	A	0.3283222913742065
6325	Py56	HR11	B	A	0.3768970966339111
6326	Py56	HR15	B	A	0.46209317445755
6327	Py56	HR19	B	A	0.3834826946258545
6328	Py56	HR21	B	A	0.3990011513233185
6329	Py56	HR25	B	A	0.5135190486907959
6330	Py56	HR31	B	A	0.4968955814838409
6331	Py56	HR33	B	A	0.4206824898719788
6332	Py56	HR37	B	A	0.4345877170562744
6333	Py56	HR47	B	A	0.4401577115058899
6334	Py56	HR50	B	A	0.4115706980228424
6335	Py56	HR52	B	A	0.4827690720558167
6336	Py56	HR56	B	A	0.3723658919334412
6337	Py56	HR60	B	A	0.3977323770523071
6338	Py56	HR62	B	A	0.3696362972259521
6339	Py56	HR64	B	A	0.5321615934371948
6340	Py56	HR66	B	A	0.4189833402633667
6341	Py56	HR68	B	A	0.3720687627792358
6342	Py56	H3	B	A	0.4384391307830811
6343	Py56	H5	B	A	0.3885034322738647
6344	Py56	H7	B	A	0.3545409440994263
6345	Py56	H11	B	A	0.3987587094306946
6346	Py56	H13	B	A	0.4250625669956207
6347	Py56	H15	B	A	0.4866845905780792
6348	Py56	Han01	B	A	0.4976223409175873
6349	Py56	Han03	B	A	0.4751379489898682
6350	Py56	Han05	B	A	0.462841123342514
6351	Py56	Han07	B	A	0.5022888779640198
6352	Py56	Han09	B	A	0.4914668798446655
6353	Py56	Han11	B	A	0.4929544031620026
6354	Py56	Han13	B	A	0.4857485592365265
6355	Py56	Han15	B	A	0.4832736849784851
6356	Py56	Han17	B	A	0.4827126860618591
6357	Py56	Han19	B	A	0.4853203892707825
6358	Py56	Han21	B	A	0.4786323010921478
6359	Py56	Han23	B	A	0.4741799235343933
6360	Py56	Han25	B	A	0.4927880465984344
6361	Py56	Han27	B	A	0.4865530133247375
6362	Py56	Han29	B	A	0.4925815761089325
6363	Py56	Han31	B	A	0.4865595996379852
6364	Py56	Han33	B	A	0.5057820081710815
6365	Py56	Han35	B	A	0.4912519454956055
6366	Py56	Han37	B	A	0.5029997229576111
6367	Py56	Han39	B	A	0.4825087785720825
6368	Py56	Han41	B	A	0.4706437587738037
6369	Py56	Han43	B	A	0.4700120985507965
6370	Py56	Han45	B	A	0.4704753160476685
6371	Py56	Han47	B	A	0.4774654507637024
6372	Py56	Han51	B	A	0.401606410741806
6373	Py58	Py1	B	A	0.1271546930074692
6374	Py58	Py3	B	A	0.1225141733884811
6375	Py58	Py5	B	A	0.1544867753982544
6376	Py58	Py7	B	A	0.1197932213544846
6377	Py58	Py9	B	A	0.1187490150332451
6378	Py58	Py11	B	A	0.09146711230278015
6379	Py58	Py13	B	A	0.11109708994627
6380	Py58	Py15	B	A	0.09155769646167755
6381	Py58	Py17	B	A	0.126570999622345
6382	Py58	Py19	B	A	0.1043609455227852
6383	Py58	Py25	B	A	0.1015252768993378
6384	Py58	Py27	B	A	0.122744657099247
6385	Py58	Py29	B	A	0.1358260959386826
6386	Py58	Py31	B	A	0.1388392746448517
6387	Py58	Py33	B	A	0.1125268563628197
6388	Py58	Py35	B	A	0.1381330341100693
6389	Py58	Py37	B	A	0.1920575201511383
6390	Py58	Py39	B	A	0.222261369228363
6391	Py58	Py41	B	A	0.160204216837883
6392	Py58	Py43	B	A	0.1110777035355568
6393	Py58	Py45	B	A	0.06316758692264557
6394	Py58	Py47	B	A	0.08673850446939468
6395	Py58	Py51	B	A	0.1792019903659821
6396	Py58	Py55	B	A	0.01960006728768349
6397	Py58	Py57	B	A	0.01991276815533638
6398	Py58	Py59	B	A	0.07826904952526093
6399	Py58	Py61	B	A	0.1481856256723404
6400	Py58	Py63	B	A	0.1575956046581268
6401	Py58	Py65	B	A	0.1557661890983582
6402	Py58	Py67	B	A	0.147230863571167
6403	Py58	Py69	B	A	0.1389741152524948
6404	Py58	Py71	B	A	0.1671912670135498
6405	Py58	Py73	B	A	0.4786359667778015
6406	Py58	Py75	B	A	0.4490447342395782
6407	Py58	Py78	B	A	0.3512270152568817
6408	Py58	Py80	B	A	0.4207541048526764
6409	Py58	Py82	B	A	0.3060052394866943
6410	Py58	Py84	B	A	0.3794869184494019
6411	Py58	Py86	B	A	0.398656815290451
6412	Py58	Py88	B	A	0.4013727903366089
6413	Py58	HR05	B	A	0.3843704462051392
6414	Py58	HR07	B	A	0.3951351046562195
6415	Py58	HR09	B	A	0.3303434550762177
6416	Py58	HR11	B	A	0.381582111120224
6417	Py58	HR15	B	A	0.463974803686142
6418	Py58	HR19	B	A	0.3877403140068054
6419	Py58	HR21	B	A	0.4035050868988037
6420	Py58	HR25	B	A	0.515537440776825
6421	Py58	HR31	B	A	0.498709112405777
6422	Py58	HR33	B	A	0.4225180149078369
6423	Py58	HR37	B	A	0.4362718164920807
6424	Py58	HR47	B	A	0.4418240785598755
6425	Py58	HR50	B	A	0.4139184653759003
6426	Py58	HR52	B	A	0.4842784702777863
6427	Py58	HR56	B	A	0.3747222423553467
6428	Py58	HR60	B	A	0.3993536233901978
6429	Py58	HR62	B	A	0.3707209527492523
6430	Py58	HR64	B	A	0.5337349772453308
6431	Py58	HR66	B	A	0.4208859801292419
6432	Py58	HR68	B	A	0.3737514913082123
6433	Py58	H3	B	A	0.4397715330123901
6434	Py58	H5	B	A	0.3900856077671051
6435	Py58	H7	B	A	0.358721137046814
6436	Py58	H11	B	A	0.4000800549983978
6437	Py58	H13	B	A	0.4264744818210602
6438	Py58	H15	B	A	0.4881135225296021
6439	Py58	Han01	B	A	0.4987421929836273
6440	Py58	Han03	B	A	0.4759698212146759
6441	Py58	Han05	B	A	0.4652064442634583
6442	Py58	Han07	B	A	0.503203809261322
6443	Py58	Han09	B	A	0.4925132393836975
6444	Py58	Han11	B	A	0.4940221309661865
6445	Py58	Han13	B	A	0.486400842666626
6446	Py58	Han15	B	A	0.4855773448944092
6447	Py58	Han17	B	A	0.4836511611938477
6448	Py58	Han19	B	A	0.4864073395729065
6449	Py58	Han21	B	A	0.4796137809753418
6450	Py58	Han23	B	A	0.4749581515789032
6451	Py58	Han25	B	A	0.493452250957489
6452	Py58	Han27	B	A	0.4873368442058563
6453	Py58	Han29	B	A	0.4933215379714966
6454	Py58	Han31	B	A	0.4874924421310425
6455	Py58	Han33	B	A	0.5070780515670776
6456	Py58	Han35	B	A	0.4920832812786102
6457	Py58	Han37	B	A	0.5043056011199951
6458	Py58	Han39	B	A	0.4834092855453491
6459	Py58	Han41	B	A	0.4714279174804688
6460	Py58	Han43	B	A	0.4710043668746948
6461	Py58	Han45	B	A	0.4713302850723267
6462	Py58	Han47	B	A	0.4798492789268494
6463	Py58	Han51	B	A	0.4039418995380402
6464	Py62	Py1	B	A	0.0955798327922821
6465	Py62	Py3	B	A	0.09926417469978333
6466	Py62	Py5	B	A	0.1965357959270477
6467	Py62	Py7	B	A	0.0895499661564827
6468	Py62	Py9	B	A	0.09123646467924118
6469	Py62	Py11	B	A	0.1101183667778969
6470	Py62	Py13	B	A	0.0991913229227066
6471	Py62	Py15	B	A	0.1297656893730164
6472	Py62	Py17	B	A	0.1050451323390007
6473	Py62	Py19	B	A	0.1891284883022308
6474	Py62	Py25	B	A	0.1766579449176788
6475	Py62	Py27	B	A	0.09172557294368744
6476	Py62	Py29	B	A	0.1023694947361946
6477	Py62	Py31	B	A	0.09088128060102463
6478	Py62	Py33	B	A	0.1028739213943481
6479	Py62	Py35	B	A	0.09335959702730179
6480	Py62	Py37	B	A	0.09098871052265167
6481	Py62	Py39	B	A	0.1167170628905296
6482	Py62	Py41	B	A	0.05945052951574326
6483	Py62	Py43	B	A	0.07174685597419739
6484	Py62	Py45	B	A	0.158923014998436
6485	Py62	Py47	B	A	0.09680557250976562
6486	Py62	Py51	B	A	0.07579828053712845
6487	Py62	Py55	B	A	0.1323584616184235
6488	Py62	Py57	B	A	0.1294857710599899
6489	Py62	Py59	B	A	0.1504906862974167
6490	Py62	Py61	B	A	0.1817176938056946
6491	Py62	Py63	B	A	0.04266754910349846
6492	Py62	Py65	B	A	0.0415385402739048
6493	Py62	Py67	B	A	0.03195725381374359
6494	Py62	Py69	B	A	0.0138916103169322
6495	Py62	Py71	B	A	0.04091331735253334
6496	Py62	Py73	B	A	0.4216444194316864
6497	Py62	Py75	B	A	0.3898321688175201
6498	Py62	Py78	B	A	0.3260785341262817
6499	Py62	Py80	B	A	0.3642208576202393
6500	Py62	Py82	B	A	0.2518487870693207
6501	Py62	Py84	B	A	0.336186945438385
6502	Py62	Py86	B	A	0.3324092626571655
6503	Py62	Py88	B	A	0.3367234170436859
6504	Py62	HR05	B	A	0.3653866350650787
6505	Py62	HR07	B	A	0.3813117444515228
6506	Py62	HR09	B	A	0.3120332360267639
6507	Py62	HR11	B	A	0.3609858751296997
6508	Py62	HR15	B	A	0.4446036219596863
6509	Py62	HR19	B	A	0.3571503162384033
6510	Py62	HR21	B	A	0.3827450275421143
6511	Py62	HR25	B	A	0.4983486235141754
6512	Py62	HR31	B	A	0.4822637140750885
6513	Py62	HR33	B	A	0.4001201987266541
6514	Py62	HR37	B	A	0.4193169176578522
6515	Py62	HR47	B	A	0.4268981218338013
6516	Py62	HR50	B	A	0.3919657766819
6517	Py62	HR52	B	A	0.4577006697654724
6518	Py62	HR56	B	A	0.3500643968582153
6519	Py62	HR60	B	A	0.3594993948936462
6520	Py62	HR62	B	A	0.3346346616744995
6521	Py62	HR64	B	A	0.5175853967666626
6522	Py62	HR66	B	A	0.404293030500412
6523	Py62	HR68	B	A	0.346086710691452
6524	Py62	H3	B	A	0.4230355620384216
6525	Py62	H5	B	A	0.3696799278259277
6526	Py62	H7	B	A	0.3226358890533447
6527	Py62	H11	B	A	0.365761786699295
6528	Py62	H13	B	A	0.3990219235420227
6529	Py62	H15	B	A	0.4737863540649414
6530	Py62	Han01	B	A	0.4527507126331329
6531	Py62	Han03	B	A	0.431846410036087
6532	Py62	Han05	B	A	0.3976180553436279
6533	Py62	Han07	B	A	0.4638830125331879
6534	Py62	Han09	B	A	0.4502538740634918
6535	Py62	Han11	B	A	0.4488887190818787
6536	Py62	Han13	B	A	0.4373622536659241
6537	Py62	Han15	B	A	0.414339005947113
6538	Py62	Han17	B	A	0.4300482571125031
6539	Py62	Han19	B	A	0.4419039487838745
6540	Py62	Han21	B	A	0.4389033615589142
6541	Py62	Han23	B	A	0.4313230514526367
6542	Py62	Han25	B	A	0.4416563808917999
6543	Py62	Han27	B	A	0.4408110976219177
6544	Py62	Han29	B	A	0.4574738442897797
6545	Py62	Han31	B	A	0.4536016285419464
6546	Py62	Han33	B	A	0.4744203686714172
6547	Py62	Han35	B	A	0.4559723734855652
6548	Py62	Han37	B	A	0.4701038599014282
6549	Py62	Han39	B	A	0.445343554019928
6550	Py62	Han41	B	A	0.4262526333332062
6551	Py62	Han43	B	A	0.4143210053443909
6552	Py62	Han45	B	A	0.4225847125053406
6553	Py62	Han47	B	A	0.4269406497478485
6554	Py62	Han51	B	A	0.3599812686443329
6555	Py64	Py1	B	A	0.1063210591673851
6556	Py64	Py3	B	A	0.1126357614994049
6557	Py64	Py5	B	A	0.2105611264705658
6558	Py64	Py7	B	A	0.09095758199691772
6559	Py64	Py9	B	A	0.09150650352239609
6560	Py64	Py11	B	A	0.12623430788517
6561	Py64	Py13	B	A	0.09786168485879898
6562	Py64	Py15	B	A	0.1441646963357925
6563	Py64	Py17	B	A	0.106066107749939
6564	Py64	Py19	B	A	0.2039170861244202
6565	Py64	Py25	B	A	0.1992080956697464
6566	Py64	Py27	B	A	0.1074380874633789
6567	Py64	Py29	B	A	0.1109296604990959
6568	Py64	Py31	B	A	0.09531539678573608
6569	Py64	Py33	B	A	0.1180282011628151
6570	Py64	Py35	B	A	0.09956679493188858
6571	Py64	Py37	B	A	0.08590113371610641
6572	Py64	Py39	B	A	0.09448019415140152
6573	Py64	Py41	B	A	0.04642976447939873
6574	Py64	Py43	B	A	0.08644545078277588
6575	Py64	Py45	B	A	0.1732239425182343
6576	Py64	Py47	B	A	0.1134065389633179
6577	Py64	Py51	B	A	0.05971189588308334
6578	Py64	Py55	B	A	0.1502325683832169
6579	Py64	Py57	B	A	0.1526369005441666
6580	Py64	Py59	B	A	0.1692215949296951
6581	Py64	Py61	B	A	0.1940328478813171
6582	Py64	Py63	B	A	0.01847152039408684
6583	Py64	Py65	B	A	0.02908832207322121
6584	Py64	Py67	B	A	0.02804483287036419
6585	Py64	Py69	B	A	0.03407730162143707
6586	Py64	Py71	B	A	0.02403616905212402
6587	Py64	Py73	B	A	0.4076035916805267
6588	Py64	Py75	B	A	0.3758203685283661
6589	Py64	Py78	B	A	0.3288856148719788
6590	Py64	Py80	B	A	0.3515618443489075
6591	Py64	Py82	B	A	0.2496307343244553
6592	Py64	Py84	B	A	0.3311432898044586
6593	Py64	Py86	B	A	0.318322479724884
6594	Py64	Py88	B	A	0.3245680630207062
6595	Py64	HR05	B	A	0.3617016077041626
6596	Py64	HR07	B	A	0.3787164688110352
6597	Py64	HR09	B	A	0.308806836605072
6598	Py64	HR11	B	A	0.35783851146698
6599	Py64	HR15	B	A	0.4416031241416931
6600	Py64	HR19	B	A	0.3541662693023682
6601	Py64	HR21	B	A	0.3791548311710358
6602	Py64	HR25	B	A	0.4944600164890289
6603	Py64	HR31	B	A	0.4784793257713318
6604	Py64	HR33	B	A	0.3958376348018646
6605	Py64	HR37	B	A	0.4159300923347473
6606	Py64	HR47	B	A	0.4234781563282013
6607	Py64	HR50	B	A	0.3889184892177582
6608	Py64	HR52	B	A	0.4517981708049774
6609	Py64	HR56	B	A	0.3469729423522949
6610	Py64	HR60	B	A	0.352317750453949
6611	Py64	HR62	B	A	0.3287881910800934
6612	Py64	HR64	B	A	0.5143186450004578
6613	Py64	HR66	B	A	0.4020262360572815
6614	Py64	HR68	B	A	0.3407107293605804
6615	Py64	H3	B	A	0.4197326004505157
6616	Py64	H5	B	A	0.3662795126438141
6617	Py64	H7	B	A	0.3156971633434296
6618	Py64	H11	B	A	0.3612541258335114
6619	Py64	H13	B	A	0.3938217461109161
6620	Py64	H15	B	A	0.4702707231044769
6621	Py64	Han01	B	A	0.4450591206550598
6622	Py64	Han03	B	A	0.424077183008194
6623	Py64	Han05	B	A	0.3792239129543304
6624	Py64	Han07	B	A	0.4563583433628082
6625	Py64	Han09	B	A	0.4426971673965454
6626	Py64	Han11	B	A	0.4412993490695953
6627	Py64	Han13	B	A	0.4296723008155823
6628	Py64	Han15	B	A	0.3961485028266907
6629	Py64	Han17	B	A	0.4213996529579163
6630	Py64	Han19	B	A	0.4344173073768616
6631	Py64	Han21	B	A	0.4313331544399261
6632	Py64	Han23	B	A	0.4235883057117462
6633	Py64	Han25	B	A	0.4341250956058502
6634	Py64	Han27	B	A	0.433394193649292
6635	Py64	Han29	B	A	0.4504627883434296
6636	Py64	Han31	B	A	0.4463471472263336
6637	Py64	Han33	B	A	0.4671828746795654
6638	Py64	Han35	B	A	0.4486900269985199
6639	Py64	Han37	B	A	0.4627354741096497
6640	Py64	Han39	B	A	0.437664121389389
6641	Py64	Han41	B	A	0.4186000823974609
6642	Py64	Han43	B	A	0.4052727818489075
6643	Py64	Han45	B	A	0.4145168662071228
6644	Py64	Han47	B	A	0.4159867167472839
6645	Py64	Han51	B	A	0.3616265058517456
6646	Py66	Py1	B	A	0.1113566011190414
6647	Py66	Py3	B	A	0.1174435466527939
6648	Py66	Py5	B	A	0.2212831377983093
6649	Py66	Py7	B	A	0.09409621357917786
6650	Py66	Py9	B	A	0.09072820842266083
6651	Py66	Py11	B	A	0.134896844625473
6652	Py66	Py13	B	A	0.09545695781707764
6653	Py66	Py15	B	A	0.1520287543535233
6654	Py66	Py17	B	A	0.1099290922284126
6655	Py66	Py19	B	A	0.2124640941619873
6656	Py66	Py25	B	A	0.2098397016525269
6657	Py66	Py27	B	A	0.115747831761837
6658	Py66	Py29	B	A	0.1170244887471199
6659	Py66	Py31	B	A	0.1021976694464684
6660	Py66	Py33	B	A	0.1275840401649475
6661	Py66	Py35	B	A	0.1075473055243492
6662	Py66	Py37	B	A	0.09160099178552628
6663	Py66	Py39	B	A	0.08402981609106064
6664	Py66	Py41	B	A	0.05083224177360535
6665	Py66	Py43	B	A	0.09159757196903229
6666	Py66	Py45	B	A	0.1801520884037018
6667	Py66	Py47	B	A	0.1201020702719688
6668	Py66	Py51	B	A	0.0478924997150898
6669	Py66	Py55	B	A	0.1549772471189499
6670	Py66	Py57	B	A	0.1572442948818207
6671	Py66	Py59	B	A	0.1751270592212677
6672	Py66	Py61	B	A	0.1993514895439148
6673	Py66	Py63	B	A	0.01122096553444862
6674	Py66	Py65	B	A	0.01711316034197807
6675	Py66	Py67	B	A	0.03930670022964478
6676	Py66	Py69	B	A	0.04585441946983337
6677	Py66	Py71	B	A	0.03250773996114731
6678	Py66	Py73	B	A	0.4050567746162415
6679	Py66	Py75	B	A	0.3729092478752136
6680	Py66	Py78	B	A	0.3325781524181366
6681	Py66	Py80	B	A	0.3479449152946472
6682	Py66	Py82	B	A	0.2511364817619324
6683	Py66	Py84	B	A	0.3362006843090057
6684	Py66	Py86	B	A	0.3168253302574158
6685	Py66	Py88	B	A	0.320677638053894
6686	Py66	HR05	B	A	0.3581295907497406
6687	Py66	HR07	B	A	0.3744164705276489
6688	Py66	HR09	B	A	0.304488480091095
6689	Py66	HR11	B	A	0.3543035984039307
6690	Py66	HR15	B	A	0.4379415810108185
6691	Py66	HR19	B	A	0.3510756194591522
6692	Py66	HR21	B	A	0.3759184777736664
6693	Py66	HR25	B	A	0.492141455411911
6694	Py66	HR31	B	A	0.475807785987854
6695	Py66	HR33	B	A	0.3923942148685455
6696	Py66	HR37	B	A	0.4127623438835144
6697	Py66	HR47	B	A	0.421104222536087
6698	Py66	HR50	B	A	0.3853627443313599
6699	Py66	HR52	B	A	0.4481520652770996
6700	Py66	HR56	B	A	0.3434602022171021
6701	Py66	HR60	B	A	0.3516129851341248
6702	Py66	HR62	B	A	0.3251229524612427
6703	Py66	HR64	B	A	0.5109671950340271
6704	Py66	HR66	B	A	0.3989204466342926
6705	Py66	HR68	B	A	0.3368687927722931
6706	Py66	H3	B	A	0.416621595621109
6707	Py66	H5	B	A	0.3627327382564545
6708	Py66	H7	B	A	0.3116074204444885
6709	Py66	H11	B	A	0.3575794994831085
6710	Py66	H13	B	A	0.3897634446620941
6711	Py66	H15	B	A	0.4669632017612457
6712	Py66	Han01	B	A	0.4438208639621735
6713	Py66	Han03	B	A	0.4233081042766571
6714	Py66	Han05	B	A	0.3766001462936401
6715	Py66	Han07	B	A	0.4552108347415924
6716	Py66	Han09	B	A	0.4411394894123077
6717	Py66	Han11	B	A	0.4397452175617218
6718	Py66	Han13	B	A	0.4286594986915588
6719	Py66	Han15	B	A	0.3930089771747589
6720	Py66	Han17	B	A	0.4204081296920776
6721	Py66	Han19	B	A	0.4333198964595795
6722	Py66	Han21	B	A	0.4302310943603516
6723	Py66	Han23	B	A	0.4228093028068542
6724	Py66	Han25	B	A	0.4328018128871918
6725	Py66	Han27	B	A	0.4320950210094452
6726	Py66	Han29	B	A	0.4492058753967285
6727	Py66	Han31	B	A	0.4453029036521912
6728	Py66	Han33	B	A	0.4657268822193146
6729	Py66	Han35	B	A	0.4477156400680542
6730	Py66	Han37	B	A	0.4613287746906281
6731	Py66	Han39	B	A	0.4375824332237244
6732	Py66	Han41	B	A	0.4186505377292633
6733	Py66	Han43	B	A	0.4053936302661896
6734	Py66	Han45	B	A	0.4136426448822021
6735	Py66	Han47	B	A	0.4129071235656738
6736	Py66	Han51	B	A	0.3599346876144409
6737	Py68	Py1	B	A	0.09306219220161438
6738	Py68	Py3	B	A	0.09711579233407974
6739	Py68	Py5	B	A	0.1873682588338852
6740	Py68	Py7	B	A	0.0925646647810936
6741	Py68	Py9	B	A	0.09466572105884552
6742	Py68	Py11	B	A	0.1094974055886269
6743	Py68	Py13	B	A	0.1065099686384201
6744	Py68	Py15	B	A	0.1251100450754166
6745	Py68	Py17	B	A	0.1044072508811951
6746	Py68	Py19	B	A	0.1894100904464722
6747	Py68	Py25	B	A	0.1787649095058441
6748	Py68	Py27	B	A	0.08347836136817932
6749	Py68	Py29	B	A	0.1018534973263741
6750	Py68	Py31	B	A	0.08971111476421356
6751	Py68	Py33	B	A	0.0984826534986496
6752	Py68	Py35	B	A	0.09257213771343231
6753	Py68	Py37	B	A	0.08472421765327454
6754	Py68	Py39	B	A	0.1166360825300217
6755	Py68	Py41	B	A	0.06594611704349518
6756	Py68	Py43	B	A	0.07754132896661758
6757	Py68	Py45	B	A	0.163579136133194
6758	Py68	Py47	B	A	0.1014827117323875
6759	Py68	Py51	B	A	0.07900559157133102
6760	Py68	Py55	B	A	0.1391839236021042
6761	Py68	Py57	B	A	0.1408345699310303
6762	Py68	Py59	B	A	0.1613887250423431
6763	Py68	Py61	B	A	0.1938612312078476
6764	Py68	Py63	B	A	0.05040059983730316
6765	Py68	Py65	B	A	0.04887814819812775
6766	Py68	Py67	B	A	0.02960597164928913
6767	Py68	Py69	B	A	0.02079745195806026
6768	Py68	Py71	B	A	0.0377407893538475
6769	Py68	Py73	B	A	0.4210744202136993
6770	Py68	Py75	B	A	0.3894623816013336
6771	Py68	Py78	B	A	0.3213954269886017
6772	Py68	Py80	B	A	0.3671558499336243
6773	Py68	Py82	B	A	0.2540910542011261
6774	Py68	Py84	B	A	0.3330460786819458
6775	Py68	Py86	B	A	0.3323626816272736
6776	Py68	Py88	B	A	0.3383836150169373
6777	Py68	HR05	B	A	0.3637893199920654
6778	Py68	HR07	B	A	0.3803688585758209
6779	Py68	HR09	B	A	0.3109297454357147
6780	Py68	HR11	B	A	0.3597898185253143
6781	Py68	HR15	B	A	0.44293212890625
6782	Py68	HR19	B	A	0.3561842143535614
6783	Py68	HR21	B	A	0.3808312118053436
6784	Py68	HR25	B	A	0.4962756335735321
6785	Py68	HR31	B	A	0.4805541038513184
6786	Py68	HR33	B	A	0.398844838142395
6787	Py68	HR37	B	A	0.4177525639533997
6788	Py68	HR47	B	A	0.425211489200592
6789	Py68	HR50	B	A	0.3902602195739746
6790	Py68	HR52	B	A	0.4566046595573425
6791	Py68	HR56	B	A	0.3486247658729553
6792	Py68	HR60	B	A	0.3603225946426392
6793	Py68	HR62	B	A	0.3344120681285858
6794	Py68	HR64	B	A	0.5161806344985962
6795	Py68	HR66	B	A	0.4036304354667664
6796	Py68	HR68	B	A	0.3464542329311371
6797	Py68	H3	B	A	0.4211810231208801
6798	Py68	H5	B	A	0.3678053021430969
6799	Py68	H7	B	A	0.3224416375160217
6800	Py68	H11	B	A	0.3650349080562592
6801	Py68	H13	B	A	0.398649662733078
6802	Py68	H15	B	A	0.4713773429393768
6803	Py68	Han01	B	A	0.4479125738143921
6804	Py68	Han03	B	A	0.4265759587287903
6805	Py68	Han05	B	A	0.3938685357570648
6806	Py68	Han07	B	A	0.4590907096862793
6807	Py68	Han09	B	A	0.4454576373100281
6808	Py68	Han11	B	A	0.4440221190452576
6809	Py68	Han13	B	A	0.432165265083313
6810	Py68	Han15	B	A	0.4091152548789978
6811	Py68	Han17	B	A	0.4248585999011993
6812	Py68	Han19	B	A	0.4369944930076599
6813	Py68	Han21	B	A	0.4338608682155609
6814	Py68	Han23	B	A	0.4261239767074585
6815	Py68	Han25	B	A	0.436480849981308
6816	Py68	Han27	B	A	0.4357138276100159
6817	Py68	Han29	B	A	0.4522727429866791
6818	Py68	Han31	B	A	0.4487456083297729
6819	Py68	Han33	B	A	0.469677209854126
6820	Py68	Han35	B	A	0.4508940577507019
6821	Py68	Han37	B	A	0.465234786272049
6822	Py68	Han39	B	A	0.4390449821949005
6823	Py68	Han41	B	A	0.4208672344684601
6824	Py68	Han43	B	A	0.4079484939575195
6825	Py68	Han45	B	A	0.417072057723999
6826	Py68	Han47	B	A	0.4201367795467377
6827	Py68	Han51	B	A	0.3637541532516479
6828	Py70	Py1	B	A	0.1004240661859512
6829	Py70	Py3	B	A	0.1066413819789886
6830	Py70	Py5	B	A	0.2033092379570007
6831	Py70	Py7	B	A	0.08495250344276428
6832	Py70	Py9	B	A	0.08102943003177643
6833	Py70	Py11	B	A	0.1217501908540726
6834	Py70	Py13	B	A	0.09111040085554123
6835	Py70	Py15	B	A	0.1365975141525269
6836	Py70	Py17	B	A	0.09946522861719131
6837	Py70	Py19	B	A	0.2066143751144409
6838	Py70	Py25	B	A	0.1991457492113113
6839	Py70	Py27	B	A	0.1023138090968132
6840	Py70	Py29	B	A	0.1068675220012665
6841	Py70	Py31	B	A	0.08435410261154175
6842	Py70	Py33	B	A	0.114767462015152
6843	Py70	Py35	B	A	0.09342589229345322
6844	Py70	Py37	B	A	0.0967375710606575
6845	Py70	Py39	B	A	0.09601205587387085
6846	Py70	Py41	B	A	0.06337103247642517
6847	Py70	Py43	B	A	0.09195909649133682
6848	Py70	Py45	B	A	0.1736898124217987
6849	Py70	Py47	B	A	0.1136896535754204
6850	Py70	Py51	B	A	0.05547090992331505
6851	Py70	Py55	B	A	0.1554067432880402
6852	Py70	Py57	B	A	0.1578882336616516
6853	Py70	Py59	B	A	0.1846811771392822
6854	Py70	Py61	B	A	0.2207150161266327
6855	Py70	Py63	B	A	0.03518880903720856
6856	Py70	Py65	B	A	0.02796972915530205
6857	Py70	Py67	B	A	0.02267782390117645
6858	Py70	Py69	B	A	0.04533965140581131
6859	Py70	Py71	B	A	0.03623964264988899
6860	Py70	Py73	B	A	0.4180366396903992
6861	Py70	Py75	B	A	0.3867478668689728
6862	Py70	Py78	B	A	0.3241471350193024
6863	Py70	Py80	B	A	0.3628405034542084
6864	Py70	Py82	B	A	0.2618520557880402
6865	Py70	Py84	B	A	0.3269292414188385
6866	Py70	Py86	B	A	0.3294729888439178
6867	Py70	Py88	B	A	0.335903137922287
6868	Py70	HR05	B	A	0.3498362898826599
6869	Py70	HR07	B	A	0.3669600486755371
6870	Py70	HR09	B	A	0.2974540591239929
6871	Py70	HR11	B	A	0.3463224768638611
6872	Py70	HR15	B	A	0.42988121509552
6873	Py70	HR19	B	A	0.3432560861110687
6874	Py70	HR21	B	A	0.3673988282680511
6875	Py70	HR25	B	A	0.4832663536071777
6876	Py70	HR31	B	A	0.4678266644477844
6877	Py70	HR33	B	A	0.3869830369949341
6878	Py70	HR37	B	A	0.4043518900871277
6879	Py70	HR47	B	A	0.4119027853012085
6880	Py70	HR50	B	A	0.3776794075965881
6881	Py70	HR52	B	A	0.4465734958648682
6882	Py70	HR56	B	A	0.335565060377121
6883	Py70	HR60	B	A	0.3554810285568237
6884	Py70	HR62	B	A	0.325612336397171
6885	Py70	HR64	B	A	0.5028786659240723
6886	Py70	HR66	B	A	0.3907313346862793
6887	Py70	HR68	B	A	0.3362191617488861
6888	Py70	H3	B	A	0.4080197811126709
6889	Py70	H5	B	A	0.3542005121707916
6890	Py70	H7	B	A	0.3040733933448792
6891	Py70	H11	B	A	0.3550325036048889
6892	Py70	H13	B	A	0.3885008990764618
6893	Py70	H15	B	A	0.4583717882633209
6894	Py70	Han01	B	A	0.4367380440235138
6895	Py70	Han03	B	A	0.414960116147995
6896	Py70	Han05	B	A	0.3851840794086456
6897	Py70	Han07	B	A	0.4474527537822723
6898	Py70	Han09	B	A	0.4340395331382751
6899	Py70	Han11	B	A	0.4328545331954956
6900	Py70	Han13	B	A	0.4216538071632385
6901	Py70	Han15	B	A	0.4007090330123901
6902	Py70	Han17	B	A	0.4150634109973907
6903	Py70	Han19	B	A	0.4254444539546967
6904	Py70	Han21	B	A	0.4223022758960724
6905	Py70	Han23	B	A	0.4145425260066986
6906	Py70	Han25	B	A	0.4262762665748596
6907	Py70	Han27	B	A	0.4241834282875061
6908	Py70	Han29	B	A	0.440935879945755
6909	Py70	Han31	B	A	0.4369843304157257
6910	Py70	Han33	B	A	0.4578796029090881
6911	Py70	Han35	B	A	0.4392164647579193
6912	Py70	Han37	B	A	0.4535711109638214
6913	Py70	Han39	B	A	0.4281078577041626
6914	Py70	Han41	B	A	0.4099161922931671
6915	Py70	Han43	B	A	0.4012963771820068
6916	Py70	Han45	B	A	0.4062063097953796
6917	Py70	Han47	B	A	0.4050107002258301
6918	Py70	Han51	B	A	0.3653314709663391
6919	Py72	Py1	B	A	0.1086413487792015
6920	Py72	Py3	B	A	0.1144869104027748
6921	Py72	Py5	B	A	0.2148635983467102
6922	Py72	Py7	B	A	0.09540558606386185
6923	Py72	Py9	B	A	0.09503224492073059
6924	Py72	Py11	B	A	0.1330284625291824
6925	Py72	Py13	B	A	0.100555032491684
6926	Py72	Py15	B	A	0.1486295014619827
6927	Py72	Py17	B	A	0.1116022318601608
6928	Py72	Py19	B	A	0.2174376994371414
6929	Py72	Py25	B	A	0.2116834223270416
6930	Py72	Py27	B	A	0.1158780455589294
6931	Py72	Py29	B	A	0.1157363280653954
6932	Py72	Py31	B	A	0.1009406298398972
6933	Py72	Py33	B	A	0.1286470741033554
6934	Py72	Py35	B	A	0.1041397601366043
6935	Py72	Py37	B	A	0.0802290067076683
6936	Py72	Py39	B	A	0.08135806024074554
6937	Py72	Py41	B	A	0.05105459690093994
6938	Py72	Py43	B	A	0.09287536889314651
6939	Py72	Py45	B	A	0.1808337718248367
6940	Py72	Py47	B	A	0.120873712003231
6941	Py72	Py51	B	A	0.05364092811942101
6942	Py72	Py55	B	A	0.1630137264728546
6943	Py72	Py57	B	A	0.165557473897934
6944	Py72	Py59	B	A	0.1821931451559067
6945	Py72	Py61	B	A	0.2072038352489471
6946	Py72	Py63	B	A	0.02633729577064514
6947	Py72	Py65	B	A	0.02959287911653519
6948	Py72	Py67	B	A	0.0314420759677887
6949	Py72	Py69	B	A	0.04159485176205635
6950	Py72	Py71	B	A	0.02080720104277134
6951	Py72	Py73	B	A	0.407817929983139
6952	Py72	Py75	B	A	0.3760017454624176
6953	Py72	Py78	B	A	0.3308762609958649
6954	Py72	Py80	B	A	0.3494037389755249
6955	Py72	Py82	B	A	0.2493105530738831
6956	Py72	Py84	B	A	0.33379065990448
6957	Py72	Py86	B	A	0.3166794776916504
6958	Py72	Py88	B	A	0.3216009438037872
6959	Py72	HR05	B	A	0.3599987924098969
6960	Py72	HR07	B	A	0.3769720792770386
6961	Py72	HR09	B	A	0.3076920807361603
6962	Py72	HR11	B	A	0.355699896812439
6963	Py72	HR15	B	A	0.4391199946403503
6964	Py72	HR19	B	A	0.3528826236724854
6965	Py72	HR21	B	A	0.3768806457519531
6966	Py72	HR25	B	A	0.492364376783371
6967	Py72	HR31	B	A	0.476510763168335
6968	Py72	HR33	B	A	0.3934969007968903
6969	Py72	HR37	B	A	0.4135165512561798
6970	Py72	HR47	B	A	0.4217882752418518
6971	Py72	HR50	B	A	0.3862957060337067
6972	Py72	HR52	B	A	0.4497297406196594
6973	Py72	HR56	B	A	0.3450171053409576
6974	Py72	HR60	B	A	0.3533328473567963
6975	Py72	HR62	B	A	0.3276534080505371
6976	Py72	HR64	B	A	0.5120901465415955
6977	Py72	HR66	B	A	0.4007413387298584
6978	Py72	HR68	B	A	0.3393535614013672
6979	Py72	H3	B	A	0.417348325252533
6980	Py72	H5	B	A	0.3634828329086304
6981	Py72	H7	B	A	0.3127531409263611
6982	Py72	H11	B	A	0.3587697744369507
6983	Py72	H13	B	A	0.3917085528373718
6984	Py72	H15	B	A	0.4676580131053925
6985	Py72	Han01	B	A	0.4428810179233551
6986	Py72	Han03	B	A	0.4214321970939636
6987	Py72	Han05	B	A	0.3717774152755737
6988	Py72	Han07	B	A	0.4540612101554871
6989	Py72	Han09	B	A	0.440373957157135
6990	Py72	Han11	B	A	0.4390470385551453
6991	Py72	Han13	B	A	0.4273362159729004
6992	Py72	Han15	B	A	0.3885916769504547
6993	Py72	Han17	B	A	0.4191233813762665
6994	Py72	Han19	B	A	0.4321415424346924
6995	Py72	Han21	B	A	0.4289494752883911
6996	Py72	Han23	B	A	0.4213072061538696
6997	Py72	Han25	B	A	0.4318302869796753
6998	Py72	Han27	B	A	0.4311352968215942
6999	Py72	Han29	B	A	0.4478918612003326
7000	Py72	Han31	B	A	0.443691611289978
7001	Py72	Han33	B	A	0.4645267128944397
7002	Py72	Han35	B	A	0.4461080431938171
7003	Py72	Han37	B	A	0.4601553976535797
7004	Py72	Han39	B	A	0.4343109428882599
7005	Py72	Han41	B	A	0.4162155389785767
7006	Py72	Han43	B	A	0.4026925265789032
7007	Py72	Han45	B	A	0.4120006859302521
7008	Py72	Han47	B	A	0.4074382781982422
7009	Py72	Han51	B	A	0.3625120520591736
7010	Py79	Py1	B	A	0.313068300485611
7011	Py79	Py3	B	A	0.3157174289226532
7012	Py79	Py5	B	A	0.3539762496948242
7013	Py79	Py7	B	A	0.3370402753353119
7014	Py79	Py9	B	A	0.3395086228847504
7015	Py79	Py11	B	A	0.3506513833999634
7016	Py79	Py13	B	A	0.3427302837371826
7017	Py79	Py15	B	A	0.350511908531189
7018	Py79	Py17	B	A	0.339171826839447
7019	Py79	Py19	B	A	0.3835539817810059
7020	Py79	Py25	B	A	0.3731552958488464
7021	Py79	Py27	B	A	0.3347976505756378
7022	Py79	Py29	B	A	0.3326895236968994
7023	Py79	Py31	B	A	0.3403013050556183
7024	Py79	Py33	B	A	0.3488669693470001
7025	Py79	Py35	B	A	0.3291993737220764
7026	Py79	Py37	B	A	0.3111115694046021
7027	Py79	Py39	B	A	0.3256285190582275
7028	Py79	Py41	B	A	0.3235722184181213
7029	Py79	Py43	B	A	0.328034371137619
7030	Py79	Py45	B	A	0.3416790366172791
7031	Py79	Py47	B	A	0.3254217207431793
7032	Py79	Py51	B	A	0.3263062834739685
7033	Py79	Py55	B	A	0.3552969098091125
7034	Py79	Py57	B	A	0.356756865978241
7035	Py79	Py59	B	A	0.3559866845607758
7036	Py79	Py61	B	A	0.3743137419223785
7037	Py79	Py63	B	A	0.3280520737171173
7038	Py79	Py65	B	A	0.3288849294185638
7039	Py79	Py67	B	A	0.3161291480064392
7040	Py79	Py69	B	A	0.32086580991745
7041	Py79	Py71	B	A	0.3236221969127655
7042	Py79	Py73	B	A	0.39832803606987
7043	Py79	Py75	B	A	0.3704181313514709
7044	Py79	Py78	B	A	0.0437157042324543
7045	Py79	Py80	B	A	0.2995118498802185
7046	Py79	Py82	B	A	0.1234431564807892
7047	Py79	Py84	B	A	0.08324030041694641
7048	Py79	Py86	B	A	0.1713951677083969
7049	Py79	Py88	B	A	0.1999545097351074
7050	Py79	HR05	B	A	0.4122511744499207
7051	Py79	HR07	B	A	0.4137544333934784
7052	Py79	HR09	B	A	0.3840250074863434
7053	Py79	HR11	B	A	0.4186671376228333
7054	Py79	HR15	B	A	0.4626623392105103
7055	Py79	HR19	B	A	0.4074223637580872
7056	Py79	HR21	B	A	0.4045707285404205
7057	Py79	HR25	B	A	0.5318830609321594
7058	Py79	HR31	B	A	0.5299224853515625
7059	Py79	HR33	B	A	0.4390106797218323
7060	Py79	HR37	B	A	0.4663427472114563
7061	Py79	HR47	B	A	0.4954142272472382
7062	Py79	HR50	B	A	0.4445078670978546
7063	Py79	HR52	B	A	0.5010702013969421
7064	Py79	HR56	B	A	0.4264076352119446
7065	Py79	HR60	B	A	0.45030677318573
7066	Py79	HR62	B	A	0.3866174817085266
7067	Py79	HR64	B	A	0.5632844567298889
7068	Py79	HR66	B	A	0.4119585454463959
7069	Py79	HR68	B	A	0.3811251223087311
7070	Py79	H3	B	A	0.4721085727214813
7071	Py79	H5	B	A	0.4400177299976349
7072	Py79	H7	B	A	0.4073217511177063
7073	Py79	H11	B	A	0.4225906133651733
7074	Py79	H13	B	A	0.4610625803470612
7075	Py79	H15	B	A	0.5185017585754395
7076	Py79	Han01	B	A	0.2844107449054718
7077	Py79	Han03	B	A	0.2444602102041245
7078	Py79	Han05	B	A	0.3629723787307739
7079	Py79	Han07	B	A	0.2898946106433868
7080	Py79	Han09	B	A	0.2770105004310608
7081	Py79	Han11	B	A	0.2696644067764282
7082	Py79	Han13	B	A	0.2555506229400635
7083	Py79	Han15	B	A	0.3292003571987152
7084	Py79	Han17	B	A	0.2512336075305939
7085	Py79	Han19	B	A	0.2561891674995422
7086	Py79	Han21	B	A	0.2550179064273834
7087	Py79	Han23	B	A	0.2427999675273895
7088	Py79	Han25	B	A	0.2726023197174072
7089	Py79	Han27	B	A	0.2776962518692017
7090	Py79	Han29	B	A	0.2976549565792084
7091	Py79	Han31	B	A	0.2782451808452606
7092	Py79	Han33	B	A	0.3146904408931732
7093	Py79	Han35	B	A	0.2750129699707031
7094	Py79	Han37	B	A	0.3132672309875488
7095	Py79	Han39	B	A	0.277014285326004
7096	Py79	Han41	B	A	0.2400176823139191
7097	Py79	Han43	B	A	0.2437490224838257
7098	Py79	Han45	B	A	0.2534963190555573
7099	Py79	Han47	B	A	0.3998306393623352
7100	Py79	Han51	B	A	0.3371205925941467
7101	Py81	Py1	B	A	0.3172776997089386
7102	Py81	Py3	B	A	0.3197412192821503
7103	Py81	Py5	B	A	0.3609851002693176
7104	Py81	Py7	B	A	0.3415866494178772
7105	Py81	Py9	B	A	0.3439102470874786
7106	Py81	Py11	B	A	0.3565953969955444
7107	Py81	Py13	B	A	0.348046600818634
7108	Py81	Py15	B	A	0.3565352261066437
7109	Py81	Py17	B	A	0.3432950377464294
7110	Py81	Py19	B	A	0.3914593160152435
7111	Py81	Py25	B	A	0.3796127438545227
7112	Py81	Py27	B	A	0.3411434292793274
7113	Py81	Py29	B	A	0.3374162614345551
7114	Py81	Py31	B	A	0.3458457291126251
7115	Py81	Py33	B	A	0.3556720018386841
7116	Py81	Py35	B	A	0.3340912759304047
7117	Py81	Py37	B	A	0.3029879629611969
7118	Py81	Py39	B	A	0.3161346912384033
7119	Py81	Py41	B	A	0.3159364759922028
7120	Py81	Py43	B	A	0.31583571434021
7121	Py81	Py45	B	A	0.3448761403560638
7122	Py81	Py47	B	A	0.3268367648124695
7123	Py81	Py51	B	A	0.317899614572525
7124	Py81	Py55	B	A	0.3583546280860901
7125	Py81	Py57	B	A	0.3603556454181671
7126	Py81	Py59	B	A	0.3414247632026672
7127	Py81	Py61	B	A	0.3588058948516846
7128	Py81	Py63	B	A	0.3186805546283722
7129	Py81	Py65	B	A	0.3210068941116333
7130	Py81	Py67	B	A	0.3138009309768677
7131	Py81	Py69	B	A	0.3151001930236816
7132	Py81	Py71	B	A	0.3150496482849121
7133	Py81	Py73	B	A	0.320590615272522
7134	Py81	Py75	B	A	0.2933117151260376
7135	Py81	Py78	B	A	0.08478590846061707
7136	Py81	Py80	B	A	0.2201813459396362
7137	Py81	Py82	B	A	0.1046703085303307
7138	Py81	Py84	B	A	0.1210065335035324
7139	Py81	Py86	B	A	0.1607805490493774
7140	Py81	Py88	B	A	0.1771540641784668
7141	Py81	HR05	B	A	0.4149609208106995
7142	Py81	HR07	B	A	0.3842276930809021
7143	Py81	HR09	B	A	0.3879019021987915
7144	Py81	HR11	B	A	0.4306107461452484
7145	Py81	HR15	B	A	0.4565873444080353
7146	Py81	HR19	B	A	0.4135967493057251
7147	Py81	HR21	B	A	0.4156847596168518
7148	Py81	HR25	B	A	0.5406265258789062
7149	Py81	HR31	B	A	0.5387463569641113
7150	Py81	HR33	B	A	0.4464185833930969
7151	Py81	HR37	B	A	0.4735368192195892
7152	Py81	HR47	B	A	0.4965614080429077
7153	Py81	HR50	B	A	0.4512290060520172
7154	Py81	HR52	B	A	0.5043966174125671
7155	Py81	HR56	B	A	0.4395332336425781
7156	Py81	HR60	B	A	0.4370931684970856
7157	Py81	HR62	B	A	0.380872368812561
7158	Py81	HR64	B	A	0.5715233683586121
7159	Py81	HR66	B	A	0.4188522398471832
7160	Py81	HR68	B	A	0.3749886155128479
7161	Py81	H3	B	A	0.4837359488010406
7162	Py81	H5	B	A	0.4513447880744934
7163	Py81	H7	B	A	0.4129099547863007
7164	Py81	H11	B	A	0.4263860285282135
7165	Py81	H13	B	A	0.4632278084754944
7166	Py81	H15	B	A	0.5297368764877319
7167	Py81	Han01	B	A	0.2729890942573547
7168	Py81	Han03	B	A	0.2600017488002777
7169	Py81	Han05	B	A	0.4114409387111664
7170	Py81	Han07	B	A	0.2853403985500336
7171	Py81	Han09	B	A	0.2710593044757843
7172	Py81	Han11	B	A	0.2705196440219879
7173	Py81	Han13	B	A	0.2605058550834656
7174	Py81	Han15	B	A	0.3782043755054474
7175	Py81	Han17	B	A	0.25174281001091
7176	Py81	Han19	B	A	0.2666122615337372
7177	Py81	Han21	B	A	0.263250321149826
7178	Py81	Han23	B	A	0.2552087604999542
7179	Py81	Han25	B	A	0.2646802365779877
7180	Py81	Han27	B	A	0.2639978229999542
7181	Py81	Han29	B	A	0.2794802486896515
7182	Py81	Han31	B	A	0.2792944014072418
7183	Py81	Han33	B	A	0.2975643277168274
7184	Py81	Han35	B	A	0.2819973826408386
7185	Py81	Han37	B	A	0.2933275103569031
7186	Py81	Han39	B	A	0.2724684178829193
7187	Py81	Han41	B	A	0.2552305459976196
7188	Py81	Han43	B	A	0.2406335920095444
7189	Py81	Han45	B	A	0.2480503916740417
7190	Py81	Han47	B	A	0.4588170647621155
7191	Py81	Han51	B	A	0.2782624959945679
7192	Py83	Py1	B	A	0.3491917252540588
7193	Py83	Py3	B	A	0.3544817268848419
7194	Py83	Py5	B	A	0.4006190299987793
7195	Py83	Py7	B	A	0.3725425899028778
7196	Py83	Py9	B	A	0.3732619285583496
7197	Py83	Py11	B	A	0.3931882679462433
7198	Py83	Py13	B	A	0.373642235994339
7199	Py83	Py15	B	A	0.3933433294296265
7200	Py83	Py17	B	A	0.3795169293880463
7201	Py83	Py19	B	A	0.4297532141208649
7202	Py83	Py25	B	A	0.4191345572471619
7203	Py83	Py27	B	A	0.3775534629821777
7204	Py83	Py29	B	A	0.3735511898994446
7205	Py83	Py31	B	A	0.381816953420639
7206	Py83	Py33	B	A	0.3922809362411499
7207	Py83	Py35	B	A	0.3687883317470551
7208	Py83	Py37	B	A	0.3338659405708313
7209	Py83	Py39	B	A	0.3371213972568512
7210	Py83	Py41	B	A	0.3429389595985413
7211	Py83	Py43	B	A	0.3574154675006866
7212	Py83	Py45	B	A	0.3803243041038513
7213	Py83	Py47	B	A	0.3624160289764404
7214	Py83	Py51	B	A	0.3366264402866364
7215	Py83	Py55	B	A	0.3944670259952545
7216	Py83	Py57	B	A	0.3968290686607361
7217	Py83	Py59	B	A	0.3900517821311951
7218	Py83	Py61	B	A	0.408865749835968
7219	Py83	Py63	B	A	0.3446364402770996
7220	Py83	Py65	B	A	0.3423055410385132
7221	Py83	Py67	B	A	0.344120591878891
7222	Py83	Py69	B	A	0.3537122309207916
7223	Py83	Py71	B	A	0.3483529388904572
7224	Py83	Py73	B	A	0.2814121842384338
7225	Py83	Py75	B	A	0.2547692060470581
7226	Py83	Py78	B	A	0.1409861743450165
7227	Py83	Py80	B	A	0.1794308423995972
7228	Py83	Py82	B	A	0.1730093359947205
7229	Py83	Py84	B	A	0.0955059826374054
7230	Py83	Py86	B	A	0.1276481598615646
7231	Py83	Py88	B	A	0.1548903435468674
7232	Py83	HR05	B	A	0.4165354669094086
7233	Py83	HR07	B	A	0.3540554642677307
7234	Py83	HR09	B	A	0.3949573934078217
7235	Py83	HR11	B	A	0.4223681390285492
7236	Py83	HR15	B	A	0.4498710036277771
7237	Py83	HR19	B	A	0.4056237936019897
7238	Py83	HR21	B	A	0.4072251915931702
7239	Py83	HR25	B	A	0.5332034826278687
7240	Py83	HR31	B	A	0.5310964584350586
7241	Py83	HR33	B	A	0.4327903985977173
7242	Py83	HR37	B	A	0.4636808931827545
7243	Py83	HR47	B	A	0.4999601542949677
7244	Py83	HR50	B	A	0.4414091110229492
7245	Py83	HR52	B	A	0.4925587475299835
7246	Py83	HR56	B	A	0.4314807951450348
7247	Py83	HR60	B	A	0.4554312527179718
7248	Py83	HR62	B	A	0.3891457617282867
7249	Py83	HR64	B	A	0.5637008547782898
7250	Py83	HR66	B	A	0.4059982895851135
7251	Py83	HR68	B	A	0.3811883628368378
7252	Py83	H3	B	A	0.4719699025154114
7253	Py83	H5	B	A	0.4431900382041931
7254	Py83	H7	B	A	0.4085483551025391
7255	Py83	H11	B	A	0.418851226568222
7256	Py83	H13	B	A	0.4553679227828979
7257	Py83	H15	B	A	0.5170665383338928
7258	Py83	Han01	B	A	0.1864411234855652
7259	Py83	Han03	B	A	0.1659402251243591
7260	Py83	Han05	B	A	0.405786544084549
7261	Py83	Han07	B	A	0.1934029012918472
7262	Py83	Han09	B	A	0.1854746043682098
7263	Py83	Han11	B	A	0.1784623712301254
7264	Py83	Han13	B	A	0.1722436249256134
7265	Py83	Han15	B	A	0.3718130588531494
7266	Py83	Han17	B	A	0.1724745482206345
7267	Py83	Han19	B	A	0.1779098510742188
7268	Py83	Han21	B	A	0.1790935695171356
7269	Py83	Han23	B	A	0.1612420231103897
7270	Py83	Han25	B	A	0.1786189377307892
7271	Py83	Han27	B	A	0.1745942085981369
7272	Py83	Han29	B	A	0.1968541294336319
7273	Py83	Han31	B	A	0.1900181323289871
7274	Py83	Han33	B	A	0.2182941436767578
7275	Py83	Han35	B	A	0.187296986579895
7276	Py83	Han37	B	A	0.2144071310758591
7277	Py83	Han39	B	A	0.1796219497919083
7278	Py83	Han41	B	A	0.1629074513912201
7279	Py83	Han43	B	A	0.1576199233531952
7280	Py83	Han45	B	A	0.1622785776853561
7281	Py83	Han47	B	A	0.4432679414749146
7282	Py83	Han51	B	A	0.2849397659301758
7283	Py85	Py1	B	A	0.3418940901756287
7284	Py85	Py3	B	A	0.3473041653633118
7285	Py85	Py5	B	A	0.3929596841335297
7286	Py85	Py7	B	A	0.3651968240737915
7287	Py85	Py9	B	A	0.3656312823295593
7288	Py85	Py11	B	A	0.3856477737426758
7289	Py85	Py13	B	A	0.3663326501846313
7290	Py85	Py15	B	A	0.3856984674930573
7291	Py85	Py17	B	A	0.371881902217865
7292	Py85	Py19	B	A	0.4222493469715118
7293	Py85	Py25	B	A	0.4117083549499512
7294	Py85	Py27	B	A	0.3702248334884644
7295	Py85	Py29	B	A	0.3661153614521027
7296	Py85	Py31	B	A	0.374138355255127
7297	Py85	Py33	B	A	0.384714812040329
7298	Py85	Py35	B	A	0.3612232804298401
7299	Py85	Py37	B	A	0.3315985798835754
7300	Py85	Py39	B	A	0.338325709104538
7301	Py85	Py41	B	A	0.341312050819397
7302	Py85	Py43	B	A	0.3564458787441254
7303	Py85	Py45	B	A	0.3729923963546753
7304	Py85	Py47	B	A	0.358364999294281
7305	Py85	Py51	B	A	0.3374720811843872
7306	Py85	Py55	B	A	0.3880722522735596
7307	Py85	Py57	B	A	0.390373557806015
7308	Py85	Py59	B	A	0.3902360200881958
7309	Py85	Py61	B	A	0.4092052578926086
7310	Py85	Py63	B	A	0.3430861830711365
7311	Py85	Py65	B	A	0.341546356678009
7312	Py85	Py67	B	A	0.3415520787239075
7313	Py85	Py69	B	A	0.3521560430526733
7314	Py85	Py71	B	A	0.3466503918170929
7315	Py85	Py73	B	A	0.2908943891525269
7316	Py85	Py75	B	A	0.2636786103248596
7317	Py85	Py78	B	A	0.132741391658783
7318	Py85	Py80	B	A	0.1900468170642853
7319	Py85	Py82	B	A	0.1737997680902481
7320	Py85	Py84	B	A	0.08910971879959106
7321	Py85	Py86	B	A	0.1292973011732101
7322	Py85	Py88	B	A	0.1628771126270294
7323	Py85	HR05	B	A	0.4121318161487579
7324	Py85	HR07	B	A	0.3523560166358948
7325	Py85	HR09	B	A	0.3921856582164764
7326	Py85	HR11	B	A	0.4164402782917023
7327	Py85	HR15	B	A	0.447424590587616
7328	Py85	HR19	B	A	0.4042342007160187
7329	Py85	HR21	B	A	0.4031513035297394
7330	Py85	HR25	B	A	0.5301011800765991
7331	Py85	HR31	B	A	0.5286587476730347
7332	Py85	HR33	B	A	0.4331153631210327
7333	Py85	HR37	B	A	0.4599882960319519
7334	Py85	HR47	B	A	0.4940117597579956
7335	Py85	HR50	B	A	0.4405195116996765
7336	Py85	HR52	B	A	0.4927694797515869
7337	Py85	HR56	B	A	0.4266831874847412
7338	Py85	HR60	B	A	0.453946441411972
7339	Py85	HR62	B	A	0.3877470195293427
7340	Py85	HR64	B	A	0.560549795627594
7341	Py85	HR66	B	A	0.4045837223529816
7342	Py85	HR68	B	A	0.3782880306243896
7343	Py85	H3	B	A	0.4687736630439758
7344	Py85	H5	B	A	0.4407722353935242
7345	Py85	H7	B	A	0.4070499539375305
7346	Py85	H11	B	A	0.4179385006427765
7347	Py85	H13	B	A	0.4550450444221497
7348	Py85	H15	B	A	0.5142837762832642
7349	Py85	Han01	B	A	0.1908690929412842
7350	Py85	Han03	B	A	0.1698294579982758
7351	Py85	Han05	B	A	0.4031575918197632
7352	Py85	Han07	B	A	0.1944413483142853
7353	Py85	Han09	B	A	0.1871858835220337
7354	Py85	Han11	B	A	0.1860207468271255
7355	Py85	Han13	B	A	0.1786995977163315
7356	Py85	Han15	B	A	0.3684922456741333
7357	Py85	Han17	B	A	0.1762541830539703
7358	Py85	Han19	B	A	0.1803379356861115
7359	Py85	Han21	B	A	0.1781437695026398
7360	Py85	Han23	B	A	0.1659044027328491
7361	Py85	Han25	B	A	0.1851730197668076
7362	Py85	Han27	B	A	0.1817083656787872
7363	Py85	Han29	B	A	0.2005379199981689
7364	Py85	Han31	B	A	0.1870583146810532
7365	Py85	Han33	B	A	0.2164107412099838
7366	Py85	Han35	B	A	0.1874222010374069
7367	Py85	Han37	B	A	0.2144968211650848
7368	Py85	Han39	B	A	0.1820836961269379
7369	Py85	Han41	B	A	0.1670610755681992
7370	Py85	Han43	B	A	0.1644161939620972
7371	Py85	Han45	B	A	0.1664996296167374
7372	Py85	Han47	B	A	0.438521146774292
7373	Py85	Han51	B	A	0.2838062644004822
7374	Py87	Py1	B	A	0.3405043482780457
7375	Py87	Py3	B	A	0.3451176881790161
7376	Py87	Py5	B	A	0.4052291810512543
7377	Py87	Py7	B	A	0.3664771318435669
7378	Py87	Py9	B	A	0.3692683577537537
7379	Py87	Py11	B	A	0.3908795416355133
7380	Py87	Py13	B	A	0.3684403598308563
7381	Py87	Py15	B	A	0.3881716728210449
7382	Py87	Py17	B	A	0.3751513063907623
7383	Py87	Py19	B	A	0.4351296722888947
7384	Py87	Py25	B	A	0.4243859350681305
7385	Py87	Py27	B	A	0.3756461441516876
7386	Py87	Py29	B	A	0.364805668592453
7387	Py87	Py31	B	A	0.3804753124713898
7388	Py87	Py33	B	A	0.392090380191803
7389	Py87	Py35	B	A	0.3596940934658051
7390	Py87	Py37	B	A	0.2898309230804443
7391	Py87	Py39	B	A	0.2902957201004028
7392	Py87	Py41	B	A	0.2968918979167938
7393	Py87	Py43	B	A	0.3359275162220001
7394	Py87	Py45	B	A	0.3741521537303925
7395	Py87	Py47	B	A	0.3520059585571289
7396	Py87	Py51	B	A	0.3013189733028412
7397	Py87	Py55	B	A	0.3862780928611755
7398	Py87	Py57	B	A	0.3896453976631165
7399	Py87	Py59	B	A	0.3731499016284943
7400	Py87	Py61	B	A	0.3598084151744843
7401	Py87	Py63	B	A	0.3071190118789673
7402	Py87	Py65	B	A	0.3160043060779572
7403	Py87	Py67	B	A	0.3258622586727142
7404	Py87	Py69	B	A	0.3273229897022247
7405	Py87	Py71	B	A	0.3087172210216522
7406	Py87	Py73	B	A	0.3249334096908569
7407	Py87	Py75	B	A	0.2889198660850525
7408	Py87	Py78	B	A	0.162607729434967
7409	Py87	Py80	B	A	0.2299379706382751
7410	Py87	Py82	B	A	0.1678305715322495
7411	Py87	Py84	B	A	0.1124519854784012
7412	Py87	Py86	B	A	0.04082273319363594
7413	Py87	Py88	B	A	0.07436061650514603
7414	Py87	HR05	B	A	0.4105939269065857
7415	Py87	HR07	B	A	0.398622453212738
7416	Py87	HR09	B	A	0.3966516852378845
7417	Py87	HR11	B	A	0.4160228967666626
7418	Py87	HR15	B	A	0.4506148099899292
7419	Py87	HR19	B	A	0.3836670517921448
7420	Py87	HR21	B	A	0.388498067855835
7421	Py87	HR25	B	A	0.5277554988861084
7422	Py87	HR31	B	A	0.5260094404220581
7423	Py87	HR33	B	A	0.4139310121536255
7424	Py87	HR37	B	A	0.4672361016273499
7425	Py87	HR47	B	A	0.5070350766181946
7426	Py87	HR50	B	A	0.421851247549057
7427	Py87	HR52	B	A	0.4679731428623199
7428	Py87	HR56	B	A	0.4108254015445709
7429	Py87	HR60	B	A	0.4290392100811005
7430	Py87	HR62	B	A	0.3658183217048645
7431	Py87	HR64	B	A	0.5592721700668335
7432	Py87	HR66	B	A	0.3920757472515106
7433	Py87	HR68	B	A	0.3647490739822388
7434	Py87	H3	B	A	0.4532362818717957
7435	Py87	H5	B	A	0.4235913157463074
7436	Py87	H7	B	A	0.3935218155384064
7437	Py87	H11	B	A	0.4042381346225739
7438	Py87	H13	B	A	0.426838606595993
7439	Py87	H15	B	A	0.5030303001403809
7440	Py87	Han01	B	A	0.2664796113967896
7441	Py87	Han03	B	A	0.2364479899406433
7442	Py87	Han05	B	A	0.3570774495601654
7443	Py87	Han07	B	A	0.2666820883750916
7444	Py87	Han09	B	A	0.2615329623222351
7445	Py87	Han11	B	A	0.246975839138031
7446	Py87	Han13	B	A	0.2271174043416977
7447	Py87	Han15	B	A	0.3166691362857819
7448	Py87	Han17	B	A	0.2333847284317017
7449	Py87	Han19	B	A	0.2504872679710388
7450	Py87	Han21	B	A	0.2531026601791382
7451	Py87	Han23	B	A	0.2253675311803818
7452	Py87	Han25	B	A	0.2295175939798355
7453	Py87	Han27	B	A	0.2412699013948441
7454	Py87	Han29	B	A	0.2677934169769287
7455	Py87	Han31	B	A	0.2668336629867554
7456	Py87	Han33	B	A	0.3048483431339264
7457	Py87	Han35	B	A	0.2475864887237549
7458	Py87	Han37	B	A	0.3018733263015747
7459	Py87	Han39	B	A	0.2491455525159836
7460	Py87	Han41	B	A	0.2215202301740646
7461	Py87	Han43	B	A	0.2181385606527328
7462	Py87	Han45	B	A	0.2303078472614288
7463	Py87	Han47	B	A	0.425599217414856
7464	Py87	Han51	B	A	0.309773713350296
7465	P1extneg	Py1	B	A	0.3467664122581482
7466	P1extneg	Py3	B	A	0.3517372310161591
7467	P1extneg	Py5	B	A	0.4030345678329468
7468	P1extneg	Py7	B	A	0.3644437193870544
7469	P1extneg	Py9	B	A	0.3662603199481964
7470	P1extneg	Py11	B	A	0.3879339098930359
7471	P1extneg	Py13	B	A	0.3533288836479187
7472	P1extneg	Py15	B	A	0.3900661468505859
7473	P1extneg	Py17	B	A	0.3737894594669342
7474	P1extneg	Py19	B	A	0.4145408272743225
7475	P1extneg	Py25	B	A	0.4009093046188354
7476	P1extneg	Py27	B	A	0.3656609058380127
7477	P1extneg	Py29	B	A	0.3654910922050476
7478	P1extneg	Py31	B	A	0.3716808557510376
7479	P1extneg	Py33	B	A	0.3792211413383484
7480	P1extneg	Py35	B	A	0.361806184053421
7481	P1extneg	Py37	B	A	0.3163852393627167
7482	P1extneg	Py39	B	A	0.3217402398586273
7483	P1extneg	Py41	B	A	0.3252791166305542
7484	P1extneg	Py43	B	A	0.3328881561756134
7485	P1extneg	Py45	B	A	0.3679462969303131
7486	P1extneg	Py47	B	A	0.3501893281936646
7487	P1extneg	Py51	B	A	0.3314789235591888
7488	P1extneg	Py55	B	A	0.3674343228340149
7489	P1extneg	Py57	B	A	0.3642506301403046
7490	P1extneg	Py59	B	A	0.3418130278587341
7491	P1extneg	Py61	B	A	0.3222092688083649
7492	P1extneg	Py63	B	A	0.3168672323226929
7493	P1extneg	Py65	B	A	0.3252092301845551
7494	P1extneg	Py67	B	A	0.3291163742542267
7495	P1extneg	Py69	B	A	0.3206749558448792
7496	P1extneg	Py71	B	A	0.3189434409141541
7497	P1extneg	Py73	B	A	0.4573511481285095
7498	P1extneg	Py75	B	A	0.4211173057556152
7499	P1extneg	Py78	B	A	0.2961002886295319
7500	P1extneg	Py80	B	A	0.3836221396923065
7501	P1extneg	Py82	B	A	0.2359810024499893
7502	P1extneg	Py84	B	A	0.2766553461551666
7503	P1extneg	Py86	B	A	0.3067071139812469
7504	P1extneg	Py88	B	A	0.3117659091949463
7505	P1extneg	HR05	B	A	0.4707753956317902
7506	P1extneg	HR07	B	A	0.4791495501995087
7507	P1extneg	HR09	B	A	0.422938346862793
7508	P1extneg	HR11	B	A	0.4477878212928772
7509	P1extneg	HR15	B	A	0.517528235912323
7510	P1extneg	HR19	B	A	0.4281809031963348
7511	P1extneg	HR21	B	A	0.4217579066753387
7512	P1extneg	HR25	B	A	0.4895690679550171
7513	P1extneg	HR31	B	A	0.5229427218437195
7514	P1extneg	HR33	B	A	0.4000527560710907
7515	P1extneg	HR37	B	A	0.4947390258312225
7516	P1extneg	HR47	B	A	0.5391702651977539
7517	P1extneg	HR50	B	A	0.4094950556755066
7518	P1extneg	HR52	B	A	0.4281804859638214
7519	P1extneg	HR56	B	A	0.3927558660507202
7520	P1extneg	HR60	B	A	0.4671347439289093
7521	P1extneg	HR62	B	A	0.4096314907073975
7522	P1extneg	HR64	B	A	0.5133026838302612
7523	P1extneg	HR66	B	A	0.4537636339664459
7524	P1extneg	HR68	B	A	0.4393218755722046
7525	P1extneg	H3	B	A	0.4185938835144043
7526	P1extneg	H5	B	A	0.4231449067592621
7527	P1extneg	H7	B	A	0.423775315284729
7528	P1extneg	H11	B	A	0.438891738653183
7529	P1extneg	H13	B	A	0.4084882438182831
7530	P1extneg	H15	B	A	0.4679825305938721
7531	P1extneg	Han01	B	A	0.459276556968689
7532	P1extneg	Han03	B	A	0.4342783987522125
7533	P1extneg	Han05	B	A	0.4599437713623047
7534	P1extneg	Han07	B	A	0.4611817002296448
7535	P1extneg	Han09	B	A	0.454337865114212
7536	P1extneg	Han11	B	A	0.4400005042552948
7537	P1extneg	Han13	B	A	0.4218654036521912
7538	P1extneg	Han15	B	A	0.4523041248321533
7539	P1extneg	Han17	B	A	0.4368864893913269
7540	P1extneg	Han19	B	A	0.4424357116222382
7541	P1extneg	Han21	B	A	0.4512839913368225
7542	P1extneg	Han23	B	A	0.4229232966899872
7543	P1extneg	Han25	B	A	0.4174427092075348
7544	P1extneg	Han27	B	A	0.4291777312755585
7545	P1extneg	Han29	B	A	0.4433068633079529
7546	P1extneg	Han31	B	A	0.4609436392784119
7547	P1extneg	Han33	B	A	0.4857535362243652
7548	P1extneg	Han35	B	A	0.4419001638889313
7549	P1extneg	Han37	B	A	0.4769256114959717
7550	P1extneg	Han39	B	A	0.4257607161998749
7551	P1extneg	Han41	B	A	0.4179936647415161
7552	P1extneg	Han43	B	A	0.4147194027900696
7553	P1extneg	Han45	B	A	0.4298107326030731
7554	P1extneg	Han47	B	A	0.5364368557929993
7555	P1extneg	Han51	B	A	0.4112354516983032
7556	P1NTC2	Py1	B	A	0.4849275946617126
7557	P1NTC2	Py3	B	A	0.4862025678157806
7558	P1NTC2	Py5	B	A	0.4994398951530457
7559	P1NTC2	Py7	B	A	0.4875662624835968
7560	P1NTC2	Py9	B	A	0.4857635498046875
7561	P1NTC2	Py11	B	A	0.481142520904541
7562	P1NTC2	Py13	B	A	0.4862335324287415
7563	P1NTC2	Py15	B	A	0.4839839339256287
7564	P1NTC2	Py17	B	A	0.4883288443088531
7565	P1NTC2	Py19	B	A	0.4982530474662781
7566	P1NTC2	Py25	B	A	0.4759061336517334
7567	P1NTC2	Py27	B	A	0.4801680743694305
7568	P1NTC2	Py29	B	A	0.493708461523056
7569	P1NTC2	Py31	B	A	0.4850353002548218
7570	P1NTC2	Py33	B	A	0.4791369736194611
7571	P1NTC2	Py35	B	A	0.4898148477077484
7572	P1NTC2	Py37	B	A	0.4662222266197205
7573	P1NTC2	Py39	B	A	0.4824471175670624
7574	P1NTC2	Py41	B	A	0.4618439376354218
7575	P1NTC2	Py43	B	A	0.4734035730361938
7576	P1NTC2	Py45	B	A	0.4882963895797729
7577	P1NTC2	Py47	B	A	0.4758890867233276
7578	P1NTC2	Py51	B	A	0.4817889034748077
7579	P1NTC2	Py55	B	A	0.475093811750412
7580	P1NTC2	Py57	B	A	0.4666559994220734
7581	P1NTC2	Py59	B	A	0.4605847001075745
7582	P1NTC2	Py61	B	A	0.4215053915977478
7583	P1NTC2	Py63	B	A	0.4584521353244781
7584	P1NTC2	Py65	B	A	0.465428501367569
7585	P1NTC2	Py67	B	A	0.4643924832344055
7586	P1NTC2	Py69	B	A	0.4505515694618225
7587	P1NTC2	Py71	B	A	0.4543104469776154
7588	P1NTC2	Py73	B	A	0.6005755066871643
7589	P1NTC2	Py75	B	A	0.5299607515335083
7590	P1NTC2	Py78	B	A	0.5556128025054932
7591	P1NTC2	Py80	B	A	0.6033307313919067
7592	P1NTC2	Py82	B	A	0.5262491703033447
7593	P1NTC2	Py84	B	A	0.5796011686325073
7594	P1NTC2	Py86	B	A	0.5660483241081238
7595	P1NTC2	Py88	B	A	0.5346006155014038
7596	P1NTC2	HR05	B	A	0.5847821235656738
7597	P1NTC2	HR07	B	A	0.5848402380943298
7598	P1NTC2	HR09	B	A	0.5370197892189026
7599	P1NTC2	HR11	B	A	0.5919765830039978
7600	P1NTC2	HR15	B	A	0.6504274010658264
7601	P1NTC2	HR19	B	A	0.5983119010925293
7602	P1NTC2	HR21	B	A	0.6036190390586853
7603	P1NTC2	HR25	B	A	0.6752495765686035
7604	P1NTC2	HR31	B	A	0.6574190258979797
7605	P1NTC2	HR33	B	A	0.6098554134368896
7606	P1NTC2	HR37	B	A	0.6085745692253113
7607	P1NTC2	HR47	B	A	0.6134768128395081
7608	P1NTC2	HR50	B	A	0.6125528812408447
7609	P1NTC2	HR52	B	A	0.6634976267814636
7610	P1NTC2	HR56	B	A	0.5982480645179749
7611	P1NTC2	HR60	B	A	0.4417097270488739
7612	P1NTC2	HR62	B	A	0.5432354211807251
7613	P1NTC2	HR64	B	A	0.6969457864761353
7614	P1NTC2	HR66	B	A	0.6141808032989502
7615	P1NTC2	HR68	B	A	0.5569733381271362
7616	P1NTC2	H3	B	A	0.6404825448989868
7617	P1NTC2	H5	B	A	0.5959405899047852
7618	P1NTC2	H7	B	A	0.5804163813591003
7619	P1NTC2	H11	B	A	0.5790045261383057
7620	P1NTC2	H13	B	A	0.6182324886322021
7621	P1NTC2	H15	B	A	0.6885709762573242
7622	P1NTC2	Han01	B	A	0.6466461420059204
7623	P1NTC2	Han03	B	A	0.6315118074417114
7624	P1NTC2	Han05	B	A	0.601635217666626
7625	P1NTC2	Han07	B	A	0.6575555205345154
7626	P1NTC2	Han09	B	A	0.6462203860282898
7627	P1NTC2	Han11	B	A	0.6443045139312744
7628	P1NTC2	Han13	B	A	0.6371088624000549
7629	P1NTC2	Han15	B	A	0.6042652130126953
7630	P1NTC2	Han17	B	A	0.631127655506134
7631	P1NTC2	Han19	B	A	0.6411035656929016
7632	P1NTC2	Han21	B	A	0.6323118805885315
7633	P1NTC2	Han23	B	A	0.6342145800590515
7634	P1NTC2	Han25	B	A	0.6426522731781006
7635	P1NTC2	Han27	B	A	0.638028621673584
7636	P1NTC2	Han29	B	A	0.6514185667037964
7637	P1NTC2	Han31	B	A	0.6472838521003723
7638	P1NTC2	Han33	B	A	0.6624048352241516
7639	P1NTC2	Han35	B	A	0.6517855525016785
7640	P1NTC2	Han37	B	A	0.66108238697052
7641	P1NTC2	Han39	B	A	0.639628529548645
7642	P1NTC2	Han41	B	A	0.6254595518112183
7643	P1NTC2	Han43	B	A	0.6140674948692322
7644	P1NTC2	Han45	B	A	0.6254515647888184
7645	P1NTC2	Han47	B	A	0.6526025533676147
7646	P1NTC2	Han51	B	A	0.453705221414566
7647	P1PCRpos	Py1	B	A	0.3954910337924957
7648	P1PCRpos	Py3	B	A	0.3949156701564789
7649	P1PCRpos	Py5	B	A	0.3934734463691711
7650	P1PCRpos	Py7	B	A	0.3807690441608429
7651	P1PCRpos	Py9	B	A	0.3794655501842499
7652	P1PCRpos	Py11	B	A	0.3859511315822601
7653	P1PCRpos	Py13	B	A	0.376361757516861
7654	P1PCRpos	Py15	B	A	0.3911087810993195
7655	P1PCRpos	Py17	B	A	0.3731569349765778
7656	P1PCRpos	Py19	B	A	0.3974564075469971
7657	P1PCRpos	Py25	B	A	0.3748404085636139
7658	P1PCRpos	Py27	B	A	0.3695361316204071
7659	P1PCRpos	Py29	B	A	0.3794265687465668
7660	P1PCRpos	Py31	B	A	0.3639629483222961
7661	P1PCRpos	Py33	B	A	0.3694697916507721
7662	P1PCRpos	Py35	B	A	0.3757430613040924
7663	P1PCRpos	Py37	B	A	0.4167335033416748
7664	P1PCRpos	Py39	B	A	0.4190464019775391
7665	P1PCRpos	Py41	B	A	0.3983003795146942
7666	P1PCRpos	Py43	B	A	0.4015253186225891
7667	P1PCRpos	Py45	B	A	0.4166473150253296
7668	P1PCRpos	Py47	B	A	0.4023881852626801
7669	P1PCRpos	Py51	B	A	0.3973422050476074
7670	P1PCRpos	Py55	B	A	0.390804648399353
7671	P1PCRpos	Py57	B	A	0.383708119392395
7672	P1PCRpos	Py59	B	A	0.4009546637535095
7673	P1PCRpos	Py61	B	A	0.4279012084007263
7674	P1PCRpos	Py63	B	A	0.3795181214809418
7675	P1PCRpos	Py65	B	A	0.3750324249267578
7676	P1PCRpos	Py67	B	A	0.3801122903823853
7677	P1PCRpos	Py69	B	A	0.3783977329730988
7678	P1PCRpos	Py71	B	A	0.3892993927001953
7679	P1PCRpos	Py73	B	A	0.5394567847251892
7680	P1PCRpos	Py75	B	A	0.526138186454773
7681	P1PCRpos	Py78	B	A	0.4806501269340515
7682	P1PCRpos	Py80	B	A	0.5193349123001099
7683	P1PCRpos	Py82	B	A	0.4669760763645172
7684	P1PCRpos	Py84	B	A	0.4893574118614197
7685	P1PCRpos	Py86	B	A	0.5070163607597351
7686	P1PCRpos	Py88	B	A	0.5099652409553528
7687	P1PCRpos	HR05	B	A	0.4656370282173157
7688	P1PCRpos	HR07	B	A	0.4614677429199219
7689	P1PCRpos	HR09	B	A	0.418789803981781
7690	P1PCRpos	HR11	B	A	0.471647173166275
7691	P1PCRpos	HR15	B	A	0.5340746641159058
7692	P1PCRpos	HR19	B	A	0.4841336905956268
7693	P1PCRpos	HR21	B	A	0.4767569303512573
7694	P1PCRpos	HR25	B	A	0.527899444103241
7695	P1PCRpos	HR31	B	A	0.5061421394348145
7696	P1PCRpos	HR33	B	A	0.5016754269599915
7697	P1PCRpos	HR37	B	A	0.463040828704834
7698	P1PCRpos	HR47	B	A	0.4737662672996521
7699	P1PCRpos	HR50	B	A	0.4990527331829071
7700	P1PCRpos	HR52	B	A	0.5589922070503235
7701	P1PCRpos	HR56	B	A	0.4769679307937622
7702	P1PCRpos	HR60	B	A	0.43020960688591
7703	P1PCRpos	HR62	B	A	0.4612700641155243
7704	P1PCRpos	HR64	B	A	0.5444148182868958
7705	P1PCRpos	HR66	B	A	0.4916045367717743
7706	P1PCRpos	HR68	B	A	0.4632861912250519
7707	P1PCRpos	H3	B	A	0.513880729675293
7708	P1PCRpos	H5	B	A	0.4870290458202362
7709	P1PCRpos	H7	B	A	0.4657337963581085
7710	P1PCRpos	H11	B	A	0.4913694560527802
7711	P1PCRpos	H13	B	A	0.523257851600647
7712	P1PCRpos	H15	B	A	0.5630282759666443
7713	P1PCRpos	Han01	B	A	0.5337920188903809
7714	P1PCRpos	Han03	B	A	0.5273071527481079
7715	P1PCRpos	Han05	B	A	0.5434308052062988
7716	P1PCRpos	Han07	B	A	0.5390943288803101
7717	P1PCRpos	Han09	B	A	0.5313363075256348
7718	P1PCRpos	Han11	B	A	0.5355588793754578
7719	P1PCRpos	Han13	B	A	0.5377585291862488
7720	P1PCRpos	Han15	B	A	0.5565745234489441
7721	P1PCRpos	Han17	B	A	0.5345392823219299
7722	P1PCRpos	Han19	B	A	0.5315707325935364
7723	P1PCRpos	Han21	B	A	0.5235251784324646
7724	P1PCRpos	Han23	B	A	0.5308718681335449
7725	P1PCRpos	Han25	B	A	0.5454778075218201
7726	P1PCRpos	Han27	B	A	0.5363487005233765
7727	P1PCRpos	Han29	B	A	0.5363968014717102
7728	P1PCRpos	Han31	B	A	0.5279083847999573
7729	P1PCRpos	Han33	B	A	0.5333989262580872
7730	P1PCRpos	Han35	B	A	0.538821816444397
7731	P1PCRpos	Han37	B	A	0.533172070980072
7732	P1PCRpos	Han39	B	A	0.5304413437843323
7733	P1PCRpos	Han41	B	A	0.52635258436203
7734	P1PCRpos	Han43	B	A	0.5249835252761841
7735	P1PCRpos	Han45	B	A	0.5229308009147644
7736	P1PCRpos	Han47	B	A	0.5635435581207275
7737	P1PCRpos	Han51	B	A	0.4238464534282684
7738	HR02	Py1	B	A	0.3409277498722076
7739	HR02	Py3	B	A	0.3416892886161804
7740	HR02	Py5	B	A	0.382294625043869
7741	HR02	Py7	B	A	0.3399939835071564
7742	HR02	Py9	B	A	0.3399655818939209
7743	HR02	Py11	B	A	0.3542380928993225
7744	HR02	Py13	B	A	0.3432024717330933
7745	HR02	Py15	B	A	0.3568155169487
7746	HR02	Py17	B	A	0.3419625461101532
7747	HR02	Py19	B	A	0.4005913734436035
7748	HR02	Py25	B	A	0.4044430255889893
7749	HR02	Py27	B	A	0.3445454835891724
7750	HR02	Py29	B	A	0.3433002829551697
7751	HR02	Py31	B	A	0.3413119614124298
7752	HR02	Py33	B	A	0.3524761199951172
7753	HR02	Py35	B	A	0.3388743102550507
7754	HR02	Py37	B	A	0.3483956158161163
7755	HR02	Py39	B	A	0.3301914632320404
7756	HR02	Py41	B	A	0.3451471924781799
7757	HR02	Py43	B	A	0.3522528111934662
7758	HR02	Py45	B	A	0.380525529384613
7759	HR02	Py47	B	A	0.3510586321353912
7760	HR02	Py51	B	A	0.3306408822536469
7761	HR02	Py55	B	A	0.3666388988494873
7762	HR02	Py57	B	A	0.3639665842056274
7763	HR02	Py59	B	A	0.3948485255241394
7764	HR02	Py61	B	A	0.4180141091346741
7765	HR02	Py63	B	A	0.3432777523994446
7766	HR02	Py65	B	A	0.3367730677127838
7767	HR02	Py67	B	A	0.3400137424468994
7768	HR02	Py69	B	A	0.3508746922016144
7769	HR02	Py71	B	A	0.346436083316803
7770	HR02	Py73	B	A	0.454628974199295
7771	HR02	Py75	B	A	0.4406822323799133
7772	HR02	Py78	B	A	0.3838855028152466
7773	HR02	Py80	B	A	0.4161547124385834
7774	HR02	Py82	B	A	0.3598241209983826
7775	HR02	Py84	B	A	0.3866479098796844
7776	HR02	Py86	B	A	0.3831679224967957
7777	HR02	Py88	B	A	0.3880821764469147
7778	HR02	HR05	B	A	0.1747306287288666
7779	HR02	HR07	B	A	0.2485771775245667
7780	HR02	HR09	B	A	0.241940051317215
7781	HR02	HR11	B	A	0.1847042888402939
7782	HR02	HR15	B	A	0.2430368512868881
7783	HR02	HR19	B	A	0.1849151700735092
7784	HR02	HR21	B	A	0.1557057648897171
7785	HR02	HR25	B	A	0.4055868685245514
7786	HR02	HR31	B	A	0.4236882328987122
7787	HR02	HR33	B	A	0.2059803009033203
7788	HR02	HR37	B	A	0.3276031613349915
7789	HR02	HR47	B	A	0.3899602293968201
7790	HR02	HR50	B	A	0.2374087572097778
7791	HR02	HR52	B	A	0.3295961618423462
7792	HR02	HR56	B	A	0.2221794873476028
7793	HR02	HR60	B	A	0.3343220353126526
7794	HR02	HR62	B	A	0.1862581074237823
7795	HR02	HR64	B	A	0.4461652040481567
7796	HR02	HR66	B	A	0.2120831161737442
7797	HR02	HR68	B	A	0.1568669378757477
7798	HR02	H3	B	A	0.2492835223674774
7799	HR02	H5	B	A	0.2103652060031891
7800	HR02	H7	B	A	0.1939894706010818
7801	HR02	H11	B	A	0.17831951379776
7802	HR02	H13	B	A	0.2623135149478912
7803	HR02	H15	B	A	0.3465720415115356
7804	HR02	Han01	B	A	0.4450846910476685
7805	HR02	Han03	B	A	0.429103285074234
7806	HR02	Han05	B	A	0.4730069935321808
7807	HR02	Han07	B	A	0.4502348005771637
7808	HR02	Han09	B	A	0.4425928294658661
7809	HR02	Han11	B	A	0.4415032267570496
7810	HR02	Han13	B	A	0.430784672498703
7811	HR02	Han15	B	A	0.4514610171318054
7812	HR02	Han17	B	A	0.4315330684185028
7813	HR02	Han19	B	A	0.4342518448829651
7814	HR02	Han21	B	A	0.4343990385532379
7815	HR02	Han23	B	A	0.4176539182662964
7816	HR02	Han25	B	A	0.4320265054702759
7817	HR02	Han27	B	A	0.4237413108348846
7818	HR02	Han29	B	A	0.4365500211715698
7819	HR02	Han31	B	A	0.4353757798671722
7820	HR02	Han33	B	A	0.4600854218006134
7821	HR02	Han35	B	A	0.4336122870445251
7822	HR02	Han37	B	A	0.4537570178508759
7823	HR02	Han39	B	A	0.4394920170307159
7824	HR02	Han41	B	A	0.4281628727912903
7825	HR02	Han43	B	A	0.4251860082149506
7826	HR02	Han45	B	A	0.4246333241462708
7827	HR02	Han47	B	A	0.4900356233119965
7828	HR02	Han51	B	A	0.4193243086338043
7829	HR06	Py1	B	A	0.3429307043552399
7830	HR06	Py3	B	A	0.3445906639099121
7831	HR06	Py5	B	A	0.4058486223220825
7832	HR06	Py7	B	A	0.3420149087905884
7833	HR06	Py9	B	A	0.3419840633869171
7834	HR06	Py11	B	A	0.3618912696838379
7835	HR06	Py13	B	A	0.341028094291687
7836	HR06	Py15	B	A	0.3694074749946594
7837	HR06	Py17	B	A	0.3447898626327515
7838	HR06	Py19	B	A	0.4196498692035675
7839	HR06	Py25	B	A	0.4239998757839203
7840	HR06	Py27	B	A	0.3504297435283661
7841	HR06	Py29	B	A	0.344852089881897
7842	HR06	Py31	B	A	0.3443840146064758
7843	HR06	Py33	B	A	0.3614059388637543
7844	HR06	Py35	B	A	0.3413943946361542
7845	HR06	Py37	B	A	0.3533445298671722
7846	HR06	Py39	B	A	0.3352506756782532
7847	HR06	Py41	B	A	0.3454072177410126
7848	HR06	Py43	B	A	0.353649377822876
7849	HR06	Py45	B	A	0.3966864943504333
7850	HR06	Py47	B	A	0.3587418794631958
7851	HR06	Py51	B	A	0.3281267583370209
7852	HR06	Py55	B	A	0.3812606334686279
7853	HR06	Py57	B	A	0.3785023093223572
7854	HR06	Py59	B	A	0.4096809327602386
7855	HR06	Py61	B	A	0.4309253990650177
7856	HR06	Py63	B	A	0.3433080911636353
7857	HR06	Py65	B	A	0.3369867503643036
7858	HR06	Py67	B	A	0.3416626453399658
7859	HR06	Py69	B	A	0.3526473641395569
7860	HR06	Py71	B	A	0.3483253717422485
7861	HR06	Py73	B	A	0.452231377363205
7862	HR06	Py75	B	A	0.4397080540657043
7863	HR06	Py78	B	A	0.4118928611278534
7864	HR06	Py80	B	A	0.4122797846794128
7865	HR06	Py82	B	A	0.3678921163082123
7866	HR06	Py84	B	A	0.411488264799118
7867	HR06	Py86	B	A	0.401348888874054
7868	HR06	Py88	B	A	0.4067125916481018
7869	HR06	HR05	B	A	0.1763128936290741
7870	HR06	HR07	B	A	0.2357212454080582
7871	HR06	HR09	B	A	0.2574594914913177
7872	HR06	HR11	B	A	0.198863610625267
7873	HR06	HR15	B	A	0.2021666616201401
7874	HR06	HR19	B	A	0.2245512753725052
7875	HR06	HR21	B	A	0.2060928791761398
7876	HR06	HR25	B	A	0.4575538039207458
7877	HR06	HR31	B	A	0.4734964072704315
7878	HR06	HR33	B	A	0.2932064235210419
7879	HR06	HR37	B	A	0.3829190731048584
7880	HR06	HR47	B	A	0.4300886988639832
7881	HR06	HR50	B	A	0.2837331891059875
7882	HR06	HR52	B	A	0.3689578771591187
7883	HR06	HR56	B	A	0.2811112105846405
7884	HR06	HR60	B	A	0.3885462880134583
7885	HR06	HR62	B	A	0.2726565897464752
7886	HR06	HR64	B	A	0.4913529753684998
7887	HR06	HR66	B	A	0.2151908576488495
7888	HR06	HR68	B	A	0.170756071805954
7889	HR06	H3	B	A	0.3141142725944519
7890	HR06	H5	B	A	0.2888815701007843
7891	HR06	H7	B	A	0.217775285243988
7892	HR06	H11	B	A	0.233899399638176
7893	HR06	H13	B	A	0.3223044574260712
7894	HR06	H15	B	A	0.3988345563411713
7895	HR06	Han01	B	A	0.4569587707519531
7896	HR06	Han03	B	A	0.4444793462753296
7897	HR06	Han05	B	A	0.4839964509010315
7898	HR06	Han07	B	A	0.4622079730033875
7899	HR06	Han09	B	A	0.4526315331459045
7900	HR06	Han11	B	A	0.4538207054138184
7901	HR06	Han13	B	A	0.4458955526351929
7902	HR06	Han15	B	A	0.4616536498069763
7903	HR06	Han17	B	A	0.4441118240356445
7904	HR06	Han19	B	A	0.4458742439746857
7905	HR06	Han21	B	A	0.4489981830120087
7906	HR06	Han23	B	A	0.434066116809845
7907	HR06	Han25	B	A	0.4452705681324005
7908	HR06	Han27	B	A	0.4406065046787262
7909	HR06	Han29	B	A	0.4550741016864777
7910	HR06	Han31	B	A	0.453398585319519
7911	HR06	Han33	B	A	0.4654803872108459
7912	HR06	Han35	B	A	0.4497724175453186
7913	HR06	Han37	B	A	0.4626196622848511
7914	HR06	Han39	B	A	0.4577337801456451
7915	HR06	Han41	B	A	0.4463525116443634
7916	HR06	Han43	B	A	0.4419792890548706
7917	HR06	Han45	B	A	0.4388902485370636
7918	HR06	Han47	B	A	0.5016797780990601
7919	HR06	Han51	B	A	0.4223994612693787
7920	HR08	Py1	B	A	0.3941250145435333
7921	HR08	Py3	B	A	0.3952378332614899
7922	HR08	Py5	B	A	0.4451977014541626
7923	HR08	Py7	B	A	0.3854420185089111
7924	HR08	Py9	B	A	0.3846262097358704
7925	HR08	Py11	B	A	0.4082016944885254
7926	HR08	Py13	B	A	0.3881387710571289
7927	HR08	Py15	B	A	0.4160738885402679
7928	HR08	Py17	B	A	0.3876523375511169
7929	HR08	Py19	B	A	0.460907518863678
7930	HR08	Py25	B	A	0.4660224616527557
7931	HR08	Py27	B	A	0.398104190826416
7932	HR08	Py29	B	A	0.3916873335838318
7933	HR08	Py31	B	A	0.3863297998905182
7934	HR08	Py33	B	A	0.4057823121547699
7935	HR08	Py35	B	A	0.3861739933490753
7936	HR08	Py37	B	A	0.4182010889053345
7937	HR08	Py39	B	A	0.3944292068481445
7938	HR08	Py41	B	A	0.4013441801071167
7939	HR08	Py43	B	A	0.4103916585445404
7940	HR08	Py45	B	A	0.446772426366806
7941	HR08	Py47	B	A	0.4156601130962372
7942	HR08	Py51	B	A	0.3839207589626312
7943	HR08	Py55	B	A	0.4308319389820099
7944	HR08	Py57	B	A	0.4316670000553131
7945	HR08	Py59	B	A	0.4673771858215332
7946	HR08	Py61	B	A	0.487735241651535
7947	HR08	Py63	B	A	0.3938661813735962
7948	HR08	Py65	B	A	0.3868508040904999
7949	HR08	Py67	B	A	0.3940233588218689
7950	HR08	Py69	B	A	0.4082340598106384
7951	HR08	Py71	B	A	0.4032829105854034
7952	HR08	Py73	B	A	0.4418357014656067
7953	HR08	Py75	B	A	0.4334554374217987
7954	HR08	Py78	B	A	0.4474150240421295
7955	HR08	Py80	B	A	0.399247795343399
7956	HR08	Py82	B	A	0.4226112067699432
7957	HR08	Py84	B	A	0.4400016963481903
7958	HR08	Py86	B	A	0.4304546117782593
7959	HR08	Py88	B	A	0.4389547109603882
7960	HR08	HR05	B	A	0.2417829632759094
7961	HR08	HR07	B	A	0.1997834891080856
7962	HR08	HR09	B	A	0.3247805833816528
7963	HR08	HR11	B	A	0.3470401167869568
7964	HR08	HR15	B	A	0.3574877381324768
7965	HR08	HR19	B	A	0.3385061621665955
7966	HR08	HR21	B	A	0.3183920979499817
7967	HR08	HR25	B	A	0.5200793147087097
7968	HR08	HR31	B	A	0.5167538523674011
7969	HR08	HR33	B	A	0.4058529138565063
7970	HR08	HR37	B	A	0.4424920976161957
7971	HR08	HR47	B	A	0.4705349504947662
7972	HR08	HR50	B	A	0.3985027968883514
7973	HR08	HR52	B	A	0.4696893990039825
7974	HR08	HR56	B	A	0.3973504602909088
7975	HR08	HR60	B	A	0.4420128762722015
7976	HR08	HR62	B	A	0.3800789713859558
7977	HR08	HR64	B	A	0.5419788956642151
7978	HR08	HR66	B	A	0.3303059637546539
7979	HR08	HR68	B	A	0.2735050916671753
7980	HR08	H3	B	A	0.4178844690322876
7981	HR08	H5	B	A	0.401120126247406
7982	HR08	H7	B	A	0.3435214459896088
7983	HR08	H11	B	A	0.3777739703655243
7984	HR08	H13	B	A	0.4420791268348694
7985	HR08	H15	B	A	0.5043476819992065
7986	HR08	Han01	B	A	0.4405522644519806
7987	HR08	Han03	B	A	0.4281936585903168
7988	HR08	Han05	B	A	0.5215064287185669
7989	HR08	Han07	B	A	0.445292741060257
7990	HR08	Han09	B	A	0.4342682361602783
7991	HR08	Han11	B	A	0.4390199482440948
7992	HR08	Han13	B	A	0.4373182356357574
7993	HR08	Han15	B	A	0.5103375315666199
7994	HR08	Han17	B	A	0.4303812682628632
7995	HR08	Han19	B	A	0.4314267933368683
7996	HR08	Han21	B	A	0.4321572184562683
7997	HR08	Han23	B	A	0.4278720319271088
7998	HR08	Han25	B	A	0.4430249929428101
7999	HR08	Han27	B	A	0.4390997588634491
8000	HR08	Han29	B	A	0.4500199556350708
8001	HR08	Han31	B	A	0.4358630478382111
8002	HR08	Han33	B	A	0.4429087340831757
8003	HR08	Han35	B	A	0.4405337274074554
8004	HR08	Han37	B	A	0.4433748722076416
8005	HR08	Han39	B	A	0.4408249855041504
8006	HR08	Han41	B	A	0.4301782846450806
8007	HR08	Han43	B	A	0.4279704391956329
8008	HR08	Han45	B	A	0.426417350769043
8009	HR08	Han47	B	A	0.5378029942512512
8010	HR08	Han51	B	A	0.4090564846992493
8011	HR10	Py1	B	A	0.3615845143795013
8012	HR10	Py3	B	A	0.3605267703533173
8013	HR10	Py5	B	A	0.4048306345939636
8014	HR10	Py7	B	A	0.3578645586967468
8015	HR10	Py9	B	A	0.3575853407382965
8016	HR10	Py11	B	A	0.3718767762184143
8017	HR10	Py13	B	A	0.3606725037097931
8018	HR10	Py15	B	A	0.377353310585022
8019	HR10	Py17	B	A	0.3597936630249023
8020	HR10	Py19	B	A	0.4236381351947784
8021	HR10	Py25	B	A	0.4278810322284698
8022	HR10	Py27	B	A	0.3622208535671234
8023	HR10	Py29	B	A	0.3610486090183258
8024	HR10	Py31	B	A	0.3588192760944366
8025	HR10	Py33	B	A	0.369938850402832
8026	HR10	Py35	B	A	0.3566146194934845
8027	HR10	Py37	B	A	0.3707149922847748
8028	HR10	Py39	B	A	0.3526144325733185
8029	HR10	Py41	B	A	0.3678390085697174
8030	HR10	Py43	B	A	0.3759030103683472
8031	HR10	Py45	B	A	0.4077298045158386
8032	HR10	Py47	B	A	0.3748929500579834
8033	HR10	Py51	B	A	0.3531192541122437
8034	HR10	Py55	B	A	0.3909924328327179
8035	HR10	Py57	B	A	0.3906053602695465
8036	HR10	Py59	B	A	0.4253226518630981
8037	HR10	Py61	B	A	0.4477666318416595
8038	HR10	Py63	B	A	0.3666569888591766
8039	HR10	Py65	B	A	0.3606001138687134
8040	HR10	Py67	B	A	0.364103227853775
8041	HR10	Py69	B	A	0.3745822310447693
8042	HR10	Py71	B	A	0.3703919649124146
8043	HR10	Py73	B	A	0.4501106441020966
8044	HR10	Py75	B	A	0.438656210899353
8045	HR10	Py78	B	A	0.3873109817504883
8046	HR10	Py80	B	A	0.4107240438461304
8047	HR10	Py82	B	A	0.3695247173309326
8048	HR10	Py84	B	A	0.3840357959270477
8049	HR10	Py86	B	A	0.377177894115448
8050	HR10	Py88	B	A	0.3847370445728302
8051	HR10	HR05	B	A	0.200942650437355
8052	HR10	HR07	B	A	0.2449344545602798
8053	HR10	HR09	B	A	0.2689599692821503
8054	HR10	HR11	B	A	0.1799671649932861
8055	HR10	HR15	B	A	0.237520769238472
8056	HR10	HR19	B	A	0.1606060564517975
8057	HR10	HR21	B	A	0.1228358000516891
8058	HR10	HR25	B	A	0.4016461372375488
8059	HR10	HR31	B	A	0.4183948636054993
8060	HR10	HR33	B	A	0.2195123434066772
8061	HR10	HR37	B	A	0.3326990604400635
8062	HR10	HR47	B	A	0.3984450399875641
8063	HR10	HR50	B	A	0.2133438736200333
8064	HR10	HR52	B	A	0.31827312707901
8065	HR10	HR56	B	A	0.2387830913066864
8066	HR10	HR60	B	A	0.383380115032196
8067	HR10	HR62	B	A	0.2195279747247696
8068	HR10	HR64	B	A	0.4371330738067627
8069	HR10	HR66	B	A	0.1839076280593872
8070	HR10	HR68	B	A	0.1788512319326401
8071	HR10	H3	B	A	0.2191341370344162
8072	HR10	H5	B	A	0.2183382958173752
8073	HR10	H7	B	A	0.1664959639310837
8074	HR10	H11	B	A	0.2060135751962662
8075	HR10	H13	B	A	0.2534959316253662
8076	HR10	H15	B	A	0.3151680827140808
8077	HR10	Han01	B	A	0.438080221414566
8078	HR10	Han03	B	A	0.4228714406490326
8079	HR10	Han05	B	A	0.4904738962650299
8080	HR10	Han07	B	A	0.4352638125419617
8081	HR10	Han09	B	A	0.4358570575714111
8082	HR10	Han11	B	A	0.4293022155761719
8083	HR10	Han13	B	A	0.4229386746883392
8084	HR10	Han15	B	A	0.4679480195045471
8085	HR10	Han17	B	A	0.4270282387733459
8086	HR10	Han19	B	A	0.4278303384780884
8087	HR10	Han21	B	A	0.4325752556324005
8088	HR10	Han23	B	A	0.4088953733444214
8089	HR10	Han25	B	A	0.422993540763855
8090	HR10	Han27	B	A	0.4144898951053619
8091	HR10	Han29	B	A	0.4276783168315887
8092	HR10	Han31	B	A	0.4293478429317474
8093	HR10	Han33	B	A	0.4501366913318634
8094	HR10	Han35	B	A	0.4224055409431458
8095	HR10	Han37	B	A	0.4446820914745331
8096	HR10	Han39	B	A	0.4309042692184448
8097	HR10	Han41	B	A	0.4203017354011536
8098	HR10	Han43	B	A	0.4210177361965179
8099	HR10	Han45	B	A	0.4202646613121033
8100	HR10	Han47	B	A	0.5084474086761475
8101	HR10	Han51	B	A	0.4200133681297302
8102	HR12	Py1	B	A	0.4152165651321411
8103	HR12	Py3	B	A	0.4160417914390564
8104	HR12	Py5	B	A	0.4596527218818665
8105	HR12	Py7	B	A	0.4139478206634521
8106	HR12	Py9	B	A	0.4136800765991211
8107	HR12	Py11	B	A	0.428117573261261
8108	HR12	Py13	B	A	0.4166157841682434
8109	HR12	Py15	B	A	0.4317447245121002
8110	HR12	Py17	B	A	0.4163350462913513
8111	HR12	Py19	B	A	0.4779044389724731
8112	HR12	Py25	B	A	0.4816213846206665
8113	HR12	Py27	B	A	0.4185207486152649
8114	HR12	Py29	B	A	0.4175961017608643
8115	HR12	Py31	B	A	0.4152227342128754
8116	HR12	Py33	B	A	0.4263780117034912
8117	HR12	Py35	B	A	0.4133181869983673
8118	HR12	Py37	B	A	0.4219446182250977
8119	HR12	Py39	B	A	0.4044337868690491
8120	HR12	Py41	B	A	0.4180487394332886
8121	HR12	Py43	B	A	0.4262110888957977
8122	HR12	Py45	B	A	0.4595618546009064
8123	HR12	Py47	B	A	0.4250005781650543
8124	HR12	Py51	B	A	0.4034635126590729
8125	HR12	Py55	B	A	0.4441792368888855
8126	HR12	Py57	B	A	0.4411230087280273
8127	HR12	Py59	B	A	0.4725491106510162
8128	HR12	Py61	B	A	0.4964490830898285
8129	HR12	Py63	B	A	0.4167939126491547
8130	HR12	Py65	B	A	0.4106899797916412
8131	HR12	Py67	B	A	0.4142303466796875
8132	HR12	Py69	B	A	0.424306333065033
8133	HR12	Py71	B	A	0.4203625917434692
8134	HR12	Py73	B	A	0.4949345886707306
8135	HR12	Py75	B	A	0.4879843592643738
8136	HR12	Py78	B	A	0.4596114158630371
8137	HR12	Py80	B	A	0.4602316319942474
8138	HR12	Py82	B	A	0.4286733269691467
8139	HR12	Py84	B	A	0.4568861126899719
8140	HR12	Py86	B	A	0.4482924938201904
8141	HR12	Py88	B	A	0.454534649848938
8142	HR12	HR05	B	A	0.2170670181512833
8143	HR12	HR07	B	A	0.2859726846218109
8144	HR12	HR09	B	A	0.2993482947349548
8145	HR12	HR11	B	A	0.2286926209926605
8146	HR12	HR15	B	A	0.1395139843225479
8147	HR12	HR19	B	A	0.2633854448795319
8148	HR12	HR21	B	A	0.250596821308136
8149	HR12	HR25	B	A	0.4816681146621704
8150	HR12	HR31	B	A	0.5036017298698425
8151	HR12	HR33	B	A	0.3178505599498749
8152	HR12	HR37	B	A	0.4192578494548798
8153	HR12	HR47	B	A	0.4593242704868317
8154	HR12	HR50	B	A	0.3159189224243164
8155	HR12	HR52	B	A	0.3964800834655762
8156	HR12	HR56	B	A	0.3195368945598602
8157	HR12	HR60	B	A	0.4313306510448456
8158	HR12	HR62	B	A	0.3017658591270447
8159	HR12	HR64	B	A	0.5206731557846069
8160	HR12	HR66	B	A	0.2446773201227188
8161	HR12	HR68	B	A	0.2247801870107651
8162	HR12	H3	B	A	0.341717541217804
8163	HR12	H5	B	A	0.3262361884117126
8164	HR12	H7	B	A	0.2641336619853973
8165	HR12	H11	B	A	0.266657292842865
8166	HR12	H13	B	A	0.356416255235672
8167	HR12	H15	B	A	0.4177994728088379
8168	HR12	Han01	B	A	0.5002482533454895
8169	HR12	Han03	B	A	0.4879271686077118
8170	HR12	Han05	B	A	0.5397660136222839
8171	HR12	Han07	B	A	0.5045510530471802
8172	HR12	Han09	B	A	0.4951332211494446
8173	HR12	Han11	B	A	0.4978923797607422
8174	HR12	Han13	B	A	0.4907794594764709
8175	HR12	Han15	B	A	0.5183793306350708
8176	HR12	Han17	B	A	0.4891273677349091
8177	HR12	Han19	B	A	0.4890290796756744
8178	HR12	Han21	B	A	0.4915565252304077
8179	HR12	Han23	B	A	0.4785548448562622
8180	HR12	Han25	B	A	0.4913491308689117
8181	HR12	Han27	B	A	0.4846066236495972
8182	HR12	Han29	B	A	0.4976073801517487
8183	HR12	Han31	B	A	0.4955394864082336
8184	HR12	Han33	B	A	0.5062287449836731
8185	HR12	Han35	B	A	0.4928211271762848
8186	HR12	Han37	B	A	0.5044886469841003
8187	HR12	Han39	B	A	0.4990497827529907
8188	HR12	Han41	B	A	0.4889168739318848
8189	HR12	Han43	B	A	0.4862784743309021
8190	HR12	Han45	B	A	0.4836337268352509
8191	HR12	Han47	B	A	0.5532307028770447
8192	HR12	Han51	B	A	0.4710589349269867
8193	HR18	Py1	B	A	0.3530274629592896
8194	HR18	Py3	B	A	0.3539040982723236
8195	HR18	Py5	B	A	0.4015576243400574
8196	HR18	Py7	B	A	0.3530759215354919
8197	HR18	Py9	B	A	0.353024423122406
8198	HR18	Py11	B	A	0.3681231439113617
8199	HR18	Py13	B	A	0.3529736995697021
8200	HR18	Py15	B	A	0.3711600005626678
8201	HR18	Py17	B	A	0.3561715483665466
8202	HR18	Py19	B	A	0.4181345403194427
8203	HR18	Py25	B	A	0.4216298758983612
8204	HR18	Py27	B	A	0.3578788042068481
8205	HR18	Py29	B	A	0.3559548258781433
8206	HR18	Py31	B	A	0.3564952313899994
8207	HR18	Py33	B	A	0.3679470419883728
8208	HR18	Py35	B	A	0.3522873520851135
8209	HR18	Py37	B	A	0.3554710149765015
8210	HR18	Py39	B	A	0.3372052907943726
8211	HR18	Py41	B	A	0.3522949814796448
8212	HR18	Py43	B	A	0.3601857125759125
8213	HR18	Py45	B	A	0.3973789215087891
8214	HR18	Py47	B	A	0.3621142506599426
8215	HR18	Py51	B	A	0.3367210328578949
8216	HR18	Py55	B	A	0.382423609495163
8217	HR18	Py57	B	A	0.3794703781604767
8218	HR18	Py59	B	A	0.4059172570705414
8219	HR18	Py61	B	A	0.4296627640724182
8220	HR18	Py63	B	A	0.3515396118164062
8221	HR18	Py65	B	A	0.3451824188232422
8222	HR18	Py67	B	A	0.3490371108055115
8223	HR18	Py69	B	A	0.3591272234916687
8224	HR18	Py71	B	A	0.354741632938385
8225	HR18	Py73	B	A	0.452991783618927
8226	HR18	Py75	B	A	0.4400835335254669
8227	HR18	Py78	B	A	0.3958845436573029
8228	HR18	Py80	B	A	0.4125730395317078
8229	HR18	Py82	B	A	0.3656189143657684
8230	HR18	Py84	B	A	0.3963785767555237
8231	HR18	Py86	B	A	0.3851931095123291
8232	HR18	Py88	B	A	0.3903743922710419
8233	HR18	HR05	B	A	0.1680204272270203
8234	HR18	HR07	B	A	0.2383657544851303
8235	HR18	HR09	B	A	0.2430699914693832
8236	HR18	HR11	B	A	0.1477663367986679
8237	HR18	HR15	B	A	0.2095402777194977
8238	HR18	HR19	B	A	0.1475866436958313
8239	HR18	HR21	B	A	0.1539224684238434
8240	HR18	HR25	B	A	0.4138547480106354
8241	HR18	HR31	B	A	0.4323568344116211
8242	HR18	HR33	B	A	0.2038260400295258
8243	HR18	HR37	B	A	0.3412194848060608
8244	HR18	HR47	B	A	0.4046476483345032
8245	HR18	HR50	B	A	0.202321395277977
8246	HR18	HR52	B	A	0.3011122345924377
8247	HR18	HR56	B	A	0.2212938070297241
8248	HR18	HR60	B	A	0.36810103058815
8249	HR18	HR62	B	A	0.1998266577720642
8250	HR18	HR64	B	A	0.4524751007556915
8251	HR18	HR66	B	A	0.1841416507959366
8252	HR18	HR68	B	A	0.1543508321046829
8253	HR18	H3	B	A	0.2333067506551743
8254	HR18	H5	B	A	0.2084872424602509
8255	HR18	H7	B	A	0.1590546518564224
8256	HR18	H11	B	A	0.1762420535087585
8257	HR18	H13	B	A	0.2364010363817215
8258	HR18	H15	B	A	0.3275795578956604
8259	HR18	Han01	B	A	0.4473798871040344
8260	HR18	Han03	B	A	0.4336788356304169
8261	HR18	Han05	B	A	0.482429027557373
8262	HR18	Han07	B	A	0.4528779685497284
8263	HR18	Han09	B	A	0.4468117356300354
8264	HR18	Han11	B	A	0.4433484971523285
8265	HR18	Han13	B	A	0.4352621734142303
8266	HR18	Han15	B	A	0.459342360496521
8267	HR18	Han17	B	A	0.4326982200145721
8268	HR18	Han19	B	A	0.438211590051651
8269	HR18	Han21	B	A	0.4433364272117615
8270	HR18	Han23	B	A	0.42330601811409
8271	HR18	Han25	B	A	0.433901458978653
8272	HR18	Han27	B	A	0.4272049963474274
8273	HR18	Han29	B	A	0.4438070952892303
8274	HR18	Han31	B	A	0.4422544836997986
8275	HR18	Han33	B	A	0.4646369218826294
8276	HR18	Han35	B	A	0.4396822154521942
8277	HR18	Han37	B	A	0.4586094319820404
8278	HR18	Han39	B	A	0.4471473097801208
8279	HR18	Han41	B	A	0.4337852895259857
8280	HR18	Han43	B	A	0.4285772442817688
8281	HR18	Han45	B	A	0.4277773499488831
8282	HR18	Han47	B	A	0.502778172492981
8283	HR18	Han51	B	A	0.4293086230754852
8284	HR20	Py1	B	A	0.3287557363510132
8285	HR20	Py3	B	A	0.3295397460460663
8286	HR20	Py5	B	A	0.3917884230613708
8287	HR20	Py7	B	A	0.3297217488288879
8288	HR20	Py9	B	A	0.3308300375938416
8289	HR20	Py11	B	A	0.349579781293869
8290	HR20	Py13	B	A	0.3306626379489899
8291	HR20	Py15	B	A	0.3567779958248138
8292	HR20	Py17	B	A	0.3385176956653595
8293	HR20	Py19	B	A	0.4082008600234985
8294	HR20	Py25	B	A	0.4073401689529419
8295	HR20	Py27	B	A	0.3405007123947144
8296	HR20	Py29	B	A	0.3382037878036499
8297	HR20	Py31	B	A	0.339316338300705
8298	HR20	Py33	B	A	0.3535449206829071
8299	HR20	Py35	B	A	0.3328993022441864
8300	HR20	Py37	B	A	0.336106538772583
8301	HR20	Py39	B	A	0.3164746761322021
8302	HR20	Py41	B	A	0.3335925340652466
8303	HR20	Py43	B	A	0.3427646160125732
8304	HR20	Py45	B	A	0.3798061907291412
8305	HR20	Py47	B	A	0.3464876413345337
8306	HR20	Py51	B	A	0.317540168762207
8307	HR20	Py55	B	A	0.3680784106254578
8308	HR20	Py57	B	A	0.3653345108032227
8309	HR20	Py59	B	A	0.3989275991916656
8310	HR20	Py61	B	A	0.4184329211711884
8311	HR20	Py63	B	A	0.3334281742572784
8312	HR20	Py65	B	A	0.3271989524364471
8313	HR20	Py67	B	A	0.3301703929901123
8314	HR20	Py69	B	A	0.3409602344036102
8315	HR20	Py71	B	A	0.3364559412002563
8316	HR20	Py73	B	A	0.4929236173629761
8317	HR20	Py75	B	A	0.4717250764369965
8318	HR20	Py78	B	A	0.4198813140392303
8319	HR20	Py80	B	A	0.4493191242218018
8320	HR20	Py82	B	A	0.3951915502548218
8321	HR20	Py84	B	A	0.4234165549278259
8322	HR20	Py86	B	A	0.4154081046581268
8323	HR20	Py88	B	A	0.4203278124332428
8324	HR20	HR05	B	A	0.2654553651809692
8325	HR20	HR07	B	A	0.3052185475826263
8326	HR20	HR09	B	A	0.2984732389450073
8327	HR20	HR11	B	A	0.2082865685224533
8328	HR20	HR15	B	A	0.3401104509830475
8329	HR20	HR19	B	A	0.2100127041339874
8330	HR20	HR21	B	A	0.241993710398674
8331	HR20	HR25	B	A	0.4118919670581818
8332	HR20	HR31	B	A	0.4263516664505005
8333	HR20	HR33	B	A	0.2473932802677155
8334	HR20	HR37	B	A	0.3312896490097046
8335	HR20	HR47	B	A	0.3919923901557922
8336	HR20	HR50	B	A	0.2219720780849457
8337	HR20	HR52	B	A	0.3327385485172272
8338	HR20	HR56	B	A	0.2211842685937881
8339	HR20	HR60	B	A	0.3770091533660889
8340	HR20	HR62	B	A	0.2488823682069778
8341	HR20	HR64	B	A	0.4528582692146301
8342	HR20	HR66	B	A	0.2998128831386566
8343	HR20	HR68	B	A	0.2590417861938477
8344	HR20	H3	B	A	0.2422053068876266
8345	HR20	H5	B	A	0.2341624200344086
8346	HR20	H7	B	A	0.1754928827285767
8347	HR20	H11	B	A	0.2393110394477844
8348	HR20	H13	B	A	0.2366773188114166
8349	HR20	H15	B	A	0.3277664482593536
8350	HR20	Han01	B	A	0.4756978154182434
8351	HR20	Han03	B	A	0.4605980217456818
8352	HR20	Han05	B	A	0.4727489650249481
8353	HR20	Han07	B	A	0.4798553287982941
8354	HR20	Han09	B	A	0.4736008644104004
8355	HR20	Han11	B	A	0.4723155796527863
8356	HR20	Han13	B	A	0.4620362222194672
8357	HR20	Han15	B	A	0.4755592346191406
8358	HR20	Han17	B	A	0.4622054100036621
8359	HR20	Han19	B	A	0.4650873243808746
8360	HR20	Han21	B	A	0.4653884470462799
8361	HR20	Han23	B	A	0.4487470686435699
8362	HR20	Han25	B	A	0.4630716145038605
8363	HR20	Han27	B	A	0.4534680843353271
8364	HR20	Han29	B	A	0.4661001265048981
8365	HR20	Han31	B	A	0.4645207822322845
8366	HR20	Han33	B	A	0.488796591758728
8367	HR20	Han35	B	A	0.463247537612915
8368	HR20	Han37	B	A	0.4826761484146118
8369	HR20	Han39	B	A	0.4718048870563507
8370	HR20	Han41	B	A	0.4601742625236511
8371	HR20	Han43	B	A	0.4572854936122894
8372	HR20	Han45	B	A	0.456254631280899
8373	HR20	Han47	B	A	0.4871006011962891
8374	HR20	Han51	B	A	0.4651796817779541
8375	HR22	Py1	B	A	0.3336701691150665
8376	HR22	Py3	B	A	0.3385817408561707
8377	HR22	Py5	B	A	0.4222931563854218
8378	HR22	Py7	B	A	0.3466041088104248
8379	HR22	Py9	B	A	0.3455598950386047
8380	HR22	Py11	B	A	0.3696716129779816
8381	HR22	Py13	B	A	0.3419902324676514
8382	HR22	Py15	B	A	0.3778305351734161
8383	HR22	Py17	B	A	0.3606862425804138
8384	HR22	Py19	B	A	0.4337705671787262
8385	HR22	Py25	B	A	0.4278625249862671
8386	HR22	Py27	B	A	0.3617225587368011
8387	HR22	Py29	B	A	0.3598131835460663
8388	HR22	Py31	B	A	0.3615829944610596
8389	HR22	Py33	B	A	0.3762131333351135
8390	HR22	Py35	B	A	0.3544901609420776
8391	HR22	Py37	B	A	0.3155905306339264
8392	HR22	Py39	B	A	0.2977958917617798
8393	HR22	Py41	B	A	0.3123135268688202
8394	HR22	Py43	B	A	0.3312902450561523
8395	HR22	Py45	B	A	0.3908625841140747
8396	HR22	Py47	B	A	0.3458090126514435
8397	HR22	Py51	B	A	0.3033333718776703
8398	HR22	Py55	B	A	0.3827511966228485
8399	HR22	Py57	B	A	0.3753171563148499
8400	HR22	Py59	B	A	0.3827427923679352
8401	HR22	Py61	B	A	0.3895338773727417
8402	HR22	Py63	B	A	0.3148787617683411
8403	HR22	Py65	B	A	0.3135067820549011
8404	HR22	Py67	B	A	0.3234181702136993
8405	HR22	Py69	B	A	0.3274669051170349
8406	HR22	Py71	B	A	0.318271666765213
8407	HR22	Py73	B	A	0.4016832113265991
8408	HR22	Py75	B	A	0.3902596533298492
8409	HR22	Py78	B	A	0.3920221328735352
8410	HR22	Py80	B	A	0.372537761926651
8411	HR22	Py82	B	A	0.3328672051429749
8412	HR22	Py84	B	A	0.3896641135215759
8413	HR22	Py86	B	A	0.3573940694332123
8414	HR22	Py88	B	A	0.3582745790481567
8415	HR22	HR05	B	A	0.2126602828502655
8416	HR22	HR07	B	A	0.256270170211792
8417	HR22	HR09	B	A	0.2740914821624756
8418	HR22	HR11	B	A	0.256764680147171
8419	HR22	HR15	B	A	0.2732587158679962
8420	HR22	HR19	B	A	0.2207219451665878
8421	HR22	HR21	B	A	0.250960499048233
8422	HR22	HR25	B	A	0.4666792452335358
8423	HR22	HR31	B	A	0.4852954149246216
8424	HR22	HR33	B	A	0.2901785671710968
8425	HR22	HR37	B	A	0.3946429491043091
8426	HR22	HR47	B	A	0.4298277795314789
8427	HR22	HR50	B	A	0.2753153741359711
8428	HR22	HR52	B	A	0.338252067565918
8429	HR22	HR56	B	A	0.2979718148708344
8430	HR22	HR60	B	A	0.3717631101608276
8431	HR22	HR62	B	A	0.2408151924610138
8432	HR22	HR64	B	A	0.5016206502914429
8433	HR22	HR66	B	A	0.263139545917511
8434	HR22	HR68	B	A	0.187607154250145
8435	HR22	H3	B	A	0.3234980702400208
8436	HR22	H5	B	A	0.3014041185379028
8437	HR22	H7	B	A	0.2177066504955292
8438	HR22	H11	B	A	0.2420697063207626
8439	HR22	H13	B	A	0.2928988635540009
8440	HR22	H15	B	A	0.4029361009597778
8441	HR22	Han01	B	A	0.4345807731151581
8442	HR22	Han03	B	A	0.4241629540920258
8443	HR22	Han05	B	A	0.4593877494335175
8444	HR22	Han07	B	A	0.4434581398963928
8445	HR22	Han09	B	A	0.4313418567180634
8446	HR22	Han11	B	A	0.4326445460319519
8447	HR22	Han13	B	A	0.4233683943748474
8448	HR22	Han15	B	A	0.4328216016292572
8449	HR22	Han17	B	A	0.4169594347476959
8450	HR22	Han19	B	A	0.425292581319809
8451	HR22	Han21	B	A	0.4288199841976166
8452	HR22	Han23	B	A	0.4124970734119415
8453	HR22	Han25	B	A	0.4197722673416138
8454	HR22	Han27	B	A	0.4162981510162354
8455	HR22	Han29	B	A	0.4382038712501526
8456	HR22	Han31	B	A	0.4370198249816895
8457	HR22	Han33	B	A	0.448398768901825
8458	HR22	Han35	B	A	0.4338867962360382
8459	HR22	Han37	B	A	0.4453036785125732
8460	HR22	Han39	B	A	0.4408549070358276
8461	HR22	Han41	B	A	0.4247386157512665
8462	HR22	Han43	B	A	0.4121911823749542
8463	HR22	Han45	B	A	0.4159922897815704
8464	HR22	Han47	B	A	0.4875620603561401
8465	HR22	Han51	B	A	0.4202356934547424
8466	HR24	Py1	B	A	0.3660371005535126
8467	HR24	Py3	B	A	0.3646588623523712
8468	HR24	Py5	B	A	0.3981174826622009
8469	HR24	Py7	B	A	0.3599533438682556
8470	HR24	Py9	B	A	0.360809713602066
8471	HR24	Py11	B	A	0.3713440895080566
8472	HR24	Py13	B	A	0.3655188381671906
8473	HR24	Py15	B	A	0.3737960755825043
8474	HR24	Py17	B	A	0.358498215675354
8475	HR24	Py19	B	A	0.4183754026889801
8476	HR24	Py25	B	A	0.4256535768508911
8477	HR24	Py27	B	A	0.3619892597198486
8478	HR24	Py29	B	A	0.3599871098995209
8479	HR24	Py31	B	A	0.3571971356868744
8480	HR24	Py33	B	A	0.3685280084609985
8481	HR24	Py35	B	A	0.3550227880477905
8482	HR24	Py37	B	A	0.3750706613063812
8483	HR24	Py39	B	A	0.356402575969696
8484	HR24	Py41	B	A	0.3731048107147217
8485	HR24	Py43	B	A	0.3814566135406494
8486	HR24	Py45	B	A	0.4086299538612366
8487	HR24	Py47	B	A	0.3813813924789429
8488	HR24	Py51	B	A	0.358900785446167
8489	HR24	Py55	B	A	0.3937611877918243
8490	HR24	Py57	B	A	0.3955343961715698
8491	HR24	Py59	B	A	0.4299015998840332
8492	HR24	Py61	B	A	0.4511910974979401
8493	HR24	Py63	B	A	0.3711782991886139
8494	HR24	Py65	B	A	0.3652394413948059
8495	HR24	Py67	B	A	0.3683642148971558
8496	HR24	Py69	B	A	0.3796095252037048
8497	HR24	Py71	B	A	0.3744074702262878
8498	HR24	Py73	B	A	0.5047556161880493
8499	HR24	Py75	B	A	0.4891158938407898
8500	HR24	Py78	B	A	0.4300185441970825
8501	HR24	Py80	B	A	0.4640007615089417
8502	HR24	Py82	B	A	0.4115227162837982
8503	HR24	Py84	B	A	0.4211811423301697
8504	HR24	Py86	B	A	0.4154953360557556
8505	HR24	Py88	B	A	0.430789440870285
8506	HR24	HR05	B	A	0.24447201192379
8507	HR24	HR07	B	A	0.3126664757728577
8508	HR24	HR09	B	A	0.2901160418987274
8509	HR24	HR11	B	A	0.1738619804382324
8510	HR24	HR15	B	A	0.3124867379665375
8511	HR24	HR19	B	A	0.1799769103527069
8512	HR24	HR21	B	A	0.1557154953479767
8513	HR24	HR25	B	A	0.3598474562168121
8514	HR24	HR31	B	A	0.3763904869556427
8515	HR24	HR33	B	A	0.1774354130029678
8516	HR24	HR37	B	A	0.3201601505279541
8517	HR24	HR47	B	A	0.3912275433540344
8518	HR24	HR50	B	A	0.1705495268106461
8519	HR24	HR52	B	A	0.289293110370636
8520	HR24	HR56	B	A	0.1751380413770676
8521	HR24	HR60	B	A	0.3829476535320282
8522	HR24	HR62	B	A	0.231897845864296
8523	HR24	HR64	B	A	0.3983383774757385
8524	HR24	HR66	B	A	0.2492325007915497
8525	HR24	HR68	B	A	0.2428413331508636
8526	HR24	H3	B	A	0.1739018708467484
8527	HR24	H5	B	A	0.1707711070775986
8528	HR24	H7	B	A	0.1801154017448425
8529	HR24	H11	B	A	0.2030399590730667
8530	HR24	H13	B	A	0.2116901129484177
8531	HR24	H15	B	A	0.2877572178840637
8532	HR24	Han01	B	A	0.4881002902984619
8533	HR24	Han03	B	A	0.4696553349494934
8534	HR24	Han05	B	A	0.4963057637214661
8535	HR24	Han07	B	A	0.4829515218734741
8536	HR24	Han09	B	A	0.4871847927570343
8537	HR24	Han11	B	A	0.4776298403739929
8538	HR24	Han13	B	A	0.4567098617553711
8539	HR24	Han15	B	A	0.4894612729549408
8540	HR24	Han17	B	A	0.4753533899784088
8541	HR24	Han19	B	A	0.4793359339237213
8542	HR24	Han21	B	A	0.478576123714447
8543	HR24	Han23	B	A	0.4519796669483185
8544	HR24	Han25	B	A	0.4457795023918152
8545	HR24	Han27	B	A	0.4451223313808441
8546	HR24	Han29	B	A	0.4526352286338806
8547	HR24	Han31	B	A	0.4769576489925385
8548	HR24	Han33	B	A	0.5016785264015198
8549	HR24	Han35	B	A	0.4548707902431488
8550	HR24	Han37	B	A	0.4958617687225342
8551	HR24	Han39	B	A	0.4577935338020325
8552	HR24	Han41	B	A	0.4577261507511139
8553	HR24	Han43	B	A	0.4658949971199036
8554	HR24	Han45	B	A	0.4674644768238068
8555	HR24	Han47	B	A	0.5132535696029663
8556	HR24	Han51	B	A	0.4645896852016449
8557	HR30	Py1	B	A	0.4490346610546112
8558	HR30	Py3	B	A	0.4490306973457336
8559	HR30	Py5	B	A	0.4797776639461517
8560	HR30	Py7	B	A	0.4483686983585358
8561	HR30	Py9	B	A	0.448410302400589
8562	HR30	Py11	B	A	0.4624766409397125
8563	HR30	Py13	B	A	0.4486207962036133
8564	HR30	Py15	B	A	0.4645515382289886
8565	HR30	Py17	B	A	0.450825959444046
8566	HR30	Py19	B	A	0.4981992542743683
8567	HR30	Py25	B	A	0.5020146369934082
8568	HR30	Py27	B	A	0.452620655298233
8569	HR30	Py29	B	A	0.4510484933853149
8570	HR30	Py31	B	A	0.4503232836723328
8571	HR30	Py33	B	A	0.4611752331256866
8572	HR30	Py35	B	A	0.4469414055347443
8573	HR30	Py37	B	A	0.4558634459972382
8574	HR30	Py39	B	A	0.4386064112186432
8575	HR30	Py41	B	A	0.4542351365089417
8576	HR30	Py43	B	A	0.4637457728385925
8577	HR30	Py45	B	A	0.4802177250385284
8578	HR30	Py47	B	A	0.46279177069664
8579	HR30	Py51	B	A	0.439368337392807
8580	HR30	Py55	B	A	0.4729419052600861
8581	HR30	Py57	B	A	0.4748253226280212
8582	HR30	Py59	B	A	0.4986985325813293
8583	HR30	Py61	B	A	0.519594669342041
8584	HR30	Py63	B	A	0.4538414478302002
8585	HR30	Py65	B	A	0.4477972686290741
8586	HR30	Py67	B	A	0.4508253335952759
8587	HR30	Py69	B	A	0.4611923396587372
8588	HR30	Py71	B	A	0.456880509853363
8589	HR30	Py73	B	A	0.5809872150421143
8590	HR30	Py75	B	A	0.5611861944198608
8591	HR30	Py78	B	A	0.5019895434379578
8592	HR30	Py80	B	A	0.5377733707427979
8593	HR30	Py82	B	A	0.482712984085083
8594	HR30	Py84	B	A	0.4930731654167175
8595	HR30	Py86	B	A	0.4852234423160553
8596	HR30	Py88	B	A	0.4980195164680481
8597	HR30	HR05	B	A	0.3871678709983826
8598	HR30	HR07	B	A	0.4134249687194824
8599	HR30	HR09	B	A	0.4035219848155975
8600	HR30	HR11	B	A	0.302915096282959
8601	HR30	HR15	B	A	0.416390597820282
8602	HR30	HR19	B	A	0.2947081327438354
8603	HR30	HR21	B	A	0.2759927213191986
8604	HR30	HR25	B	A	0.3653571307659149
8605	HR30	HR31	B	A	0.4370162785053253
8606	HR30	HR33	B	A	0.2486545294523239
8607	HR30	HR37	B	A	0.4023874700069427
8608	HR30	HR47	B	A	0.4761587381362915
8609	HR30	HR50	B	A	0.2120776176452637
8610	HR30	HR52	B	A	0.2517949640750885
8611	HR30	HR56	B	A	0.222453236579895
8612	HR30	HR60	B	A	0.4728260040283203
8613	HR30	HR62	B	A	0.3378527760505676
8614	HR30	HR64	B	A	0.3843839764595032
8615	HR30	HR66	B	A	0.3482280671596527
8616	HR30	HR68	B	A	0.3689137101173401
8617	HR30	H3	B	A	0.1870030909776688
8618	HR30	H5	B	A	0.2567968368530273
8619	HR30	H7	B	A	0.2869769334793091
8620	HR30	H11	B	A	0.3403289616107941
8621	HR30	H13	B	A	0.213088721036911
8622	HR30	H15	B	A	0.1605039536952972
8623	HR30	Han01	B	A	0.5633485317230225
8624	HR30	Han03	B	A	0.543519914150238
8625	HR30	Han05	B	A	0.5874245762825012
8626	HR30	Han07	B	A	0.5578377842903137
8627	HR30	Han09	B	A	0.5625743269920349
8628	HR30	Han11	B	A	0.5533175468444824
8629	HR30	Han13	B	A	0.5299014449119568
8630	HR30	Han15	B	A	0.5836503505706787
8631	HR30	Han17	B	A	0.5510936975479126
8632	HR30	Han19	B	A	0.5539628863334656
8633	HR30	Han21	B	A	0.5527247786521912
8634	HR30	Han23	B	A	0.5247843265533447
8635	HR30	Han25	B	A	0.5190025568008423
8636	HR30	Han27	B	A	0.5160272717475891
8637	HR30	Han29	B	A	0.5227165222167969
8638	HR30	Han31	B	A	0.5498806238174438
8639	HR30	Han33	B	A	0.5776035785675049
8640	HR30	Han35	B	A	0.5282723903656006
8641	HR30	Han37	B	A	0.571733832359314
8642	HR30	Han39	B	A	0.5274782776832581
8643	HR30	Han41	B	A	0.5279572010040283
8644	HR30	Han43	B	A	0.5369368195533752
8645	HR30	Han45	B	A	0.5414639115333557
8646	HR30	Han47	B	A	0.6032989025115967
8647	HR30	Han51	B	A	0.5422376990318298
8648	HR36	Py1	B	A	0.3808577954769135
8649	HR36	Py3	B	A	0.3803408145904541
8650	HR36	Py5	B	A	0.3874814808368683
8651	HR36	Py7	B	A	0.3693286776542664
8652	HR36	Py9	B	A	0.3699634969234467
8653	HR36	Py11	B	A	0.3794232606887817
8654	HR36	Py13	B	A	0.3757190704345703
8655	HR36	Py15	B	A	0.3814220130443573
8656	HR36	Py17	B	A	0.3662068247795105
8657	HR36	Py19	B	A	0.4071179032325745
8658	HR36	Py25	B	A	0.4128399193286896
8659	HR36	Py27	B	A	0.3703284859657288
8660	HR36	Py29	B	A	0.3698562979698181
8661	HR36	Py31	B	A	0.3651837110519409
8662	HR36	Py33	B	A	0.3754822313785553
8663	HR36	Py35	B	A	0.3643472790718079
8664	HR36	Py37	B	A	0.3944998979568481
8665	HR36	Py39	B	A	0.395618349313736
8666	HR36	Py41	B	A	0.3854685127735138
8667	HR36	Py43	B	A	0.3904614150524139
8668	HR36	Py45	B	A	0.4059618711471558
8669	HR36	Py47	B	A	0.3897877931594849
8670	HR36	Py51	B	A	0.3778641819953918
8671	HR36	Py55	B	A	0.3984881937503815
8672	HR36	Py57	B	A	0.401316225528717
8673	HR36	Py59	B	A	0.4224092662334442
8674	HR36	Py61	B	A	0.4465027153491974
8675	HR36	Py63	B	A	0.3815510272979736
8676	HR36	Py65	B	A	0.3759726881980896
8677	HR36	Py67	B	A	0.379131942987442
8678	HR36	Py69	B	A	0.388972282409668
8679	HR36	Py71	B	A	0.3862794637680054
8680	HR36	Py73	B	A	0.5274723768234253
8681	HR36	Py75	B	A	0.5104677081108093
8682	HR36	Py78	B	A	0.4484130144119263
8683	HR36	Py80	B	A	0.5028804540634155
8684	HR36	Py82	B	A	0.433205634355545
8685	HR36	Py84	B	A	0.4561002850532532
8686	HR36	Py86	B	A	0.4745186567306519
8687	HR36	Py88	B	A	0.4792848825454712
8688	HR36	HR05	B	A	0.3833461105823517
8689	HR36	HR07	B	A	0.4094190001487732
8690	HR36	HR09	B	A	0.363332986831665
8691	HR36	HR11	B	A	0.3880182504653931
8692	HR36	HR15	B	A	0.4659596979618073
8693	HR36	HR19	B	A	0.4048869609832764
8694	HR36	HR21	B	A	0.3939500749111176
8695	HR36	HR25	B	A	0.2742588818073273
8696	HR36	HR31	B	A	0.2423422187566757
8697	HR36	HR33	B	A	0.4060359001159668
8698	HR36	HR37	B	A	0.1875177025794983
8699	HR36	HR47	B	A	0.2452392727136612
8700	HR36	HR50	B	A	0.4094025790691376
8701	HR36	HR52	B	A	0.403736799955368
8702	HR36	HR56	B	A	0.384747713804245
8703	HR36	HR60	B	A	0.40360426902771
8704	HR36	HR62	B	A	0.356489896774292
8705	HR36	HR64	B	A	0.3212400674819946
8706	HR36	HR66	B	A	0.3461695909500122
8707	HR36	HR68	B	A	0.3871356248855591
8708	HR36	H3	B	A	0.4190299510955811
8709	HR36	H5	B	A	0.3966533839702606
8710	HR36	H7	B	A	0.3858900964260101
8711	HR36	H11	B	A	0.4033596515655518
8712	HR36	H13	B	A	0.4361148774623871
8713	HR36	H15	B	A	0.4896107316017151
8714	HR36	Han01	B	A	0.5225220322608948
8715	HR36	Han03	B	A	0.5102330446243286
8716	HR36	Han05	B	A	0.5261229276657104
8717	HR36	Han07	B	A	0.5272635221481323
8718	HR36	Han09	B	A	0.518204927444458
8719	HR36	Han11	B	A	0.5188786387443542
8720	HR36	Han13	B	A	0.513001024723053
8721	HR36	Han15	B	A	0.535527765750885
8722	HR36	Han17	B	A	0.5137652158737183
8723	HR36	Han19	B	A	0.5128309726715088
8724	HR36	Han21	B	A	0.5097588300704956
8725	HR36	Han23	B	A	0.5048260688781738
8726	HR36	Han25	B	A	0.5193610191345215
8727	HR36	Han27	B	A	0.5109270811080933
8728	HR36	Han29	B	A	0.5178271532058716
8729	HR36	Han31	B	A	0.5121567845344543
8730	HR36	Han33	B	A	0.5271379947662354
8731	HR36	Han35	B	A	0.5178279876708984
8732	HR36	Han37	B	A	0.5250980257987976
8733	HR36	Han39	B	A	0.5135682225227356
8734	HR36	Han41	B	A	0.5067967176437378
8735	HR36	Han43	B	A	0.5046320557594299
8736	HR36	Han45	B	A	0.5077065229415894
8737	HR36	Han47	B	A	0.5417917966842651
8738	HR36	Han51	B	A	0.4613446295261383
8739	HR38	Py1	B	A	0.4562208354473114
8740	HR38	Py3	B	A	0.4561209678649902
8741	HR38	Py5	B	A	0.4650248885154724
8742	HR38	Py7	B	A	0.4485558569431305
8743	HR38	Py9	B	A	0.4486318528652191
8744	HR38	Py11	B	A	0.4599711298942566
8745	HR38	Py13	B	A	0.4535092115402222
8746	HR38	Py15	B	A	0.4620321393013
8747	HR38	Py17	B	A	0.4466941356658936
8748	HR38	Py19	B	A	0.4879454076290131
8749	HR38	Py25	B	A	0.4922598898410797
8750	HR38	Py27	B	A	0.4502467215061188
8751	HR38	Py29	B	A	0.4491133689880371
8752	HR38	Py31	B	A	0.4454331398010254
8753	HR38	Py33	B	A	0.4559866487979889
8754	HR38	Py35	B	A	0.4444194138050079
8755	HR38	Py37	B	A	0.4657675921916962
8756	HR38	Py39	B	A	0.447729617357254
8757	HR38	Py41	B	A	0.4613687992095947
8758	HR38	Py43	B	A	0.468125969171524
8759	HR38	Py45	B	A	0.483775794506073
8760	HR38	Py47	B	A	0.4675483107566833
8761	HR38	Py51	B	A	0.4472634494304657
8762	HR38	Py55	B	A	0.4761757850646973
8763	HR38	Py57	B	A	0.4786496162414551
8764	HR38	Py59	B	A	0.4997338354587555
8765	HR38	Py61	B	A	0.5240821838378906
8766	HR38	Py63	B	A	0.4586933553218842
8767	HR38	Py65	B	A	0.4527890384197235
8768	HR38	Py67	B	A	0.4560064375400543
8769	HR38	Py69	B	A	0.4668700993061066
8770	HR38	Py71	B	A	0.4623414278030396
8771	HR38	Py73	B	A	0.5538188815116882
8772	HR38	Py75	B	A	0.5408772230148315
8773	HR38	Py78	B	A	0.5038201212882996
8774	HR38	Py80	B	A	0.5318456888198853
8775	HR38	Py82	B	A	0.4998738765716553
8776	HR38	Py84	B	A	0.4959391355514526
8777	HR38	Py86	B	A	0.499085545539856
8778	HR38	Py88	B	A	0.510997474193573
8779	HR38	HR05	B	A	0.4238458871841431
8780	HR38	HR07	B	A	0.453787088394165
8781	HR38	HR09	B	A	0.4055458605289459
8782	HR38	HR11	B	A	0.382998138666153
8783	HR38	HR15	B	A	0.4773334860801697
8784	HR38	HR19	B	A	0.3768704831600189
8785	HR38	HR21	B	A	0.358428955078125
8786	HR38	HR25	B	A	0.1967223137617111
8787	HR38	HR31	B	A	0.1447826772928238
8788	HR38	HR33	B	A	0.3730154037475586
8789	HR38	HR37	B	A	0.180261492729187
8790	HR38	HR47	B	A	0.2572194635868073
8791	HR38	HR50	B	A	0.3682481050491333
8792	HR38	HR52	B	A	0.3291054964065552
8793	HR38	HR56	B	A	0.3661816120147705
8794	HR38	HR60	B	A	0.4609633982181549
8795	HR38	HR62	B	A	0.3742372095584869
8796	HR38	HR64	B	A	0.1711877286434174
8797	HR38	HR66	B	A	0.2955867946147919
8798	HR38	HR68	B	A	0.4250019490718842
8799	HR38	H3	B	A	0.3855527341365814
8800	HR38	H5	B	A	0.3625712990760803
8801	HR38	H7	B	A	0.3767514526844025
8802	HR38	H11	B	A	0.4060406386852264
8803	HR38	H13	B	A	0.4033633470535278
8804	HR38	H15	B	A	0.4582200944423676
8805	HR38	Han01	B	A	0.5381701588630676
8806	HR38	Han03	B	A	0.5277625322341919
8807	HR38	Han05	B	A	0.5671743154525757
8808	HR38	Han07	B	A	0.5337916612625122
8809	HR38	Han09	B	A	0.5385976433753967
8810	HR38	Han11	B	A	0.5321974158287048
8811	HR38	Han13	B	A	0.517637312412262
8812	HR38	Han15	B	A	0.5726008415222168
8813	HR38	Han17	B	A	0.5343767404556274
8814	HR38	Han19	B	A	0.5337452292442322
8815	HR38	Han21	B	A	0.5371593832969666
8816	HR38	Han23	B	A	0.5171971917152405
8817	HR38	Han25	B	A	0.513359546661377
8818	HR38	Han27	B	A	0.5138224363327026
8819	HR38	Han29	B	A	0.5166386365890503
8820	HR38	Han31	B	A	0.5319468975067139
8821	HR38	Han33	B	A	0.5480648279190063
8822	HR38	Han35	B	A	0.5178160071372986
8823	HR38	Han37	B	A	0.5416280031204224
8824	HR38	Han39	B	A	0.5149269104003906
8825	HR38	Han41	B	A	0.520991861820221
8826	HR38	Han43	B	A	0.5265980362892151
8827	HR38	Han45	B	A	0.5278719663619995
8828	HR38	Han47	B	A	0.5814117193222046
8829	HR38	Han51	B	A	0.5362328290939331
8830	HR42	Py1	B	A	0.4267907738685608
8831	HR42	Py3	B	A	0.4261777997016907
8832	HR42	Py5	B	A	0.45541051030159
8833	HR42	Py7	B	A	0.4228870570659637
8834	HR42	Py9	B	A	0.4238159656524658
8835	HR42	Py11	B	A	0.4372338354587555
8836	HR42	Py13	B	A	0.4256595075130463
8837	HR42	Py15	B	A	0.4390372037887573
8838	HR42	Py17	B	A	0.4251591861248016
8839	HR42	Py19	B	A	0.4696493744850159
8840	HR42	Py25	B	A	0.4721709489822388
8841	HR42	Py27	B	A	0.4260486364364624
8842	HR42	Py29	B	A	0.4247830212116241
8843	HR42	Py31	B	A	0.4265560507774353
8844	HR42	Py33	B	A	0.4369871020317078
8845	HR42	Py35	B	A	0.4200295209884644
8846	HR42	Py37	B	A	0.4345872700214386
8847	HR42	Py39	B	A	0.4206470847129822
8848	HR42	Py41	B	A	0.4311392903327942
8849	HR42	Py43	B	A	0.4356847703456879
8850	HR42	Py45	B	A	0.4518369138240814
8851	HR42	Py47	B	A	0.4341667592525482
8852	HR42	Py51	B	A	0.4160827994346619
8853	HR42	Py55	B	A	0.4467634856700897
8854	HR42	Py57	B	A	0.4500275254249573
8855	HR42	Py59	B	A	0.4701042771339417
8856	HR42	Py61	B	A	0.4936080574989319
8857	HR42	Py63	B	A	0.4300326704978943
8858	HR42	Py65	B	A	0.4248078167438507
8859	HR42	Py67	B	A	0.426887035369873
8860	HR42	Py69	B	A	0.4370560050010681
8861	HR42	Py71	B	A	0.4338697791099548
8862	HR42	Py73	B	A	0.5463841557502747
8863	HR42	Py75	B	A	0.5258070826530457
8864	HR42	Py78	B	A	0.4623132050037384
8865	HR42	Py80	B	A	0.5047712922096252
8866	HR42	Py82	B	A	0.4448138177394867
8867	HR42	Py84	B	A	0.4531513452529907
8868	HR42	Py86	B	A	0.4461040794849396
8869	HR42	Py88	B	A	0.4589521884918213
8870	HR42	HR05	B	A	0.3666728436946869
8871	HR42	HR07	B	A	0.3959671854972839
8872	HR42	HR09	B	A	0.3719220459461212
8873	HR42	HR11	B	A	0.3074575364589691
8874	HR42	HR15	B	A	0.3828681111335754
8875	HR42	HR19	B	A	0.2957011461257935
8876	HR42	HR21	B	A	0.2517949044704437
8877	HR42	HR25	B	A	0.260435938835144
8878	HR42	HR31	B	A	0.3234095573425293
8879	HR42	HR33	B	A	0.2630204260349274
8880	HR42	HR37	B	A	0.2866213619709015
8881	HR42	HR47	B	A	0.3828578591346741
8882	HR42	HR50	B	A	0.2355232238769531
8883	HR42	HR52	B	A	0.1769082993268967
8884	HR42	HR56	B	A	0.2403349578380585
8885	HR42	HR60	B	A	0.4623839855194092
8886	HR42	HR62	B	A	0.2892545461654663
8887	HR42	HR64	B	A	0.2741811573505402
8888	HR42	HR66	B	A	0.2319081276655197
8889	HR42	HR68	B	A	0.354632556438446
8890	HR42	H3	B	A	0.2141378372907639
8891	HR42	H5	B	A	0.2787129878997803
8892	HR42	H7	B	A	0.3027775287628174
8893	HR42	H11	B	A	0.3329091370105743
8894	HR42	H13	B	A	0.2586284577846527
8895	HR42	H15	B	A	0.2407217174768448
8896	HR42	Han01	B	A	0.53190016746521
8897	HR42	Han03	B	A	0.5145561099052429
8898	HR42	Han05	B	A	0.5726485252380371
8899	HR42	Han07	B	A	0.5266388058662415
8900	HR42	Han09	B	A	0.5319814085960388
8901	HR42	Han11	B	A	0.5222563743591309
8902	HR42	Han13	B	A	0.4999245703220367
8903	HR42	Han15	B	A	0.563922107219696
8904	HR42	Han17	B	A	0.5215616822242737
8905	HR42	Han19	B	A	0.524230420589447
8906	HR42	Han21	B	A	0.5222774147987366
8907	HR42	Han23	B	A	0.4959669411182404
8908	HR42	Han25	B	A	0.4899357557296753
8909	HR42	Han27	B	A	0.4878711402416229
8910	HR42	Han29	B	A	0.4936245083808899
8911	HR42	Han31	B	A	0.5196969509124756
8912	HR42	Han33	B	A	0.5459043979644775
8913	HR42	Han35	B	A	0.4989540874958038
8914	HR42	Han37	B	A	0.539743959903717
8915	HR42	Han39	B	A	0.4970066249370575
8916	HR42	Han41	B	A	0.4988824725151062
8917	HR42	Han43	B	A	0.5068456530570984
8918	HR42	Han45	B	A	0.5123512148857117
8919	HR42	Han47	B	A	0.5925583839416504
8920	HR42	Han51	B	A	0.5146837830543518
8921	HR57	Py1	B	A	0.3804675340652466
8922	HR57	Py3	B	A	0.3832297623157501
8923	HR57	Py5	B	A	0.4409960508346558
8924	HR57	Py7	B	A	0.3869468867778778
8925	HR57	Py9	B	A	0.3857309520244598
8926	HR57	Py11	B	A	0.4070351719856262
8927	HR57	Py13	B	A	0.3808615505695343
8928	HR57	Py15	B	A	0.4099738597869873
8929	HR57	Py17	B	A	0.3992268741130829
8930	HR57	Py19	B	A	0.4529675245285034
8931	HR57	Py25	B	A	0.4441724717617035
8932	HR57	Py27	B	A	0.3982246518135071
8933	HR57	Py29	B	A	0.3976605534553528
8934	HR57	Py31	B	A	0.4010413885116577
8935	HR57	Py33	B	A	0.4123583436012268
8936	HR57	Py35	B	A	0.3922775983810425
8937	HR57	Py37	B	A	0.3679679334163666
8938	HR57	Py39	B	A	0.3524480760097504
8939	HR57	Py41	B	A	0.3620927035808563
8940	HR57	Py43	B	A	0.3751574158668518
8941	HR57	Py45	B	A	0.4057836830615997
8942	HR57	Py47	B	A	0.3803989589214325
8943	HR57	Py51	B	A	0.3536177277565002
8944	HR57	Py55	B	A	0.4066376388072968
8945	HR57	Py57	B	A	0.4043323397636414
8946	HR57	Py59	B	A	0.4068424701690674
8947	HR57	Py61	B	A	0.4127127528190613
8948	HR57	Py63	B	A	0.3648665547370911
8949	HR57	Py65	B	A	0.3637549579143524
8950	HR57	Py67	B	A	0.3706201612949371
8951	HR57	Py69	B	A	0.3766021728515625
8952	HR57	Py71	B	A	0.3686793446540833
8953	HR57	Py73	B	A	0.4027179479598999
8954	HR57	Py75	B	A	0.3765440583229065
8955	HR57	Py78	B	A	0.3831822872161865
8956	HR57	Py80	B	A	0.3664394617080688
8957	HR57	Py82	B	A	0.3453924059867859
8958	HR57	Py84	B	A	0.3594238460063934
8959	HR57	Py86	B	A	0.3254779577255249
8960	HR57	Py88	B	A	0.3349615931510925
8961	HR57	HR05	B	A	0.2756476700305939
8962	HR57	HR07	B	A	0.2482912242412567
8963	HR57	HR09	B	A	0.3215295374393463
8964	HR57	HR11	B	A	0.2924900650978088
8965	HR57	HR15	B	A	0.2880165278911591
8966	HR57	HR19	B	A	0.2345667034387589
8967	HR57	HR21	B	A	0.2531065344810486
8968	HR57	HR25	B	A	0.4454978704452515
8969	HR57	HR31	B	A	0.4643698632717133
8970	HR57	HR33	B	A	0.2818218767642975
8971	HR57	HR37	B	A	0.3870635628700256
8972	HR57	HR47	B	A	0.4501440227031708
8973	HR57	HR50	B	A	0.2759861648082733
8974	HR57	HR52	B	A	0.3232759237289429
8975	HR57	HR56	B	A	0.2934662997722626
8976	HR57	HR60	B	A	0.4063442349433899
8977	HR57	HR62	B	A	0.2574146091938019
8978	HR57	HR64	B	A	0.4877240657806396
8979	HR57	HR66	B	A	0.2504622340202332
8980	HR57	HR68	B	A	0.2203788608312607
8981	HR57	H3	B	A	0.3214552104473114
8982	HR57	H5	B	A	0.3065813183784485
8983	HR57	H7	B	A	0.2501983642578125
8984	HR57	H11	B	A	0.2771963775157928
8985	HR57	H13	B	A	0.2809968888759613
8986	HR57	H15	B	A	0.3848222494125366
8987	HR57	Han01	B	A	0.4259873330593109
8988	HR57	Han03	B	A	0.4055649042129517
8989	HR57	Han05	B	A	0.5178572535514832
8990	HR57	Han07	B	A	0.4238431453704834
8991	HR57	Han09	B	A	0.4255307614803314
8992	HR57	Han11	B	A	0.4150166213512421
8993	HR57	Han13	B	A	0.3949662148952484
8994	HR57	Han15	B	A	0.4887542724609375
8995	HR57	Han17	B	A	0.407516747713089
8996	HR57	Han19	B	A	0.4159682393074036
8997	HR57	Han21	B	A	0.4179247319698334
8998	HR57	Han23	B	A	0.3882374465465546
8999	HR57	Han25	B	A	0.3942579030990601
9000	HR57	Han27	B	A	0.3881800472736359
9001	HR57	Han29	B	A	0.4064701795578003
9002	HR57	Han31	B	A	0.4196463525295258
9003	HR57	Han33	B	A	0.4465743601322174
9004	HR57	Han35	B	A	0.4039042890071869
9005	HR57	Han37	B	A	0.4388307929039001
9006	HR57	Han39	B	A	0.4077708423137665
9007	HR57	Han41	B	A	0.3942081332206726
9008	HR57	Han43	B	A	0.3949812054634094
9009	HR57	Han45	B	A	0.4013542532920837
9010	HR57	Han47	B	A	0.5453826189041138
9011	HR57	Han51	B	A	0.4171379506587982
9012	HR59	Py1	B	A	0.415404200553894
9013	HR59	Py3	B	A	0.4148287773132324
9014	HR59	Py5	B	A	0.4242847263813019
9015	HR59	Py7	B	A	0.4078460335731506
9016	HR59	Py9	B	A	0.4084648191928864
9017	HR59	Py11	B	A	0.4180992841720581
9018	HR59	Py13	B	A	0.4135702252388
9019	HR59	Py15	B	A	0.4200516939163208
9020	HR59	Py17	B	A	0.4049035012722015
9021	HR59	Py19	B	A	0.4467786848545074
9022	HR59	Py25	B	A	0.4524015486240387
9023	HR59	Py27	B	A	0.4082614481449127
9024	HR59	Py29	B	A	0.4072657823562622
9025	HR59	Py31	B	A	0.4036597609519958
9026	HR59	Py33	B	A	0.4142722189426422
9027	HR59	Py35	B	A	0.4026030898094177
9028	HR59	Py37	B	A	0.4249298274517059
9029	HR59	Py39	B	A	0.4145045578479767
9030	HR59	Py41	B	A	0.4213819205760956
9031	HR59	Py43	B	A	0.4285846054553986
9032	HR59	Py45	B	A	0.4440298974514008
9033	HR59	Py47	B	A	0.4270951449871063
9034	HR59	Py51	B	A	0.4076849520206451
9035	HR59	Py55	B	A	0.436445951461792
9036	HR59	Py57	B	A	0.4383803606033325
9037	HR59	Py59	B	A	0.4594929814338684
9038	HR59	Py61	B	A	0.4851576387882233
9039	HR59	Py63	B	A	0.4189481437206268
9040	HR59	Py65	B	A	0.4130443632602692
9041	HR59	Py67	B	A	0.4163590371608734
9042	HR59	Py69	B	A	0.4268343448638916
9043	HR59	Py71	B	A	0.4225397109985352
9044	HR59	Py73	B	A	0.5444512963294983
9045	HR59	Py75	B	A	0.5279043912887573
9046	HR59	Py78	B	A	0.46244215965271
9047	HR59	Py80	B	A	0.519420862197876
9048	HR59	Py82	B	A	0.455729603767395
9049	HR59	Py84	B	A	0.4562125205993652
9050	HR59	Py86	B	A	0.4614955186843872
9051	HR59	Py88	B	A	0.4774980843067169
9052	HR59	HR05	B	A	0.4025611579418182
9053	HR59	HR07	B	A	0.4283093512058258
9054	HR59	HR09	B	A	0.3812679946422577
9055	HR59	HR11	B	A	0.3646222651004791
9056	HR59	HR15	B	A	0.4560250639915466
9057	HR59	HR19	B	A	0.3560436069965363
9058	HR59	HR21	B	A	0.342042863368988
9059	HR59	HR25	B	A	0.224222868680954
9060	HR59	HR31	B	A	0.2139896601438522
9061	HR59	HR33	B	A	0.359943300485611
9062	HR59	HR37	B	A	0.1779114753007889
9063	HR59	HR47	B	A	0.2734023034572601
9064	HR59	HR50	B	A	0.3511258959770203
9065	HR59	HR52	B	A	0.3313880562782288
9066	HR59	HR56	B	A	0.3395088613033295
9067	HR59	HR60	B	A	0.4369581043720245
9068	HR59	HR62	B	A	0.3396568596363068
9069	HR59	HR64	B	A	0.2610331475734711
9070	HR59	HR66	B	A	0.2847678065299988
9071	HR59	HR68	B	A	0.4024767577648163
9072	HR59	H3	B	A	0.3645284473896027
9073	HR59	H5	B	A	0.3484326601028442
9074	HR59	H7	B	A	0.3538660407066345
9075	HR59	H11	B	A	0.3864728212356567
9076	HR59	H13	B	A	0.3862449824810028
9077	HR59	H15	B	A	0.4341042339801788
9078	HR59	Han01	B	A	0.5264650583267212
9079	HR59	Han03	B	A	0.5106655359268188
9080	HR59	Han05	B	A	0.5533228516578674
9081	HR59	Han07	B	A	0.5213844180107117
9082	HR59	Han09	B	A	0.5259741544723511
9083	HR59	Han11	B	A	0.5168777704238892
9084	HR59	Han13	B	A	0.4979327917098999
9085	HR59	Han15	B	A	0.5571122169494629
9086	HR59	Han17	B	A	0.5181595087051392
9087	HR59	Han19	B	A	0.5183717608451843
9088	HR59	Han21	B	A	0.51804119348526
9089	HR59	Han23	B	A	0.496999591588974
9090	HR59	Han25	B	A	0.5016933679580688
9091	HR59	Han27	B	A	0.4931806325912476
9092	HR59	Han29	B	A	0.5011261701583862
9093	HR59	Han31	B	A	0.5152712464332581
9094	HR59	Han33	B	A	0.5393147468566895
9095	HR59	Han35	B	A	0.5003350377082825
9096	HR59	Han37	B	A	0.5325998067855835
9097	HR59	Han39	B	A	0.4984242022037506
9098	HR59	Han41	B	A	0.4977173507213593
9099	HR59	Han43	B	A	0.5048761963844299
9100	HR59	Han45	B	A	0.5094286203384399
9101	HR59	Han47	B	A	0.5677392482757568
9102	HR59	Han51	B	A	0.4994487762451172
9103	HR61	Py1	B	A	0.4681617021560669
9104	HR61	Py3	B	A	0.4648659229278564
9105	HR61	Py5	B	A	0.4873590171337128
9106	HR61	Py7	B	A	0.4593082368373871
9107	HR61	Py9	B	A	0.4587827324867249
9108	HR61	Py11	B	A	0.4719626605510712
9109	HR61	Py13	B	A	0.4708433449268341
9110	HR61	Py15	B	A	0.4751277565956116
9111	HR61	Py17	B	A	0.4604622721672058
9112	HR61	Py19	B	A	0.5087849497795105
9113	HR61	Py25	B	A	0.5138312578201294
9114	HR61	Py27	B	A	0.4629309177398682
9115	HR61	Py29	B	A	0.4619562029838562
9116	HR61	Py31	B	A	0.4593484699726105
9117	HR61	Py33	B	A	0.4701849818229675
9118	HR61	Py35	B	A	0.4568461775779724
9119	HR61	Py37	B	A	0.4760812819004059
9120	HR61	Py39	B	A	0.4609821140766144
9121	HR61	Py41	B	A	0.4682477712631226
9122	HR61	Py43	B	A	0.4767577350139618
9123	HR61	Py45	B	A	0.4949158132076263
9124	HR61	Py47	B	A	0.4755793213844299
9125	HR61	Py51	B	A	0.4550707042217255
9126	HR61	Py55	B	A	0.4863118529319763
9127	HR61	Py57	B	A	0.4925411641597748
9128	HR61	Py59	B	A	0.5134735107421875
9129	HR61	Py61	B	A	0.5398274064064026
9130	HR61	Py63	B	A	0.4682874083518982
9131	HR61	Py65	B	A	0.4613703787326813
9132	HR61	Py67	B	A	0.4633269309997559
9133	HR61	Py69	B	A	0.4737266600131989
9134	HR61	Py71	B	A	0.4707272946834564
9135	HR61	Py73	B	A	0.5977713465690613
9136	HR61	Py75	B	A	0.5793668627738953
9137	HR61	Py78	B	A	0.5216487050056458
9138	HR61	Py80	B	A	0.5638828873634338
9139	HR61	Py82	B	A	0.5058165788650513
9140	HR61	Py84	B	A	0.5115932822227478
9141	HR61	Py86	B	A	0.5060383677482605
9142	HR61	Py88	B	A	0.5183778405189514
9143	HR61	HR05	B	A	0.4121946394443512
9144	HR61	HR07	B	A	0.4432275593280792
9145	HR61	HR09	B	A	0.4273070693016052
9146	HR61	HR11	B	A	0.3200272917747498
9147	HR61	HR15	B	A	0.4400357604026794
9148	HR61	HR19	B	A	0.3147039711475372
9149	HR61	HR21	B	A	0.2863428890705109
9150	HR61	HR25	B	A	0.3534292876720428
9151	HR61	HR31	B	A	0.4254710078239441
9152	HR61	HR33	B	A	0.2775526642799377
9153	HR61	HR37	B	A	0.3936595320701599
9154	HR61	HR47	B	A	0.4627925753593445
9155	HR61	HR50	B	A	0.2149010449647903
9156	HR61	HR52	B	A	0.2556429803371429
9157	HR61	HR56	B	A	0.255472332239151
9158	HR61	HR60	B	A	0.4958699345588684
9159	HR61	HR62	B	A	0.3469286561012268
9160	HR61	HR64	B	A	0.3743575811386108
9161	HR61	HR66	B	A	0.3457120358943939
9162	HR61	HR68	B	A	0.4005878269672394
9163	HR61	H3	B	A	0.2068863809108734
9164	HR61	H5	B	A	0.2854649722576141
9165	HR61	H7	B	A	0.3217819631099701
9166	HR61	H11	B	A	0.3716478943824768
9167	HR61	H13	B	A	0.2523279190063477
9168	HR61	H15	B	A	0.1379563063383102
9169	HR61	Han01	B	A	0.5811373591423035
9170	HR61	Han03	B	A	0.5618081092834473
9171	HR61	Han05	B	A	0.6080295443534851
9172	HR61	Han07	B	A	0.5757293701171875
9173	HR61	Han09	B	A	0.5808694958686829
9174	HR61	Han11	B	A	0.5710474848747253
9175	HR61	Han13	B	A	0.5478118658065796
9176	HR61	Han15	B	A	0.6058578491210938
9177	HR61	Han17	B	A	0.5692300200462341
9178	HR61	Han19	B	A	0.572204053401947
9179	HR61	Han21	B	A	0.5706580877304077
9180	HR61	Han23	B	A	0.5427395701408386
9181	HR61	Han25	B	A	0.5373702049255371
9182	HR61	Han27	B	A	0.534252405166626
9183	HR61	Han29	B	A	0.5413392186164856
9184	HR61	Han31	B	A	0.5682929754257202
9185	HR61	Han33	B	A	0.5950739979743958
9186	HR61	Han35	B	A	0.5461491346359253
9187	HR61	Han37	B	A	0.5891091227531433
9188	HR61	Han39	B	A	0.5452929735183716
9189	HR61	Han41	B	A	0.5459228754043579
9190	HR61	Han43	B	A	0.5547300577163696
9191	HR61	Han45	B	A	0.5599573850631714
9192	HR61	Han47	B	A	0.6240177154541016
9193	HR61	Han51	B	A	0.5603153109550476
9194	HR67	Py1	B	A	0.5020930767059326
9195	HR67	Py3	B	A	0.5025137662887573
9196	HR67	Py5	B	A	0.5144625902175903
9197	HR67	Py7	B	A	0.4966176748275757
9198	HR67	Py9	B	A	0.4966406226158142
9199	HR67	Py11	B	A	0.5090222954750061
9200	HR67	Py13	B	A	0.5013933181762695
9201	HR67	Py15	B	A	0.511315107345581
9202	HR67	Py17	B	A	0.4966846108436584
9203	HR67	Py19	B	A	0.537787675857544
9204	HR67	Py25	B	A	0.539687991142273
9205	HR67	Py27	B	A	0.5002046227455139
9206	HR67	Py29	B	A	0.4994276165962219
9207	HR67	Py31	B	A	0.495285838842392
9208	HR67	Py33	B	A	0.50576251745224
9209	HR67	Py35	B	A	0.4942147135734558
9210	HR67	Py37	B	A	0.5096125602722168
9211	HR67	Py39	B	A	0.4910832345485687
9212	HR67	Py41	B	A	0.5019127130508423
9213	HR67	Py43	B	A	0.5100094079971313
9214	HR67	Py45	B	A	0.530170202255249
9215	HR67	Py47	B	A	0.511687159538269
9216	HR67	Py51	B	A	0.4880959987640381
9217	HR67	Py55	B	A	0.5230931043624878
9218	HR67	Py57	B	A	0.5244556665420532
9219	HR67	Py59	B	A	0.5405446887016296
9220	HR67	Py61	B	A	0.5632815957069397
9221	HR67	Py63	B	A	0.4990154206752777
9222	HR67	Py65	B	A	0.4940605759620667
9223	HR67	Py67	B	A	0.4992595314979553
9224	HR67	Py69	B	A	0.5078191757202148
9225	HR67	Py71	B	A	0.5030173659324646
9226	HR67	Py73	B	A	0.5727880597114563
9227	HR67	Py75	B	A	0.559275209903717
9228	HR67	Py78	B	A	0.5267563462257385
9229	HR67	Py80	B	A	0.5414388179779053
9230	HR67	Py82	B	A	0.5140354037284851
9231	HR67	Py84	B	A	0.5179429650306702
9232	HR67	Py86	B	A	0.5123859643936157
9233	HR67	Py88	B	A	0.5230780243873596
9234	HR67	HR05	B	A	0.4192338883876801
9235	HR67	HR07	B	A	0.453898698091507
9236	HR67	HR09	B	A	0.4049378335475922
9237	HR67	HR11	B	A	0.3969297707080841
9238	HR67	HR15	B	A	0.4565666615962982
9239	HR67	HR19	B	A	0.3756462335586548
9240	HR67	HR21	B	A	0.3326736986637115
9241	HR67	HR25	B	A	0.2283955216407776
9242	HR67	HR31	B	A	0.2662745118141174
9243	HR67	HR33	B	A	0.3347004055976868
9244	HR67	HR37	B	A	0.2748688459396362
9245	HR67	HR47	B	A	0.3761110305786133
9246	HR67	HR50	B	A	0.3250214159488678
9247	HR67	HR52	B	A	0.222790539264679
9248	HR67	HR56	B	A	0.3432888984680176
9249	HR67	HR60	B	A	0.5092155337333679
9250	HR67	HR62	B	A	0.3829290866851807
9251	HR67	HR64	B	A	0.2112819850444794
9252	HR67	HR66	B	A	0.2820746302604675
9253	HR67	HR68	B	A	0.4164722561836243
9254	HR67	H3	B	A	0.3069934844970703
9255	HR67	H5	B	A	0.3651869595050812
9256	HR67	H7	B	A	0.3952031135559082
9257	HR67	H11	B	A	0.4090611934661865
9258	HR67	H13	B	A	0.3550038933753967
9259	HR67	H15	B	A	0.3243533372879028
9260	HR67	Han01	B	A	0.5591708421707153
9261	HR67	Han03	B	A	0.5510749816894531
9262	HR67	Han05	B	A	0.6010181903839111
9263	HR67	Han07	B	A	0.5557024478912354
9264	HR67	Han09	B	A	0.5583605766296387
9265	HR67	Han11	B	A	0.5540564656257629
9266	HR67	Han13	B	A	0.541631281375885
9267	HR67	Han15	B	A	0.5955882668495178
9268	HR67	Han17	B	A	0.5545279383659363
9269	HR67	Han19	B	A	0.5559743642807007
9270	HR67	Han21	B	A	0.5607986450195312
9271	HR67	Han23	B	A	0.5416173338890076
9272	HR67	Han25	B	A	0.5324261784553528
9273	HR67	Han27	B	A	0.5382252931594849
9274	HR67	Han29	B	A	0.5410765409469604
9275	HR67	Han31	B	A	0.5569772124290466
9276	HR67	Han33	B	A	0.5703822374343872
9277	HR67	Han35	B	A	0.5435140132904053
9278	HR67	Han37	B	A	0.5649386644363403
9279	HR67	Han39	B	A	0.5388150811195374
9280	HR67	Han41	B	A	0.5435775518417358
9281	HR67	Han43	B	A	0.5481414198875427
9282	HR67	Han45	B	A	0.5499459505081177
9283	HR67	Han47	B	A	0.6282790899276733
9284	HR67	Han51	B	A	0.5504021048545837
9285	HR71	Py1	B	A	0.7318763136863708
9286	HR71	Py3	B	A	0.7307483553886414
9287	HR71	Py5	B	A	0.7483396530151367
9288	HR71	Py7	B	A	0.724790632724762
9289	HR71	Py9	B	A	0.7245270013809204
9290	HR71	Py11	B	A	0.7381593585014343
9291	HR71	Py13	B	A	0.7269797325134277
9292	HR71	Py15	B	A	0.7409523725509644
9293	HR71	Py17	B	A	0.7263714671134949
9294	HR71	Py19	B	A	0.7686344981193542
9295	HR71	Py25	B	A	0.7702913880348206
9296	HR71	Py27	B	A	0.7281317114830017
9297	HR71	Py29	B	A	0.7274397611618042
9298	HR71	Py31	B	A	0.7254213094711304
9299	HR71	Py33	B	A	0.7358608841896057
9300	HR71	Py35	B	A	0.7234963178634644
9301	HR71	Py37	B	A	0.7452826499938965
9302	HR71	Py39	B	A	0.732563853263855
9303	HR71	Py41	B	A	0.7375636696815491
9304	HR71	Py43	B	A	0.7426883578300476
9305	HR71	Py45	B	A	0.7601743936538696
9306	HR71	Py47	B	A	0.7415627241134644
9307	HR71	Py51	B	A	0.7212610840797424
9308	HR71	Py55	B	A	0.7503526210784912
9309	HR71	Py57	B	A	0.7521886229515076
9310	HR71	Py59	B	A	0.773531973361969
9311	HR71	Py61	B	A	0.7982374429702759
9312	HR71	Py63	B	A	0.7349250316619873
9313	HR71	Py65	B	A	0.7294941544532776
9314	HR71	Py67	B	A	0.7328160405158997
9315	HR71	Py69	B	A	0.7424354553222656
9316	HR71	Py71	B	A	0.7403140068054199
9317	HR71	Py73	B	A	0.7738632559776306
9318	HR71	Py75	B	A	0.7774799466133118
9319	HR71	Py78	B	A	0.7772048115730286
9320	HR71	Py80	B	A	0.7606129050254822
9321	HR71	Py82	B	A	0.7568119168281555
9322	HR71	Py84	B	A	0.7794643640518188
9323	HR71	Py86	B	A	0.7772907018661499
9324	HR71	Py88	B	A	0.7807489037513733
9325	HR71	HR05	B	A	0.6468663215637207
9326	HR71	HR07	B	A	0.6570980548858643
9327	HR71	HR09	B	A	0.6255346536636353
9328	HR71	HR11	B	A	0.6483852863311768
9329	HR71	HR15	B	A	0.5083791613578796
9330	HR71	HR19	B	A	0.6701621413230896
9331	HR71	HR21	B	A	0.6709965467453003
9332	HR71	HR25	B	A	0.7872123122215271
9333	HR71	HR31	B	A	0.7919778227806091
9334	HR71	HR33	B	A	0.7084131836891174
9335	HR71	HR37	B	A	0.7330151796340942
9336	HR71	HR47	B	A	0.757095217704773
9337	HR71	HR50	B	A	0.7047946453094482
9338	HR71	HR52	B	A	0.7553459405899048
9339	HR71	HR56	B	A	0.7197019457817078
9340	HR71	HR60	B	A	0.7391649484634399
9341	HR71	HR62	B	A	0.6755572557449341
9342	HR71	HR64	B	A	0.8079932332038879
9343	HR71	HR66	B	A	0.6493334174156189
9344	HR71	HR68	B	A	0.6544893383979797
9345	HR71	H3	B	A	0.7281206846237183
9346	HR71	H5	B	A	0.7247193455696106
9347	HR71	H7	B	A	0.6760985851287842
9348	HR71	H11	B	A	0.6660502552986145
9349	HR71	H13	B	A	0.739946722984314
9350	HR71	H15	B	A	0.7892105579376221
9351	HR71	Han01	B	A	0.7827182412147522
9352	HR71	Han03	B	A	0.7885389924049377
9353	HR71	Han05	B	A	0.8441402912139893
9354	HR71	Han07	B	A	0.7865952253341675
9355	HR71	Han09	B	A	0.7805195450782776
9356	HR71	Han11	B	A	0.7888842225074768
9357	HR71	Han13	B	A	0.7948259711265564
9358	HR71	Han15	B	A	0.8312126398086548
9359	HR71	Han17	B	A	0.7883627414703369
9360	HR71	Han19	B	A	0.7826824188232422
9361	HR71	Han21	B	A	0.7843587398529053
9362	HR71	Han23	B	A	0.7873720526695251
9363	HR71	Han25	B	A	0.7974327206611633
9364	HR71	Han27	B	A	0.794329822063446
9365	HR71	Han29	B	A	0.7952924966812134
9366	HR71	Han31	B	A	0.7819796800613403
9367	HR71	Han33	B	A	0.7788058519363403
9368	HR71	Han35	B	A	0.793147087097168
9369	HR71	Han37	B	A	0.7779080867767334
9370	HR71	Han39	B	A	0.794424295425415
9371	HR71	Han41	B	A	0.796786904335022
9372	HR71	Han43	B	A	0.7905724048614502
9373	HR71	Han45	B	A	0.7824070453643799
9374	HR71	Han47	B	A	0.8569216132164001
9375	HR71	Han51	B	A	0.7789334654808044
9376	H1	Py1	B	A	0.4588126838207245
9377	H1	Py3	B	A	0.4597881436347961
9378	H1	Py5	B	A	0.4931156933307648
9379	H1	Py7	B	A	0.4578441679477692
9380	H1	Py9	B	A	0.4568098187446594
9381	H1	Py11	B	A	0.4750792980194092
9382	H1	Py13	B	A	0.4600720405578613
9383	H1	Py15	B	A	0.4776918292045593
9384	H1	Py17	B	A	0.4665612280368805
9385	H1	Py19	B	A	0.5092851519584656
9386	H1	Py25	B	A	0.5057075023651123
9387	H1	Py27	B	A	0.4685968160629272
9388	H1	Py29	B	A	0.4684435427188873
9389	H1	Py31	B	A	0.4668380618095398
9390	H1	Py33	B	A	0.477616161108017
9391	H1	Py35	B	A	0.4621130228042603
9392	H1	Py37	B	A	0.4581864178180695
9393	H1	Py39	B	A	0.4407147765159607
9394	H1	Py41	B	A	0.4534841775894165
9395	H1	Py43	B	A	0.4609131813049316
9396	H1	Py45	B	A	0.4867076873779297
9397	H1	Py47	B	A	0.4636968672275543
9398	H1	Py51	B	A	0.4390192925930023
9399	H1	Py55	B	A	0.4819822609424591
9400	H1	Py57	B	A	0.4789160192012787
9401	H1	Py59	B	A	0.4898472726345062
9402	H1	Py61	B	A	0.5159436464309692
9403	H1	Py63	B	A	0.4512241184711456
9404	H1	Py65	B	A	0.4463629722595215
9405	H1	Py67	B	A	0.450074702501297
9406	H1	Py69	B	A	0.4589523375034332
9407	H1	Py71	B	A	0.455235093832016
9408	H1	Py73	B	A	0.5557809472084045
9409	H1	Py75	B	A	0.5425176024436951
9410	H1	Py78	B	A	0.5057396292686462
9411	H1	Py80	B	A	0.5186182260513306
9412	H1	Py82	B	A	0.4830693304538727
9413	H1	Py84	B	A	0.4962698817253113
9414	H1	Py86	B	A	0.4840666055679321
9415	H1	Py88	B	A	0.4964499771595001
9416	H1	HR05	B	A	0.3666669428348541
9417	H1	HR07	B	A	0.4148926436901093
9418	H1	HR09	B	A	0.3773766160011292
9419	H1	HR11	B	A	0.2975584864616394
9420	H1	HR15	B	A	0.3928428292274475
9421	H1	HR19	B	A	0.2823058068752289
9422	H1	HR21	B	A	0.2681872844696045
9423	H1	HR25	B	A	0.3497498035430908
9424	H1	HR31	B	A	0.421406090259552
9425	H1	HR33	B	A	0.2294563502073288
9426	H1	HR37	B	A	0.3938457369804382
9427	H1	HR47	B	A	0.4570050835609436
9428	H1	HR50	B	A	0.2161859124898911
9429	H1	HR52	B	A	0.2273709625005722
9430	H1	HR56	B	A	0.231530949473381
9431	H1	HR60	B	A	0.4462561011314392
9432	H1	HR62	B	A	0.2920253276824951
9433	H1	HR64	B	A	0.3686387240886688
9434	H1	HR66	B	A	0.3199478983879089
9435	H1	HR68	B	A	0.3367535173892975
9436	H1	H3	B	A	0.1806943565607071
9437	H1	H5	B	A	0.2285234779119492
9438	H1	H7	B	A	0.2811511158943176
9439	H1	H11	B	A	0.2912834882736206
9440	H1	H13	B	A	0.2074697017669678
9441	H1	H15	B	A	0.212523877620697
9442	H1	Han01	B	A	0.5513031482696533
9443	H1	Han03	B	A	0.536709725856781
9444	H1	Han05	B	A	0.5772074460983276
9445	H1	Han07	B	A	0.5489384531974792
9446	H1	Han09	B	A	0.5520101189613342
9447	H1	Han11	B	A	0.5422801971435547
9448	H1	Han13	B	A	0.5234991908073425
9449	H1	Han15	B	A	0.5730805397033691
9450	H1	Han17	B	A	0.5387157201766968
9451	H1	Han19	B	A	0.544421374797821
9452	H1	Han21	B	A	0.5475462079048157
9453	H1	Han23	B	A	0.519957959651947
9454	H1	Han25	B	A	0.5087084770202637
9455	H1	Han27	B	A	0.5110352039337158
9456	H1	Han29	B	A	0.52195805311203
9457	H1	Han31	B	A	0.546065628528595
9458	H1	Han33	B	A	0.5694547891616821
9459	H1	Han35	B	A	0.5249384641647339
9460	H1	Han37	B	A	0.563208818435669
9461	H1	Han39	B	A	0.5270496606826782
9462	H1	Han41	B	A	0.5277613401412964
9463	H1	Han43	B	A	0.5306063294410706
9464	H1	Han45	B	A	0.5330196619033813
9465	H1	Han47	B	A	0.5944597721099854
9466	H1	Han51	B	A	0.5415704250335693
9467	H8	Py1	B	A	0.3463703691959381
9468	H8	Py3	B	A	0.3471390306949615
9469	H8	Py5	B	A	0.4011915326118469
9470	H8	Py7	B	A	0.3471811711788177
9471	H8	Py9	B	A	0.3473250269889832
9472	H8	Py11	B	A	0.3651915490627289
9473	H8	Py13	B	A	0.3489870131015778
9474	H8	Py15	B	A	0.3684572279453278
9475	H8	Py17	B	A	0.3577590882778168
9476	H8	Py19	B	A	0.4175723195075989
9477	H8	Py25	B	A	0.4139415919780731
9478	H8	Py27	B	A	0.3583673238754272
9479	H8	Py29	B	A	0.3578896522521973
9480	H8	Py31	B	A	0.3583537042140961
9481	H8	Py33	B	A	0.3691170215606689
9482	H8	Py35	B	A	0.3525086045265198
9483	H8	Py37	B	A	0.3420258760452271
9484	H8	Py39	B	A	0.3249885737895966
9485	H8	Py41	B	A	0.3393673896789551
9486	H8	Py43	B	A	0.3513152301311493
9487	H8	Py45	B	A	0.3885931670665741
9488	H8	Py47	B	A	0.3545027077198029
9489	H8	Py51	B	A	0.3253027200698853
9490	H8	Py55	B	A	0.3769116997718811
9491	H8	Py57	B	A	0.3728419244289398
9492	H8	Py59	B	A	0.3949263393878937
9493	H8	Py61	B	A	0.4156004786491394
9494	H8	Py63	B	A	0.3386682868003845
9495	H8	Py65	B	A	0.334174245595932
9496	H8	Py67	B	A	0.3413043320178986
9497	H8	Py69	B	A	0.3478347659111023
9498	H8	Py71	B	A	0.3422622382640839
9499	H8	Py73	B	A	0.4445917904376984
9500	H8	Py75	B	A	0.4268056452274323
9501	H8	Py78	B	A	0.3807257115840912
9502	H8	Py80	B	A	0.4001821279525757
9503	H8	Py82	B	A	0.3479742109775543
9504	H8	Py84	B	A	0.3834717571735382
9505	H8	Py86	B	A	0.3634956777095795
9506	H8	Py88	B	A	0.3683654367923737
9507	H8	HR05	B	A	0.2085012048482895
9508	H8	HR07	B	A	0.2559685707092285
9509	H8	HR09	B	A	0.2685885429382324
9510	H8	HR11	B	A	0.1753283441066742
9511	H8	HR15	B	A	0.253732830286026
9512	H8	HR19	B	A	0.1539414077997208
9513	H8	HR21	B	A	0.1684745401144028
9514	H8	HR25	B	A	0.4198029637336731
9515	H8	HR31	B	A	0.4373837113380432
9516	H8	HR33	B	A	0.2119695097208023
9517	H8	HR37	B	A	0.344254195690155
9518	H8	HR47	B	A	0.404452919960022
9519	H8	HR50	B	A	0.2000090181827545
9520	H8	HR52	B	A	0.2838840782642365
9521	H8	HR56	B	A	0.223594531416893
9522	H8	HR60	B	A	0.3816699981689453
9523	H8	HR62	B	A	0.2101438641548157
9524	H8	HR64	B	A	0.4592733383178711
9525	H8	HR66	B	A	0.2177750617265701
9526	H8	HR68	B	A	0.1729354411363602
9527	H8	H3	B	A	0.2206327617168427
9528	H8	H5	B	A	0.2290772944688797
9529	H8	H7	B	A	0.1642411947250366
9530	H8	H11	B	A	0.19870725274086
9531	H8	H13	B	A	0.2294778674840927
9532	H8	H15	B	A	0.3080266118049622
9533	H8	Han01	B	A	0.4361695945262909
9534	H8	Han03	B	A	0.4203163087368011
9535	H8	Han05	B	A	0.4738159775733948
9536	H8	Han07	B	A	0.4431968331336975
9537	H8	Han09	B	A	0.4357722997665405
9538	H8	Han11	B	A	0.4325432479381561
9539	H8	Han13	B	A	0.4211763441562653
9540	H8	Han15	B	A	0.4505351483821869
9541	H8	Han17	B	A	0.4202089309692383
9542	H8	Han19	B	A	0.426843672990799
9543	H8	Han21	B	A	0.4271770119667053
9544	H8	Han23	B	A	0.4101788401603699
9545	H8	Han25	B	A	0.4207381308078766
9546	H8	Han27	B	A	0.4129453301429749
9547	H8	Han29	B	A	0.4282583296298981
9548	H8	Han31	B	A	0.4284612834453583
9549	H8	Han33	B	A	0.4536139369010925
9550	H8	Han35	B	A	0.4264173805713654
9551	H8	Han37	B	A	0.4473910629749298
9552	H8	Han39	B	A	0.4308799803256989
9553	H8	Han41	B	A	0.4170923829078674
9554	H8	Han43	B	A	0.4101071953773499
9555	H8	Han45	B	A	0.4147420823574066
9556	H8	Han47	B	A	0.501021146774292
9557	H8	Han51	B	A	0.4144294559955597
9558	H12	Py1	B	A	0.4511986970901489
9559	H12	Py3	B	A	0.451546311378479
9560	H12	Py5	B	A	0.4770046472549438
9561	H12	Py7	B	A	0.449664443731308
9562	H12	Py9	B	A	0.449325293302536
9563	H12	Py11	B	A	0.462776392698288
9564	H12	Py13	B	A	0.4529895484447479
9565	H12	Py15	B	A	0.465138703584671
9566	H12	Py17	B	A	0.4511198103427887
9567	H12	Py19	B	A	0.4953314960002899
9568	H12	Py25	B	A	0.4986461102962494
9569	H12	Py27	B	A	0.4539223313331604
9570	H12	Py29	B	A	0.4533431529998779
9571	H12	Py31	B	A	0.4506854712963104
9572	H12	Py33	B	A	0.4614717662334442
9573	H12	Py35	B	A	0.4481748938560486
9574	H12	Py37	B	A	0.4592054784297943
9575	H12	Py39	B	A	0.4419109523296356
9576	H12	Py41	B	A	0.4572673141956329
9577	H12	Py43	B	A	0.4647442996501923
9578	H12	Py45	B	A	0.4813832342624664
9579	H12	Py47	B	A	0.4630716443061829
9580	H12	Py51	B	A	0.4423637390136719
9581	H12	Py55	B	A	0.4748009443283081
9582	H12	Py57	B	A	0.4758660793304443
9583	H12	Py59	B	A	0.4974003732204437
9584	H12	Py61	B	A	0.5222957730293274
9585	H12	Py63	B	A	0.4554878175258636
9586	H12	Py65	B	A	0.4493960738182068
9587	H12	Py67	B	A	0.4526935219764709
9588	H12	Py69	B	A	0.4629494547843933
9589	H12	Py71	B	A	0.4587663412094116
9590	H12	Py73	B	A	0.5660066604614258
9591	H12	Py75	B	A	0.5467015504837036
9592	H12	Py78	B	A	0.4968736171722412
9593	H12	Py80	B	A	0.5260032415390015
9594	H12	Py82	B	A	0.4833367764949799
9595	H12	Py84	B	A	0.4884178042411804
9596	H12	Py86	B	A	0.4826482534408569
9597	H12	Py88	B	A	0.4958617091178894
9598	H12	HR05	B	A	0.3849590718746185
9599	H12	HR07	B	A	0.4150254130363464
9600	H12	HR09	B	A	0.3915125131607056
9601	H12	HR11	B	A	0.2993790209293365
9602	H12	HR15	B	A	0.4107945561408997
9603	H12	HR19	B	A	0.2807787358760834
9604	H12	HR21	B	A	0.2634669244289398
9605	H12	HR25	B	A	0.3568236529827118
9606	H12	HR31	B	A	0.4273546636104584
9607	H12	HR33	B	A	0.2471916973590851
9608	H12	HR37	B	A	0.398191511631012
9609	H12	HR47	B	A	0.4573028981685638
9610	H12	HR50	B	A	0.2021296322345734
9611	H12	HR52	B	A	0.2443416714668274
9612	H12	HR56	B	A	0.2283931076526642
9613	H12	HR60	B	A	0.4696603715419769
9614	H12	HR62	B	A	0.3286316394805908
9615	H12	HR64	B	A	0.3736362755298615
9616	H12	HR66	B	A	0.3372927010059357
9617	H12	HR68	B	A	0.3650491833686829
9618	H12	H3	B	A	0.1857312321662903
9619	H12	H5	B	A	0.2433959245681763
9620	H12	H7	B	A	0.2844828367233276
9621	H12	H11	B	A	0.3350390493869781
9622	H12	H13	B	A	0.2305297702550888
9623	H12	H15	B	A	0.1885638833045959
9624	H12	Han01	B	A	0.5466557145118713
9625	H12	Han03	B	A	0.5295520424842834
9626	H12	Han05	B	A	0.5764000415802002
9627	H12	Han07	B	A	0.5413451790809631
9628	H12	Han09	B	A	0.5459906458854675
9629	H12	Han11	B	A	0.5364813804626465
9630	H12	Han13	B	A	0.5158897042274475
9631	H12	Han15	B	A	0.5727891325950623
9632	H12	Han17	B	A	0.5354943871498108
9633	H12	Han19	B	A	0.5380629897117615
9634	H12	Han21	B	A	0.5368564128875732
9635	H12	Han23	B	A	0.5118595957756042
9636	H12	Han25	B	A	0.5042048692703247
9637	H12	Han27	B	A	0.5026457905769348
9638	H12	Han29	B	A	0.5089576244354248
9639	H12	Han31	B	A	0.5340595245361328
9640	H12	Han33	B	A	0.5602190494537354
9641	H12	Han35	B	A	0.5130836963653564
9642	H12	Han37	B	A	0.5545626878738403
9643	H12	Han39	B	A	0.5149626135826111
9644	H12	Han41	B	A	0.5183668732643127
9645	H12	Han43	B	A	0.5257408022880554
9646	H12	Han45	B	A	0.5266755223274231
9647	H12	Han47	B	A	0.5952141284942627
9648	H12	Han51	B	A	0.5377347469329834
9649	H16	Py1	B	A	0.4511768519878387
9650	H16	Py3	B	A	0.4521128237247467
9651	H16	Py5	B	A	0.4949190020561218
9652	H16	Py7	B	A	0.4522071182727814
9653	H16	Py9	B	A	0.4524383544921875
9654	H16	Py11	B	A	0.468779981136322
9655	H16	Py13	B	A	0.453359067440033
9656	H16	Py15	B	A	0.4715684950351715
9657	H16	Py17	B	A	0.4614582657814026
9658	H16	Py19	B	A	0.5117318630218506
9659	H16	Py25	B	A	0.509280264377594
9660	H16	Py27	B	A	0.4623047113418579
9661	H16	Py29	B	A	0.4614608287811279
9662	H16	Py31	B	A	0.4620381295681
9663	H16	Py33	B	A	0.4728987514972687
9664	H16	Py35	B	A	0.4559147953987122
9665	H16	Py37	B	A	0.4568696320056915
9666	H16	Py39	B	A	0.4392536282539368
9667	H16	Py41	B	A	0.4554217159748077
9668	H16	Py43	B	A	0.4639462232589722
9669	H16	Py45	B	A	0.4840774536132812
9670	H16	Py47	B	A	0.4621884226799011
9671	H16	Py51	B	A	0.4402743279933929
9672	H16	Py55	B	A	0.4775590896606445
9673	H16	Py57	B	A	0.4748175740242004
9674	H16	Py59	B	A	0.4991381764411926
9675	H16	Py61	B	A	0.5221043229103088
9676	H16	Py63	B	A	0.4550923407077789
9677	H16	Py65	B	A	0.4486013352870941
9678	H16	Py67	B	A	0.4520137906074524
9679	H16	Py69	B	A	0.4625873565673828
9680	H16	Py71	B	A	0.4581138789653778
9681	H16	Py73	B	A	0.5685443878173828
9682	H16	Py75	B	A	0.5521085262298584
9683	H16	Py78	B	A	0.5085555911064148
9684	H16	Py80	B	A	0.5247344970703125
9685	H16	Py82	B	A	0.4872377812862396
9686	H16	Py84	B	A	0.4980756342411041
9687	H16	Py86	B	A	0.4899265170097351
9688	H16	Py88	B	A	0.5016867518424988
9689	H16	HR05	B	A	0.371649295091629
9690	H16	HR07	B	A	0.4113400876522064
9691	H16	HR09	B	A	0.3927615582942963
9692	H16	HR11	B	A	0.2804310619831085
9693	H16	HR15	B	A	0.394867330789566
9694	H16	HR19	B	A	0.2764454782009125
9695	H16	HR21	B	A	0.2586631178855896
9696	H16	HR25	B	A	0.3591066002845764
9697	H16	HR31	B	A	0.4311343431472778
9698	H16	HR33	B	A	0.2325789034366608
9699	H16	HR37	B	A	0.4012969434261322
9700	H16	HR47	B	A	0.4651744365692139
9701	H16	HR50	B	A	0.1888702511787415
9702	H16	HR52	B	A	0.2402320802211761
9703	H16	HR56	B	A	0.2319126725196838
9704	H16	HR60	B	A	0.471532016992569
9705	H16	HR62	B	A	0.3268740177154541
9706	H16	HR64	B	A	0.3751790225505829
9707	H16	HR66	B	A	0.3234775960445404
9708	H16	HR68	B	A	0.3505589365959167
9709	H16	H3	B	A	0.1745175421237946
9710	H16	H5	B	A	0.2118749469518661
9711	H16	H7	B	A	0.2734358310699463
9712	H16	H11	B	A	0.3147162795066833
9713	H16	H13	B	A	0.1910827159881592
9714	H16	H15	B	A	0.1779954731464386
9715	H16	Han01	B	A	0.5516534447669983
9716	H16	Han03	B	A	0.5354757905006409
9717	H16	Han05	B	A	0.5764531493186951
9718	H16	Han07	B	A	0.5473732948303223
9719	H16	Han09	B	A	0.5506359934806824
9720	H16	Han11	B	A	0.5420003533363342
9721	H16	Han13	B	A	0.5237411856651306
9722	H16	Han15	B	A	0.5715569257736206
9723	H16	Han17	B	A	0.5396255850791931
9724	H16	Han19	B	A	0.5424329042434692
9725	H16	Han21	B	A	0.5456626415252686
9726	H16	Han23	B	A	0.5179647207260132
9727	H16	Han25	B	A	0.5115310549736023
9728	H16	Han27	B	A	0.5131247043609619
9729	H16	Han29	B	A	0.5207305550575256
9730	H16	Han31	B	A	0.5437442064285278
9731	H16	Han33	B	A	0.5664310455322266
9732	H16	Han35	B	A	0.5217342376708984
9733	H16	Han37	B	A	0.5602981448173523
9734	H16	Han39	B	A	0.5261237621307373
9735	H16	Han41	B	A	0.527023434638977
9736	H16	Han43	B	A	0.533534049987793
9737	H16	Han45	B	A	0.5330747961997986
9738	H16	Han47	B	A	0.591420590877533
9739	H16	Han51	B	A	0.548570990562439
9740	P2PCRpos	Py1	B	A	0.385574609041214
9741	P2PCRpos	Py3	B	A	0.3848223090171814
9742	P2PCRpos	Py5	B	A	0.3828309774398804
9743	P2PCRpos	Py7	B	A	0.3711017370223999
9744	P2PCRpos	Py9	B	A	0.3699108362197876
9745	P2PCRpos	Py11	B	A	0.3753086924552917
9746	P2PCRpos	Py13	B	A	0.3670785129070282
9747	P2PCRpos	Py15	B	A	0.3804663419723511
9748	P2PCRpos	Py17	B	A	0.3630967140197754
9749	P2PCRpos	Py19	B	A	0.3868139386177063
9750	P2PCRpos	Py25	B	A	0.3641979992389679
9751	P2PCRpos	Py27	B	A	0.3595664799213409
9752	P2PCRpos	Py29	B	A	0.3694570064544678
9753	P2PCRpos	Py31	B	A	0.3541029691696167
9754	P2PCRpos	Py33	B	A	0.3589163720607758
9755	P2PCRpos	Py35	B	A	0.3663099110126495
9756	P2PCRpos	Py37	B	A	0.4088089466094971
9757	P2PCRpos	Py39	B	A	0.4170742630958557
9758	P2PCRpos	Py41	B	A	0.3905244767665863
9759	P2PCRpos	Py43	B	A	0.3922254145145416
9760	P2PCRpos	Py45	B	A	0.4060049057006836
9761	P2PCRpos	Py47	B	A	0.3924185633659363
9762	P2PCRpos	Py51	B	A	0.3953700065612793
9763	P2PCRpos	Py55	B	A	0.3802314400672913
9764	P2PCRpos	Py57	B	A	0.373065710067749
9765	P2PCRpos	Py59	B	A	0.390395849943161
9766	P2PCRpos	Py61	B	A	0.4174665212631226
9767	P2PCRpos	Py63	B	A	0.3737280666828156
9768	P2PCRpos	Py65	B	A	0.3710557222366333
9769	P2PCRpos	Py67	B	A	0.3721879124641418
9770	P2PCRpos	Py69	B	A	0.3697921335697174
9771	P2PCRpos	Py71	B	A	0.3813748359680176
9772	P2PCRpos	Py73	B	A	0.5376971364021301
9773	P2PCRpos	Py75	B	A	0.5243785381317139
9774	P2PCRpos	Py78	B	A	0.4719406962394714
9775	P2PCRpos	Py80	B	A	0.5175751447677612
9776	P2PCRpos	Py82	B	A	0.4584524631500244
9777	P2PCRpos	Py84	B	A	0.4816233515739441
9778	P2PCRpos	Py86	B	A	0.5052740573883057
9779	P2PCRpos	Py88	B	A	0.5082300901412964
9780	P2PCRpos	HR05	B	A	0.463890016078949
9781	P2PCRpos	HR07	B	A	0.4597252011299133
9782	P2PCRpos	HR09	B	A	0.4170300960540771
9783	P2PCRpos	HR11	B	A	0.4696305990219116
9784	P2PCRpos	HR15	B	A	0.5321993231773376
9785	P2PCRpos	HR19	B	A	0.4823422133922577
9786	P2PCRpos	HR21	B	A	0.4750217199325562
9787	P2PCRpos	HR25	B	A	0.5278682708740234
9788	P2PCRpos	HR31	B	A	0.5064828991889954
9789	P2PCRpos	HR33	B	A	0.4997571706771851
9790	P2PCRpos	HR37	B	A	0.4610913991928101
9791	P2PCRpos	HR47	B	A	0.4717472791671753
9792	P2PCRpos	HR50	B	A	0.4971518814563751
9793	P2PCRpos	HR52	B	A	0.5571618676185608
9794	P2PCRpos	HR56	B	A	0.4752356708049774
9795	P2PCRpos	HR60	B	A	0.4251068234443665
9796	P2PCRpos	HR62	B	A	0.4595055282115936
9797	P2PCRpos	HR64	B	A	0.5450334548950195
9798	P2PCRpos	HR66	B	A	0.4897465407848358
9799	P2PCRpos	HR68	B	A	0.4614003896713257
9800	P2PCRpos	H3	B	A	0.5118774771690369
9801	P2PCRpos	H5	B	A	0.4851107895374298
9802	P2PCRpos	H7	B	A	0.463805079460144
9803	P2PCRpos	H11	B	A	0.4894765615463257
9804	P2PCRpos	H13	B	A	0.5214346051216125
9805	P2PCRpos	H15	B	A	0.5611901879310608
9806	P2PCRpos	Han01	B	A	0.5317097306251526
9807	P2PCRpos	Han03	B	A	0.525299072265625
9808	P2PCRpos	Han05	B	A	0.5414241552352905
9809	P2PCRpos	Han07	B	A	0.5369636416435242
9810	P2PCRpos	Han09	B	A	0.5292863249778748
9811	P2PCRpos	Han11	B	A	0.5334393978118896
9812	P2PCRpos	Han13	B	A	0.5356249213218689
9813	P2PCRpos	Han15	B	A	0.5546562671661377
9814	P2PCRpos	Han17	B	A	0.5324928164482117
9815	P2PCRpos	Han19	B	A	0.5296356678009033
9816	P2PCRpos	Han21	B	A	0.5214407444000244
9817	P2PCRpos	Han23	B	A	0.5288306474685669
9818	P2PCRpos	Han25	B	A	0.5435349941253662
9819	P2PCRpos	Han27	B	A	0.5343230962753296
9820	P2PCRpos	Han29	B	A	0.5343520641326904
9821	P2PCRpos	Han31	B	A	0.5258949398994446
9822	P2PCRpos	Han33	B	A	0.5312948822975159
9823	P2PCRpos	Han35	B	A	0.5367220044136047
9824	P2PCRpos	Han37	B	A	0.5310680270195007
9825	P2PCRpos	Han39	B	A	0.5282593965530396
9826	P2PCRpos	Han41	B	A	0.5242677927017212
9827	P2PCRpos	Han43	B	A	0.5229021310806274
9828	P2PCRpos	Han45	B	A	0.5208889842033386
9829	P2PCRpos	Han47	B	A	0.5616252422332764
9830	P2PCRpos	Han51	B	A	0.410180926322937
9831	Han02	Py1	B	A	0.4358730018138885
9832	Han02	Py3	B	A	0.4416681230068207
9833	Han02	Py5	B	A	0.4937946796417236
9834	Han02	Py7	B	A	0.4617371559143066
9835	Han02	Py9	B	A	0.4621574282646179
9836	Han02	Py11	B	A	0.4824686348438263
9837	Han02	Py13	B	A	0.46250119805336
9838	Han02	Py15	B	A	0.4826633930206299
9839	Han02	Py17	B	A	0.4696139693260193
9840	Han02	Py19	B	A	0.5231746435165405
9841	Han02	Py25	B	A	0.515976071357727
9842	Han02	Py27	B	A	0.4684869945049286
9843	Han02	Py29	B	A	0.4653337895870209
9844	Han02	Py31	B	A	0.4698048233985901
9845	Han02	Py33	B	A	0.4810817837715149
9846	Han02	Py35	B	A	0.4605465531349182
9847	Han02	Py37	B	A	0.3809711635112762
9848	Han02	Py39	B	A	0.3684856295585632
9849	Han02	Py41	B	A	0.4059899747371674
9850	Han02	Py43	B	A	0.4443302154541016
9851	Han02	Py45	B	A	0.4924274682998657
9852	Han02	Py47	B	A	0.4621689319610596
9853	Han02	Py51	B	A	0.404182642698288
9854	Han02	Py55	B	A	0.4864987432956696
9855	Han02	Py57	B	A	0.4827677607536316
9856	Han02	Py59	B	A	0.4755151271820068
9857	Han02	Py61	B	A	0.4762623310089111
9858	Han02	Py63	B	A	0.4066259860992432
9859	Han02	Py65	B	A	0.4146547913551331
9860	Han02	Py67	B	A	0.4205990433692932
9861	Han02	Py69	B	A	0.4192925989627838
9862	Han02	Py71	B	A	0.40143021941185
9863	Han02	Py73	B	A	0.3036038279533386
9864	Han02	Py75	B	A	0.277596652507782
9865	Han02	Py78	B	A	0.2779997885227203
9866	Han02	Py80	B	A	0.2335896492004395
9867	Han02	Py82	B	A	0.300564169883728
9868	Han02	Py84	B	A	0.2226234823465347
9869	Han02	Py86	B	A	0.1990454345941544
9870	Han02	Py88	B	A	0.2234805673360825
9871	Han02	HR05	B	A	0.4498474299907684
9872	Han02	HR07	B	A	0.3993766307830811
9873	Han02	HR09	B	A	0.4413144886493683
9874	Han02	HR11	B	A	0.4608297646045685
9875	Han02	HR15	B	A	0.4814714193344116
9876	Han02	HR19	B	A	0.4416925311088562
9877	Han02	HR21	B	A	0.4415819644927979
9878	Han02	HR25	B	A	0.5614462494850159
9879	Han02	HR31	B	A	0.5633469223976135
9880	Han02	HR33	B	A	0.4703142642974854
9881	Han02	HR37	B	A	0.5057355165481567
9882	Han02	HR47	B	A	0.5397552847862244
9883	Han02	HR50	B	A	0.4759455323219299
9884	Han02	HR52	B	A	0.5285029411315918
9885	Han02	HR56	B	A	0.4839945435523987
9886	Han02	HR60	B	A	0.4794443547725677
9887	Han02	HR62	B	A	0.4294496774673462
9888	Han02	HR64	B	A	0.5922103524208069
9889	Han02	HR66	B	A	0.4422108232975006
9890	Han02	HR68	B	A	0.4125090837478638
9891	Han02	H3	B	A	0.5073347687721252
9892	Han02	H5	B	A	0.4779179692268372
9893	Han02	H7	B	A	0.4419507086277008
9894	Han02	H11	B	A	0.4470752775669098
9895	Han02	H13	B	A	0.4850931167602539
9896	Han02	H15	B	A	0.5627267360687256
9897	Han02	Han01	B	A	0.1790170669555664
9898	Han02	Han03	B	A	0.1323320418596268
9899	Han02	Han05	B	A	0.3088779747486115
9900	Han02	Han07	B	A	0.1773206889629364
9901	Han02	Han09	B	A	0.1757601946592331
9902	Han02	Han11	B	A	0.1479445695877075
9903	Han02	Han13	B	A	0.1271549761295319
9904	Han02	Han15	B	A	0.2788596451282501
9905	Han02	Han17	B	A	0.1205791234970093
9906	Han02	Han19	B	A	0.1485066115856171
9907	Han02	Han21	B	A	0.1587714552879333
9908	Han02	Han23	B	A	0.1222358271479607
9909	Han02	Han25	B	A	0.1452829837799072
9910	Han02	Han27	B	A	0.1625135242938995
9911	Han02	Han29	B	A	0.1997347325086594
9912	Han02	Han31	B	A	0.1769288331270218
9913	Han02	Han33	B	A	0.2183643728494644
9914	Han02	Han35	B	A	0.1603554338216782
9915	Han02	Han37	B	A	0.2137970328330994
9916	Han02	Han39	B	A	0.1698418110609055
9917	Han02	Han41	B	A	0.1273448914289474
9918	Han02	Han43	B	A	0.1221535503864288
9919	Han02	Han45	B	A	0.1445831805467606
9920	Han02	Han47	B	A	0.3898611664772034
9921	Han02	Han51	B	A	0.3257097601890564
9922	Han04	Py1	B	A	0.4297702312469482
9923	Han04	Py3	B	A	0.4364139437675476
9924	Han04	Py5	B	A	0.4917252361774445
9925	Han04	Py7	B	A	0.4510325789451599
9926	Han04	Py9	B	A	0.450739324092865
9927	Han04	Py11	B	A	0.4759679734706879
9928	Han04	Py13	B	A	0.4494527578353882
9929	Han04	Py15	B	A	0.4798021614551544
9930	Han04	Py17	B	A	0.4594851434230804
9931	Han04	Py19	B	A	0.5124170780181885
9932	Han04	Py25	B	A	0.5035226941108704
9933	Han04	Py27	B	A	0.4595799744129181
9934	Han04	Py29	B	A	0.4561746716499329
9935	Han04	Py31	B	A	0.4580373764038086
9936	Han04	Py33	B	A	0.4714186787605286
9937	Han04	Py35	B	A	0.451953262090683
9938	Han04	Py37	B	A	0.3886260986328125
9939	Han04	Py39	B	A	0.378401130437851
9940	Han04	Py41	B	A	0.3995116353034973
9941	Han04	Py43	B	A	0.4395580887794495
9942	Han04	Py45	B	A	0.4930603504180908
9943	Han04	Py47	B	A	0.46029132604599
9944	Han04	Py51	B	A	0.4023443162441254
9945	Han04	Py55	B	A	0.4827324151992798
9946	Han04	Py57	B	A	0.4748835861682892
9947	Han04	Py59	B	A	0.4667216241359711
9948	Han04	Py61	B	A	0.4005572199821472
9949	Han04	Py63	B	A	0.3947506248950958
9950	Han04	Py65	B	A	0.4027836620807648
9951	Han04	Py67	B	A	0.4132822751998901
9952	Han04	Py69	B	A	0.4090056121349335
9953	Han04	Py71	B	A	0.3962515592575073
9954	Han04	Py73	B	A	0.4344658553600311
9955	Han04	Py75	B	A	0.3757206797599792
9956	Han04	Py78	B	A	0.3751516044139862
9957	Han04	Py80	B	A	0.39893639087677
9958	Han04	Py82	B	A	0.3652504980564117
9959	Han04	Py84	B	A	0.350296676158905
9960	Han04	Py86	B	A	0.3262249231338501
9961	Han04	Py88	B	A	0.3015322387218475
9962	Han04	HR05	B	A	0.4676305651664734
9963	Han04	HR07	B	A	0.4847147166728973
9964	Han04	HR09	B	A	0.4418657720088959
9965	Han04	HR11	B	A	0.4928038716316223
9966	Han04	HR15	B	A	0.5455777049064636
9967	Han04	HR19	B	A	0.4819196462631226
9968	Han04	HR21	B	A	0.4896133542060852
9969	Han04	HR25	B	A	0.6140559911727905
9970	Han04	HR31	B	A	0.610792875289917
9971	Han04	HR33	B	A	0.5192579627037048
9972	Han04	HR37	B	A	0.5555388927459717
9973	Han04	HR47	B	A	0.565875768661499
9974	Han04	HR50	B	A	0.5218257308006287
9975	Han04	HR52	B	A	0.5820011496543884
9976	Han04	HR56	B	A	0.5257389545440674
9977	Han04	HR60	B	A	0.4552028179168701
9978	Han04	HR62	B	A	0.4580347239971161
9979	Han04	HR64	B	A	0.6416154503822327
9980	Han04	HR66	B	A	0.5085180401802063
9981	Han04	HR68	B	A	0.4460511803627014
9982	Han04	H3	B	A	0.5548908114433289
9983	Han04	H5	B	A	0.514827311038971
9984	Han04	H7	B	A	0.4784259498119354
9985	Han04	H11	B	A	0.4868481457233429
9986	Han04	H13	B	A	0.5333009958267212
9987	Han04	H15	B	A	0.6186226606369019
9988	Han04	Han01	B	A	0.4225896298885345
9989	Han04	Han03	B	A	0.3850489258766174
9990	Han04	Han05	B	A	0.1808681190013885
9991	Han04	Han07	B	A	0.4337943196296692
9992	Han04	Han09	B	A	0.415081799030304
9993	Han04	Han11	B	A	0.4074579775333405
9994	Han04	Han13	B	A	0.3936912417411804
9995	Han04	Han15	B	A	0.1411599218845367
9996	Han04	Han17	B	A	0.369213193655014
9997	Han04	Han19	B	A	0.3948802649974823
9998	Han04	Han21	B	A	0.395683079957962
9999	Han04	Han23	B	A	0.3896540999412537
10000	Han04	Han25	B	A	0.4109898805618286
10001	Han04	Han27	B	A	0.4256435930728912
10002	Han04	Han29	B	A	0.4542240500450134
10003	Han04	Han31	B	A	0.4262660145759583
10004	Han04	Han33	B	A	0.4470753967761993
10005	Han04	Han35	B	A	0.422883152961731
10006	Han04	Han37	B	A	0.451424777507782
10007	Han04	Han39	B	A	0.4297187626361847
10008	Han04	Han41	B	A	0.3848942518234253
10009	Han04	Han43	B	A	0.3777929246425629
10010	Han04	Han45	B	A	0.3923264741897583
10011	Han04	Han47	B	A	0.2658803462982178
10012	Han04	Han51	B	A	0.4025926887989044
10013	Han06	Py1	B	A	0.4378457069396973
10014	Han06	Py3	B	A	0.4440582990646362
10015	Han06	Py5	B	A	0.491322249174118
10016	Han06	Py7	B	A	0.4639988541603088
10017	Han06	Py9	B	A	0.4647387564182281
10018	Han06	Py11	B	A	0.485949844121933
10019	Han06	Py13	B	A	0.4677712023258209
10020	Han06	Py15	B	A	0.4856739342212677
10021	Han06	Py17	B	A	0.4727986454963684
10022	Han06	Py19	B	A	0.5219196677207947
10023	Han06	Py25	B	A	0.5149942636489868
10024	Han06	Py27	B	A	0.4731463193893433
10025	Han06	Py29	B	A	0.4682194590568542
10026	Han06	Py31	B	A	0.4744595289230347
10027	Han06	Py33	B	A	0.4854370951652527
10028	Han06	Py35	B	A	0.4634554982185364
10029	Han06	Py37	B	A	0.4226053059101105
10030	Han06	Py39	B	A	0.4118093550205231
10031	Han06	Py41	B	A	0.4360622763633728
10032	Han06	Py43	B	A	0.4589840769767761
10033	Han06	Py45	B	A	0.4917104244232178
10034	Han06	Py47	B	A	0.4649198055267334
10035	Han06	Py51	B	A	0.4243010580539703
10036	Han06	Py55	B	A	0.4921666979789734
10037	Han06	Py57	B	A	0.4888628125190735
10038	Han06	Py59	B	A	0.4929814338684082
10039	Han06	Py61	B	A	0.5150163173675537
10040	Han06	Py63	B	A	0.4376493096351624
10041	Han06	Py65	B	A	0.4353504478931427
10042	Han06	Py67	B	A	0.4350056350231171
10043	Han06	Py69	B	A	0.4455594420433044
10044	Han06	Py71	B	A	0.4394752681255341
10045	Han06	Py73	B	A	0.2269420027732849
10046	Han06	Py75	B	A	0.2763088941574097
10047	Han06	Py78	B	A	0.2734662890434265
10048	Han06	Py80	B	A	0.1456213146448135
10049	Han06	Py82	B	A	0.3261255323886871
10050	Han06	Py84	B	A	0.2335140109062195
10051	Han06	Py86	B	A	0.2371495515108109
10052	Han06	Py88	B	A	0.2657378315925598
10053	Han06	HR05	B	A	0.4519558250904083
10054	Han06	HR07	B	A	0.3884718418121338
10055	Han06	HR09	B	A	0.43839430809021
10056	Han06	HR11	B	A	0.4651442170143127
10057	Han06	HR15	B	A	0.484917938709259
10058	Han06	HR19	B	A	0.4527870118618011
10059	Han06	HR21	B	A	0.4503781497478485
10060	Han06	HR25	B	A	0.5597633719444275
10061	Han06	HR31	B	A	0.5599743723869324
10062	Han06	HR33	B	A	0.4812744855880737
10063	Han06	HR37	B	A	0.5025985240936279
10064	Han06	HR47	B	A	0.5312360525131226
10065	Han06	HR50	B	A	0.4871317446231842
10066	Han06	HR52	B	A	0.5383152365684509
10067	Han06	HR56	B	A	0.4933130741119385
10068	Han06	HR60	B	A	0.4987711906433105
10069	Han06	HR62	B	A	0.4435250163078308
10070	Han06	HR64	B	A	0.5881364345550537
10071	Han06	HR66	B	A	0.4464924335479736
10072	Han06	HR68	B	A	0.4245944917201996
10073	Han06	H3	B	A	0.5155247449874878
10074	Han06	H5	B	A	0.48552405834198
10075	Han06	H7	B	A	0.4535781443119049
10076	Han06	H11	B	A	0.4592557847499847
10077	Han06	H13	B	A	0.5032109618186951
10078	Han06	H15	B	A	0.567435622215271
10079	Han06	Han01	B	A	0.03678254410624504
10080	Han06	Han03	B	A	0.06587371975183487
10081	Han06	Han05	B	A	0.4154507517814636
10082	Han06	Han07	B	A	0.04585615918040276
10083	Han06	Han09	B	A	0.03389888256788254
10084	Han06	Han11	B	A	0.03166535869240761
10085	Han06	Han13	B	A	0.0855693519115448
10086	Han06	Han15	B	A	0.3862093389034271
10087	Han06	Han17	B	A	0.06011059507727623
10088	Han06	Han19	B	A	0.03355971351265907
10089	Han06	Han21	B	A	0.03817908465862274
10090	Han06	Han23	B	A	0.0804249495267868
10091	Han06	Han25	B	A	0.1012757048010826
10092	Han06	Han27	B	A	0.1145169213414192
10093	Han06	Han29	B	A	0.104223258793354
10094	Han06	Han31	B	A	0.04409565776586533
10095	Han06	Han33	B	A	0.07680263370275497
10096	Han06	Han35	B	A	0.07665941119194031
10097	Han06	Han37	B	A	0.07187185436487198
10098	Han06	Han39	B	A	0.0935778021812439
10099	Han06	Han41	B	A	0.1075333133339882
10100	Han06	Han43	B	A	0.08820819109678268
10101	Han06	Han45	B	A	0.05233712121844292
10102	Han06	Han47	B	A	0.4597342610359192
10103	Han06	Han51	B	A	0.3438692390918732
10104	Han08	Py1	B	A	0.4275791347026825
10105	Han08	Py3	B	A	0.434333860874176
10106	Han08	Py5	B	A	0.4864490926265717
10107	Han08	Py7	B	A	0.4495822787284851
10108	Han08	Py9	B	A	0.4494272470474243
10109	Han08	Py11	B	A	0.4748288094997406
10110	Han08	Py13	B	A	0.4489363133907318
10111	Han08	Py15	B	A	0.4781602025032043
10112	Han08	Py17	B	A	0.4584913551807404
10113	Han08	Py19	B	A	0.5170864462852478
10114	Han08	Py25	B	A	0.5108768939971924
10115	Han08	Py27	B	A	0.4619739055633545
10116	Han08	Py29	B	A	0.454919308423996
10117	Han08	Py31	B	A	0.458882212638855
10118	Han08	Py33	B	A	0.4743354320526123
10119	Han08	Py35	B	A	0.4504696726799011
10120	Han08	Py37	B	A	0.3848916888237
10121	Han08	Py39	B	A	0.3640265464782715
10122	Han08	Py41	B	A	0.3958364129066467
10123	Han08	Py43	B	A	0.4389643371105194
10124	Han08	Py45	B	A	0.4915927648544312
10125	Han08	Py47	B	A	0.4590920507907867
10126	Han08	Py51	B	A	0.3964868187904358
10127	Han08	Py55	B	A	0.4865675568580627
10128	Han08	Py57	B	A	0.4823161661624908
10129	Han08	Py59	B	A	0.4753488302230835
10130	Han08	Py61	B	A	0.4744415283203125
10131	Han08	Py63	B	A	0.3981394469738007
10132	Han08	Py65	B	A	0.4044740498065948
10133	Han08	Py67	B	A	0.413888156414032
10134	Han08	Py69	B	A	0.4158406257629395
10135	Han08	Py71	B	A	0.3990835547447205
10136	Han08	Py73	B	A	0.5168785452842712
10137	Han08	Py75	B	A	0.5043907761573792
10138	Han08	Py78	B	A	0.4022835195064545
10139	Han08	Py80	B	A	0.4506046175956726
10140	Han08	Py82	B	A	0.4131157398223877
10141	Han08	Py84	B	A	0.3790287673473358
10142	Han08	Py86	B	A	0.3620137572288513
10143	Han08	Py88	B	A	0.3825167119503021
10144	Han08	HR05	B	A	0.4901901483535767
10145	Han08	HR07	B	A	0.5208898186683655
10146	Han08	HR09	B	A	0.4411048591136932
10147	Han08	HR11	B	A	0.4788073301315308
10148	Han08	HR15	B	A	0.5606232285499573
10149	Han08	HR19	B	A	0.4851310253143311
10150	Han08	HR21	B	A	0.5004541277885437
10151	Han08	HR25	B	A	0.5935699343681335
10152	Han08	HR31	B	A	0.586215615272522
10153	Han08	HR33	B	A	0.5131727457046509
10154	Han08	HR37	B	A	0.5313119292259216
10155	Han08	HR47	B	A	0.5532885193824768
10156	Han08	HR50	B	A	0.5099765658378601
10157	Han08	HR52	B	A	0.570238471031189
10158	Han08	HR56	B	A	0.5048611164093018
10159	Han08	HR60	B	A	0.4743759632110596
10160	Han08	HR62	B	A	0.4542845785617828
10161	Han08	HR64	B	A	0.6180115342140198
10162	Han08	HR66	B	A	0.5189898610115051
10163	Han08	HR68	B	A	0.4788523018360138
10164	Han08	H3	B	A	0.5445688962936401
10165	Han08	H5	B	A	0.4928425848484039
10166	Han08	H7	B	A	0.460569828748703
10167	Han08	H11	B	A	0.4738754630088806
10168	Han08	H13	B	A	0.5215802192687988
10169	Han08	H15	B	A	0.6051186919212341
10170	Han08	Han01	B	A	0.4391115605831146
10171	Han08	Han03	B	A	0.4025634229183197
10172	Han08	Han05	B	A	0.08735126256942749
10173	Han08	Han07	B	A	0.449396163225174
10174	Han08	Han09	B	A	0.4317114651203156
10175	Han08	Han11	B	A	0.424191951751709
10176	Han08	Han13	B	A	0.4119325876235962
10177	Han08	Han15	B	A	0.1457133144140244
10178	Han08	Han17	B	A	0.3870442509651184
10179	Han08	Han19	B	A	0.4118511080741882
10180	Han08	Han21	B	A	0.4221227169036865
10181	Han08	Han23	B	A	0.4078643321990967
10182	Han08	Han25	B	A	0.4287003576755524
10183	Han08	Han27	B	A	0.4424437582492828
10184	Han08	Han29	B	A	0.4763103723526001
10185	Han08	Han31	B	A	0.4447252452373505
10186	Han08	Han33	B	A	0.4695436656475067
10187	Han08	Han35	B	A	0.4396169185638428
10188	Han08	Han37	B	A	0.4691018462181091
10189	Han08	Han39	B	A	0.4480739533901215
10190	Han08	Han41	B	A	0.402297168970108
10191	Han08	Han43	B	A	0.3960320055484772
10192	Han08	Han45	B	A	0.4133057594299316
10193	Han08	Han47	B	A	0.152191162109375
10194	Han08	Han51	B	A	0.4786803126335144
10195	Han10	Py1	B	A	0.4302638173103333
10196	Han10	Py3	B	A	0.4359816312789917
10197	Han10	Py5	B	A	0.486859142780304
10198	Han10	Py7	B	A	0.4559869170188904
10199	Han10	Py9	B	A	0.4564999341964722
10200	Han10	Py11	B	A	0.4777282476425171
10201	Han10	Py13	B	A	0.4596565067768097
10202	Han10	Py15	B	A	0.4775251746177673
10203	Han10	Py17	B	A	0.4648885130882263
10204	Han10	Py19	B	A	0.5182477235794067
10205	Han10	Py25	B	A	0.5116819739341736
10206	Han10	Py27	B	A	0.4650255441665649
10207	Han10	Py29	B	A	0.4602299630641937
10208	Han10	Py31	B	A	0.4665063917636871
10209	Han10	Py33	B	A	0.4774802923202515
10210	Han10	Py35	B	A	0.4554213881492615
10211	Han10	Py37	B	A	0.4161452949047089
10212	Han10	Py39	B	A	0.4057938456535339
10213	Han10	Py41	B	A	0.4322279691696167
10214	Han10	Py43	B	A	0.456193745136261
10215	Han10	Py45	B	A	0.4891427159309387
10216	Han10	Py47	B	A	0.459890604019165
10217	Han10	Py51	B	A	0.4202910959720612
10218	Han10	Py55	B	A	0.4860183894634247
10219	Han10	Py57	B	A	0.4822112023830414
10220	Han10	Py59	B	A	0.4958215653896332
10221	Han10	Py61	B	A	0.5175139904022217
10222	Han10	Py63	B	A	0.4341349899768829
10223	Han10	Py65	B	A	0.4314591884613037
10224	Han10	Py67	B	A	0.4288665652275085
10225	Han10	Py69	B	A	0.4395496249198914
10226	Han10	Py71	B	A	0.4330192804336548
10227	Han10	Py73	B	A	0.3184905648231506
10228	Han10	Py75	B	A	0.2954218089580536
10229	Han10	Py78	B	A	0.2642458975315094
10230	Han10	Py80	B	A	0.2458840310573578
10231	Han10	Py82	B	A	0.3249592185020447
10232	Han10	Py84	B	A	0.2185966223478317
10233	Han10	Py86	B	A	0.2324083894491196
10234	Han10	Py88	B	A	0.2610155344009399
10235	Han10	HR05	B	A	0.4292319715023041
10236	Han10	HR07	B	A	0.3757475912570953
10237	Han10	HR09	B	A	0.4253372848033905
10238	Han10	HR11	B	A	0.4390981495380402
10239	Han10	HR15	B	A	0.4630070328712463
10240	Han10	HR19	B	A	0.4277074635028839
10241	Han10	HR21	B	A	0.4263441860675812
10242	Han10	HR25	B	A	0.548772931098938
10243	Han10	HR31	B	A	0.5536729097366333
10244	Han10	HR33	B	A	0.4637881815433502
10245	Han10	HR37	B	A	0.4904915392398834
10246	Han10	HR47	B	A	0.5234996676445007
10247	Han10	HR50	B	A	0.4644021391868591
10248	Han10	HR52	B	A	0.5269026160240173
10249	Han10	HR56	B	A	0.4725504517555237
10250	Han10	HR60	B	A	0.486587256193161
10251	Han10	HR62	B	A	0.4271972179412842
10252	Han10	HR64	B	A	0.5821331739425659
10253	Han10	HR66	B	A	0.4295529425144196
10254	Han10	HR68	B	A	0.4078461527824402
10255	Han10	H3	B	A	0.4943375289440155
10256	Han10	H5	B	A	0.4636022448539734
10257	Han10	H7	B	A	0.4338909685611725
10258	Han10	H11	B	A	0.436751514673233
10259	Han10	H13	B	A	0.4868472814559937
10260	Han10	H15	B	A	0.5481359958648682
10261	Han10	Han01	B	A	0.1641087532043457
10262	Han10	Han03	B	A	0.1220330595970154
10263	Han10	Han05	B	A	0.3177133202552795
10264	Han10	Han07	B	A	0.1671654284000397
10265	Han10	Han09	B	A	0.1558545529842377
10266	Han10	Han11	B	A	0.1476203054189682
10267	Han10	Han13	B	A	0.1348809152841568
10268	Han10	Han15	B	A	0.280612051486969
10269	Han10	Han17	B	A	0.1229951232671738
10270	Han10	Han19	B	A	0.132122278213501
10271	Han10	Han21	B	A	0.1449309885501862
10272	Han10	Han23	B	A	0.1228690147399902
10273	Han10	Han25	B	A	0.1524996310472488
10274	Han10	Han27	B	A	0.1608205884695053
10275	Han10	Han29	B	A	0.1892124563455582
10276	Han10	Han31	B	A	0.1626094728708267
10277	Han10	Han33	B	A	0.1888911575078964
10278	Han10	Han35	B	A	0.1534458696842194
10279	Han10	Han37	B	A	0.1853657364845276
10280	Han10	Han39	B	A	0.1666048765182495
10281	Han10	Han41	B	A	0.128862202167511
10282	Han10	Han43	B	A	0.1336852610111237
10283	Han10	Han45	B	A	0.1432053297758102
10284	Han10	Han47	B	A	0.3553661704063416
10285	Han10	Han51	B	A	0.3379078507423401
10286	Han12	Py1	B	A	0.4356264770030975
10287	Han12	Py3	B	A	0.4420627355575562
10288	Han12	Py5	B	A	0.4996507167816162
10289	Han12	Py7	B	A	0.4589355885982513
10290	Han12	Py9	B	A	0.4593175649642944
10291	Han12	Py11	B	A	0.4837314486503601
10292	Han12	Py13	B	A	0.4586929976940155
10293	Han12	Py15	B	A	0.4856829643249512
10294	Han12	Py17	B	A	0.4678874015808105
10295	Han12	Py19	B	A	0.520700216293335
10296	Han12	Py25	B	A	0.510380744934082
10297	Han12	Py27	B	A	0.467562198638916
10298	Han12	Py29	B	A	0.4634214639663696
10299	Han12	Py31	B	A	0.4666790664196014
10300	Han12	Py33	B	A	0.4799543619155884
10301	Han12	Py35	B	A	0.4587869644165039
10302	Han12	Py37	B	A	0.3936436474323273
10303	Han12	Py39	B	A	0.3846840560436249
10304	Han12	Py41	B	A	0.4061979353427887
10305	Han12	Py43	B	A	0.4473721385002136
10306	Han12	Py45	B	A	0.4999352991580963
10307	Han12	Py47	B	A	0.467489093542099
10308	Han12	Py51	B	A	0.4095211923122406
10309	Han12	Py55	B	A	0.4904877841472626
10310	Han12	Py57	B	A	0.4833630323410034
10311	Han12	Py59	B	A	0.473802238702774
10312	Han12	Py61	B	A	0.4046739339828491
10313	Han12	Py63	B	A	0.4041211307048798
10314	Han12	Py65	B	A	0.4119559824466705
10315	Han12	Py67	B	A	0.4206046462059021
10316	Han12	Py69	B	A	0.4174684286117554
10317	Han12	Py71	B	A	0.4033823013305664
10318	Han12	Py73	B	A	0.4656066298484802
10319	Han12	Py75	B	A	0.4424385726451874
10320	Han12	Py78	B	A	0.4522466063499451
10321	Han12	Py80	B	A	0.48692387342453
10322	Han12	Py82	B	A	0.4432461559772491
10323	Han12	Py84	B	A	0.4311270713806152
10324	Han12	Py86	B	A	0.4133685529232025
10325	Han12	Py88	B	A	0.387641042470932
10326	Han12	HR05	B	A	0.5175920724868774
10327	Han12	HR07	B	A	0.5397862195968628
10328	Han12	HR09	B	A	0.4681664407253265
10329	Han12	HR11	B	A	0.5247573256492615
10330	Han12	HR15	B	A	0.5979888439178467
10331	Han12	HR19	B	A	0.529074490070343
10332	Han12	HR21	B	A	0.5378006100654602
10333	Han12	HR25	B	A	0.6308954954147339
10334	Han12	HR31	B	A	0.6225618124008179
10335	Han12	HR33	B	A	0.5501001477241516
10336	Han12	HR37	B	A	0.5616639852523804
10337	Han12	HR47	B	A	0.5468887686729431
10338	Han12	HR50	B	A	0.5469697713851929
10339	Han12	HR52	B	A	0.609062671661377
10340	Han12	HR56	B	A	0.5371116995811462
10341	Han12	HR60	B	A	0.4663186073303223
10342	Han12	HR62	B	A	0.4849843978881836
10343	Han12	HR64	B	A	0.6587122082710266
10344	Han12	HR66	B	A	0.5632620453834534
10345	Han12	HR68	B	A	0.4969817101955414
10346	Han12	H3	B	A	0.5786541700363159
10347	Han12	H5	B	A	0.5302272439002991
10348	Han12	H7	B	A	0.5022494196891785
10349	Han12	H11	B	A	0.5178532004356384
10350	Han12	H13	B	A	0.5557090044021606
10351	Han12	H15	B	A	0.6402094960212708
10352	Han12	Han01	B	A	0.5080344676971436
10353	Han12	Han03	B	A	0.463456928730011
10354	Han12	Han05	B	A	0.1841742992401123
10355	Han12	Han07	B	A	0.5186565518379211
10356	Han12	Han09	B	A	0.5013272762298584
10357	Han12	Han11	B	A	0.4910956621170044
10358	Han12	Han13	B	A	0.4742679297924042
10359	Han12	Han15	B	A	0.181049719452858
10360	Han12	Han17	B	A	0.4525920748710632
10361	Han12	Han19	B	A	0.4798754751682281
10362	Han12	Han21	B	A	0.4772802591323853
10363	Han12	Han23	B	A	0.471166580915451
10364	Han12	Han25	B	A	0.4918886721134186
10365	Han12	Han27	B	A	0.5033934712409973
10366	Han12	Han29	B	A	0.5314055681228638
10367	Han12	Han31	B	A	0.5071523785591125
10368	Han12	Han33	B	A	0.5304185152053833
10369	Han12	Han35	B	A	0.5039361119270325
10370	Han12	Han37	B	A	0.5356932878494263
10371	Han12	Han39	B	A	0.5023480653762817
10372	Han12	Han41	B	A	0.4576814770698547
10373	Han12	Han43	B	A	0.452813595533371
10374	Han12	Han45	B	A	0.4782998263835907
10375	Han12	Han47	B	A	0.2358456552028656
10376	Han12	Han51	B	A	0.4969342350959778
10377	Han14	Py1	B	A	0.4083605706691742
10378	Han14	Py3	B	A	0.4146842956542969
10379	Han14	Py5	B	A	0.4665110409259796
10380	Han14	Py7	B	A	0.4346674084663391
10381	Han14	Py9	B	A	0.4354325532913208
10382	Han14	Py11	B	A	0.4566135108470917
10383	Han14	Py13	B	A	0.4381235241889954
10384	Han14	Py15	B	A	0.4565096795558929
10385	Han14	Py17	B	A	0.4435486793518066
10386	Han14	Py19	B	A	0.49677574634552
10387	Han14	Py25	B	A	0.4894669950008392
10388	Han14	Py27	B	A	0.4437414705753326
10389	Han14	Py29	B	A	0.4389832615852356
10390	Han14	Py31	B	A	0.4452593922615051
10391	Han14	Py33	B	A	0.4568593204021454
10392	Han14	Py35	B	A	0.4343808889389038
10393	Han14	Py37	B	A	0.3840805292129517
10394	Han14	Py39	B	A	0.3725513219833374
10395	Han14	Py41	B	A	0.3977965712547302
10396	Han14	Py43	B	A	0.4204629361629486
10397	Han14	Py45	B	A	0.4618437886238098
10398	Han14	Py47	B	A	0.4340376555919647
10399	Han14	Py51	B	A	0.3867244124412537
10400	Han14	Py55	B	A	0.4617904424667358
10401	Han14	Py57	B	A	0.4586554765701294
10402	Han14	Py59	B	A	0.4552648663520813
10403	Han14	Py61	B	A	0.4761278331279755
10404	Han14	Py63	B	A	0.3998589515686035
10405	Han14	Py65	B	A	0.3976023197174072
10406	Han14	Py67	B	A	0.3977149128913879
10407	Han14	Py69	B	A	0.4070112109184265
10408	Han14	Py71	B	A	0.40044766664505
10409	Han14	Py73	B	A	0.3221298158168793
10410	Han14	Py75	B	A	0.2916185259819031
10411	Han14	Py78	B	A	0.2503578066825867
10412	Han14	Py80	B	A	0.2442850321531296
10413	Han14	Py82	B	A	0.2908097505569458
10414	Han14	Py84	B	A	0.1914672702550888
10415	Han14	Py86	B	A	0.1912524104118347
10416	Han14	Py88	B	A	0.2241786420345306
10417	Han14	HR05	B	A	0.4330263733863831
10418	Han14	HR07	B	A	0.3819928169250488
10419	Han14	HR09	B	A	0.423410177230835
10420	Han14	HR11	B	A	0.4450924396514893
10421	Han14	HR15	B	A	0.4634497761726379
10422	Han14	HR19	B	A	0.4207124412059784
10423	Han14	HR21	B	A	0.419002890586853
10424	Han14	HR25	B	A	0.5354066491127014
10425	Han14	HR31	B	A	0.5362163782119751
10426	Han14	HR33	B	A	0.4479624032974243
10427	Han14	HR37	B	A	0.4780706167221069
10428	Han14	HR47	B	A	0.5155606865882874
10429	Han14	HR50	B	A	0.4511702656745911
10430	Han14	HR52	B	A	0.5086970925331116
10431	Han14	HR56	B	A	0.4544797539710999
10432	Han14	HR60	B	A	0.4736561179161072
10433	Han14	HR62	B	A	0.4104586243629456
10434	Han14	HR64	B	A	0.5684348940849304
10435	Han14	HR66	B	A	0.4214486479759216
10436	Han14	HR68	B	A	0.3993237614631653
10437	Han14	H3	B	A	0.4799926280975342
10438	Han14	H5	B	A	0.4563009738922119
10439	Han14	H7	B	A	0.4223441481590271
10440	Han14	H11	B	A	0.4344648420810699
10441	Han14	H13	B	A	0.4667545557022095
10442	Han14	H15	B	A	0.5322362780570984
10443	Han14	Han01	B	A	0.1492015272378922
10444	Han14	Han03	B	A	0.0895674005150795
10445	Han14	Han05	B	A	0.3686449527740479
10446	Han14	Han07	B	A	0.1437951028347015
10447	Han14	Han09	B	A	0.144822359085083
10448	Han14	Han11	B	A	0.1110302954912186
10449	Han14	Han13	B	A	0.07326553761959076
10450	Han14	Han15	B	A	0.3430094420909882
10451	Han14	Han17	B	A	0.09337955713272095
10452	Han14	Han19	B	A	0.1136576160788536
10453	Han14	Han21	B	A	0.1239880546927452
10454	Han14	Han23	B	A	0.07628341019153595
10455	Han14	Han25	B	A	0.09932489693164825
10456	Han14	Han27	B	A	0.1083918213844299
10457	Han14	Han29	B	A	0.1463168263435364
10458	Han14	Han31	B	A	0.1377153098583221
10459	Han14	Han33	B	A	0.1898557096719742
10460	Han14	Han35	B	A	0.1117653474211693
10461	Han14	Han37	B	A	0.1847683191299438
10462	Han14	Han39	B	A	0.1163233295083046
10463	Han14	Han41	B	A	0.07178977876901627
10464	Han14	Han43	B	A	0.07828062027692795
10465	Han14	Han45	B	A	0.1119834259152412
10466	Han14	Han47	B	A	0.4238675236701965
10467	Han14	Han51	B	A	0.3127973079681396
10468	Han16	Py1	B	A	0.4303835034370422
10469	Han16	Py3	B	A	0.4365624487400055
10470	Han16	Py5	B	A	0.4866539239883423
10471	Han16	Py7	B	A	0.4566139578819275
10472	Han16	Py9	B	A	0.4573552906513214
10473	Han16	Py11	B	A	0.478575587272644
10474	Han16	Py13	B	A	0.4601201415061951
10475	Han16	Py15	B	A	0.478311687707901
10476	Han16	Py17	B	A	0.4654313027858734
10477	Han16	Py19	B	A	0.5172392129898071
10478	Han16	Py25	B	A	0.5099524855613708
10479	Han16	Py27	B	A	0.4658843874931335
10480	Han16	Py29	B	A	0.4608709812164307
10481	Han16	Py31	B	A	0.4676328301429749
10482	Han16	Py33	B	A	0.4792128503322601
10483	Han16	Py35	B	A	0.4561233222484589
10484	Han16	Py37	B	A	0.4097395837306976
10485	Han16	Py39	B	A	0.3978597521781921
10486	Han16	Py41	B	A	0.4229786098003387
10487	Han16	Py43	B	A	0.4460855722427368
10488	Han16	Py45	B	A	0.4837201535701752
10489	Han16	Py47	B	A	0.4565961062908173
10490	Han16	Py51	B	A	0.4115941524505615
10491	Han16	Py55	B	A	0.4840455651283264
10492	Han16	Py57	B	A	0.4807189106941223
10493	Han16	Py59	B	A	0.4792576134204865
10494	Han16	Py61	B	A	0.500477135181427
10495	Han16	Py63	B	A	0.4250163733959198
10496	Han16	Py65	B	A	0.4228991568088531
10497	Han16	Py67	B	A	0.4236970841884613
10498	Han16	Py69	B	A	0.4331836998462677
10499	Han16	Py71	B	A	0.4267215132713318
10500	Han16	Py73	B	A	0.2252918034791946
10501	Han16	Py75	B	A	0.2615945935249329
10502	Han16	Py78	B	A	0.2762482762336731
10503	Han16	Py80	B	A	0.1473031640052795
10504	Han16	Py82	B	A	0.3132795095443726
10505	Han16	Py84	B	A	0.2345229685306549
10506	Han16	Py86	B	A	0.2333308756351471
10507	Han16	Py88	B	A	0.2597510516643524
10508	Han16	HR05	B	A	0.4444136619567871
10509	Han16	HR07	B	A	0.3813765943050385
10510	Han16	HR09	B	A	0.4328424334526062
10511	Han16	HR11	B	A	0.4635741710662842
10512	Han16	HR15	B	A	0.4760498404502869
10513	Han16	HR19	B	A	0.4486668705940247
10514	Han16	HR21	B	A	0.4471670389175415
10515	Han16	HR25	B	A	0.5592179298400879
10516	Han16	HR31	B	A	0.5604823231697083
10517	Han16	HR33	B	A	0.4774526655673981
10518	Han16	HR37	B	A	0.5010549426078796
10519	Han16	HR47	B	A	0.5243273973464966
10520	Han16	HR50	B	A	0.4816182255744934
10521	Han16	HR52	B	A	0.5344444513320923
10522	Han16	HR56	B	A	0.4899659752845764
10523	Han16	HR60	B	A	0.4884756207466125
10524	Han16	HR62	B	A	0.4313945770263672
10525	Han16	HR64	B	A	0.5879958868026733
10526	Han16	HR66	B	A	0.4443849921226501
10527	Han16	HR68	B	A	0.4143263399600983
10528	Han16	H3	B	A	0.5122109651565552
10529	Han16	H5	B	A	0.4828574955463409
10530	Han16	H7	B	A	0.4485926330089569
10531	Han16	H11	B	A	0.4551513195037842
10532	Han16	H13	B	A	0.497772604227066
10533	Han16	H15	B	A	0.5637889504432678
10534	Han16	Han01	B	A	0.05553828179836273
10535	Han16	Han03	B	A	0.05953104421496391
10536	Han16	Han05	B	A	0.4045864939689636
10537	Han16	Han07	B	A	0.06530076265335083
10538	Han16	Han09	B	A	0.04587157070636749
10539	Han16	Han11	B	A	0.03093596361577511
10540	Han16	Han13	B	A	0.06823751330375671
10541	Han16	Han15	B	A	0.3742337226867676
10542	Han16	Han17	B	A	0.04157152771949768
10543	Han16	Han19	B	A	0.02595870569348335
10544	Han16	Han21	B	A	0.03167391195893288
10545	Han16	Han23	B	A	0.06599615514278412
10546	Han16	Han25	B	A	0.08486239612102509
10547	Han16	Han27	B	A	0.1022829711437225
10548	Han16	Han29	B	A	0.09710822999477386
10549	Han16	Han31	B	A	0.05517279356718063
10550	Han16	Han33	B	A	0.08798081427812576
10551	Han16	Han35	B	A	0.06740634143352509
10552	Han16	Han37	B	A	0.0831892341375351
10553	Han16	Han39	B	A	0.08662192523479462
10554	Han16	Han41	B	A	0.09748081117868423
10555	Han16	Han43	B	A	0.07163991034030914
10556	Han16	Han45	B	A	0.04053705558180809
10557	Han16	Han47	B	A	0.4523085355758667
10558	Han16	Han51	B	A	0.3365931510925293
10559	Han18	Py1	B	A	0.4314161539077759
10560	Han18	Py3	B	A	0.4375559091567993
10561	Han18	Py5	B	A	0.4874238073825836
10562	Han18	Py7	B	A	0.4575523734092712
10563	Han18	Py9	B	A	0.4583287835121155
10564	Han18	Py11	B	A	0.4795605540275574
10565	Han18	Py13	B	A	0.4612199068069458
10566	Han18	Py15	B	A	0.4793506860733032
10567	Han18	Py17	B	A	0.466369092464447
10568	Han18	Py19	B	A	0.5179440379142761
10569	Han18	Py25	B	A	0.5107057094573975
10570	Han18	Py27	B	A	0.4666783809661865
10571	Han18	Py29	B	A	0.4618979394435883
10572	Han18	Py31	B	A	0.4682615697383881
10573	Han18	Py33	B	A	0.4798548221588135
10574	Han18	Py35	B	A	0.4571072161197662
10575	Han18	Py37	B	A	0.4128674566745758
10576	Han18	Py39	B	A	0.4042295813560486
10577	Han18	Py41	B	A	0.4271073341369629
10578	Han18	Py43	B	A	0.4507047235965729
10579	Han18	Py45	B	A	0.4851114451885223
10580	Han18	Py47	B	A	0.4579119980335236
10581	Han18	Py51	B	A	0.415720671415329
10582	Han18	Py55	B	A	0.4855808913707733
10583	Han18	Py57	B	A	0.4823203384876251
10584	Han18	Py59	B	A	0.4846974015235901
10585	Han18	Py61	B	A	0.506201446056366
10586	Han18	Py63	B	A	0.4294673800468445
10587	Han18	Py65	B	A	0.4266946613788605
10588	Han18	Py67	B	A	0.4265292882919312
10589	Han18	Py69	B	A	0.4367353320121765
10590	Han18	Py71	B	A	0.4300957024097443
10591	Han18	Py73	B	A	0.2156643867492676
10592	Han18	Py75	B	A	0.2654269337654114
10593	Han18	Py78	B	A	0.29106205701828
10594	Han18	Py80	B	A	0.1398633867502213
10595	Han18	Py82	B	A	0.3227953612804413
10596	Han18	Py84	B	A	0.241677388548851
10597	Han18	Py86	B	A	0.2513192892074585
10598	Han18	Py88	B	A	0.2784960865974426
10599	Han18	HR05	B	A	0.4411985874176025
10600	Han18	HR07	B	A	0.3802073299884796
10601	Han18	HR09	B	A	0.4308269619941711
10602	Han18	HR11	B	A	0.4720572531223297
10603	Han18	HR15	B	A	0.4812127947807312
10604	Han18	HR19	B	A	0.458050012588501
10605	Han18	HR21	B	A	0.4569719135761261
10606	Han18	HR25	B	A	0.5675178170204163
10607	Han18	HR31	B	A	0.5697762966156006
10608	Han18	HR33	B	A	0.4891672730445862
10609	Han18	HR37	B	A	0.5103060603141785
10610	Han18	HR47	B	A	0.5260390043258667
10611	Han18	HR50	B	A	0.4926257133483887
10612	Han18	HR52	B	A	0.5458171367645264
10613	Han18	HR56	B	A	0.4995789527893066
10614	Han18	HR60	B	A	0.4892672002315521
10615	Han18	HR62	B	A	0.4438359141349792
10616	Han18	HR64	B	A	0.5962376594543457
10617	Han18	HR66	B	A	0.4528485238552094
10618	Han18	HR68	B	A	0.4147321879863739
10619	Han18	H3	B	A	0.5219351649284363
10620	Han18	H5	B	A	0.491870641708374
10621	Han18	H7	B	A	0.4591467380523682
10622	Han18	H11	B	A	0.4648154079914093
10623	Han18	H13	B	A	0.5093553066253662
10624	Han18	H15	B	A	0.5733767151832581
10625	Han18	Han01	B	A	0.05546494945883751
10626	Han18	Han03	B	A	0.08178204298019409
10627	Han18	Han05	B	A	0.3998321294784546
10628	Han18	Han07	B	A	0.06517835706472397
10629	Han18	Han09	B	A	0.04585769027471542
10630	Han18	Han11	B	A	0.05474437028169632
10631	Han18	Han13	B	A	0.0958009585738182
10632	Han18	Han15	B	A	0.3660266995429993
10633	Han18	Han17	B	A	0.06671452522277832
10634	Han18	Han19	B	A	0.04431996122002602
10635	Han18	Han21	B	A	0.04651480168104172
10636	Han18	Han23	B	A	0.08994966745376587
10637	Han18	Han25	B	A	0.1158954501152039
10638	Han18	Han27	B	A	0.1326153725385666
10639	Han18	Han29	B	A	0.1224304363131523
10640	Han18	Han31	B	A	0.06047524139285088
10641	Han18	Han33	B	A	0.07956887781620026
10642	Han18	Han35	B	A	0.0933481901884079
10643	Han18	Han37	B	A	0.07940123230218887
10644	Han18	Han39	B	A	0.1164390295743942
10645	Han18	Han41	B	A	0.1208911165595055
10646	Han18	Han43	B	A	0.1038336455821991
10647	Han18	Han45	B	A	0.07189014554023743
10648	Han18	Han47	B	A	0.4412665665149689
10649	Han18	Han51	B	A	0.3390353918075562
10650	Han20	Py1	B	A	0.4220871925354004
10651	Han20	Py3	B	A	0.4281841516494751
10652	Han20	Py5	B	A	0.4792933166027069
10653	Han20	Py7	B	A	0.4481786489486694
10654	Han20	Py9	B	A	0.4489238858222961
10655	Han20	Py11	B	A	0.4701652824878693
10656	Han20	Py13	B	A	0.4518889188766479
10657	Han20	Py15	B	A	0.4698629975318909
10658	Han20	Py17	B	A	0.4570125937461853
10659	Han20	Py19	B	A	0.5099493265151978
10660	Han20	Py25	B	A	0.5026992559432983
10661	Han20	Py27	B	A	0.4571926891803741
10662	Han20	Py29	B	A	0.4525116384029388
10663	Han20	Py31	B	A	0.4588248133659363
10664	Han20	Py33	B	A	0.4697258472442627
10665	Han20	Py35	B	A	0.4477221369743347
10666	Han20	Py37	B	A	0.4067472517490387
10667	Han20	Py39	B	A	0.3960479497909546
10668	Han20	Py41	B	A	0.422219455242157
10669	Han20	Py43	B	A	0.4454461336135864
10670	Han20	Py45	B	A	0.4781458377838135
10671	Han20	Py47	B	A	0.4501551985740662
10672	Han20	Py51	B	A	0.4105022251605988
10673	Han20	Py55	B	A	0.4761391282081604
10674	Han20	Py57	B	A	0.4730920493602753
10675	Han20	Py59	B	A	0.4822087585926056
10676	Han20	Py61	B	A	0.5038770437240601
10677	Han20	Py63	B	A	0.4242778718471527
10678	Han20	Py65	B	A	0.4218025207519531
10679	Han20	Py67	B	A	0.4195964336395264
10680	Han20	Py69	B	A	0.4304062724113464
10681	Han20	Py71	B	A	0.4238525629043579
10682	Han20	Py73	B	A	0.2775468230247498
10683	Han20	Py75	B	A	0.2769488096237183
10684	Han20	Py78	B	A	0.2698478400707245
10685	Han20	Py80	B	A	0.1982767581939697
10686	Han20	Py82	B	A	0.3142962455749512
10687	Han20	Py84	B	A	0.2193960845470428
10688	Han20	Py86	B	A	0.2341441810131073
10689	Han20	Py88	B	A	0.261900007724762
10690	Han20	HR05	B	A	0.4346722960472107
10691	Han20	HR07	B	A	0.3707784116268158
10692	Han20	HR09	B	A	0.427559494972229
10693	Han20	HR11	B	A	0.4555690586566925
10694	Han20	HR15	B	A	0.4692130982875824
10695	Han20	HR19	B	A	0.4435738325119019
10696	Han20	HR21	B	A	0.4387882947921753
10697	Han20	HR25	B	A	0.5594094395637512
10698	Han20	HR31	B	A	0.5610129833221436
10699	Han20	HR33	B	A	0.4742268323898315
10700	Han20	HR37	B	A	0.5002691745758057
10701	Han20	HR47	B	A	0.5213109850883484
10702	Han20	HR50	B	A	0.4758435487747192
10703	Han20	HR52	B	A	0.5355303287506104
10704	Han20	HR56	B	A	0.4819354712963104
10705	Han20	HR60	B	A	0.4859932959079742
10706	Han20	HR62	B	A	0.4308009445667267
10707	Han20	HR64	B	A	0.5887641310691833
10708	Han20	HR66	B	A	0.4406375288963318
10709	Han20	HR68	B	A	0.407346099615097
10710	Han20	H3	B	A	0.504112720489502
10711	Han20	H5	B	A	0.4757859706878662
10712	Han20	H7	B	A	0.4448219835758209
10713	Han20	H11	B	A	0.450995147228241
10714	Han20	H13	B	A	0.4944638907909393
10715	Han20	H15	B	A	0.5575702786445618
10716	Han20	Han01	B	A	0.1068310663104057
10717	Han20	Han03	B	A	0.06557998806238174
10718	Han20	Han05	B	A	0.3567211329936981
10719	Han20	Han07	B	A	0.1113753020763397
10720	Han20	Han09	B	A	0.09781450033187866
10721	Han20	Han11	B	A	0.08494984358549118
10722	Han20	Han13	B	A	0.07447294145822525
10723	Han20	Han15	B	A	0.322496235370636
10724	Han20	Han17	B	A	0.05482882261276245
10725	Han20	Han19	B	A	0.07322349399328232
10726	Han20	Han21	B	A	0.07315389811992645
10727	Han20	Han23	B	A	0.06557717174291611
10728	Han20	Han25	B	A	0.09403011202812195
10729	Han20	Han27	B	A	0.1054877713322639
10730	Han20	Han29	B	A	0.1295131742954254
10731	Han20	Han31	B	A	0.09844081103801727
10732	Han20	Han33	B	A	0.1330324411392212
10733	Han20	Han35	B	A	0.08938846737146378
10734	Han20	Han37	B	A	0.1330983638763428
10735	Han20	Han39	B	A	0.1074284911155701
10736	Han20	Han41	B	A	0.08972238749265671
10737	Han20	Han43	B	A	0.07998377829790115
10738	Han20	Han45	B	A	0.0779447928071022
10739	Han20	Han47	B	A	0.3978590965270996
10740	Han20	Han51	B	A	0.3332256972789764
10741	Han22	Py1	B	A	0.3826805651187897
10742	Han22	Py3	B	A	0.3886010944843292
10743	Han22	Py5	B	A	0.4356717765331268
10744	Han22	Py7	B	A	0.4080282747745514
10745	Han22	Py9	B	A	0.4086526334285736
10746	Han22	Py11	B	A	0.4284714162349701
10747	Han22	Py13	B	A	0.4075393676757812
10748	Han22	Py15	B	A	0.4295293986797333
10749	Han22	Py17	B	A	0.4159678220748901
10750	Han22	Py19	B	A	0.4613389670848846
10751	Han22	Py25	B	A	0.444196879863739
10752	Han22	Py27	B	A	0.4101186990737915
10753	Han22	Py29	B	A	0.4114082455635071
10754	Han22	Py31	B	A	0.4131889939308167
10755	Han22	Py33	B	A	0.421794980764389
10756	Han22	Py35	B	A	0.4063971340656281
10757	Han22	Py37	B	A	0.3639750480651855
10758	Han22	Py39	B	A	0.3627504408359528
10759	Han22	Py41	B	A	0.379050076007843
10760	Han22	Py43	B	A	0.405083954334259
10761	Han22	Py45	B	A	0.4426888823509216
10762	Han22	Py47	B	A	0.4116134643554688
10763	Han22	Py51	B	A	0.3731752634048462
10764	Han22	Py55	B	A	0.4304622113704681
10765	Han22	Py57	B	A	0.4214316308498383
10766	Han22	Py59	B	A	0.4278915822505951
10767	Han22	Py61	B	A	0.4510180950164795
10768	Han22	Py63	B	A	0.3747223317623138
10769	Han22	Py65	B	A	0.3730669319629669
10770	Han22	Py67	B	A	0.3713220953941345
10771	Han22	Py69	B	A	0.3738540709018707
10772	Han22	Py71	B	A	0.3732084929943085
10773	Han22	Py73	B	A	0.4082835912704468
10774	Han22	Py75	B	A	0.3807413578033447
10775	Han22	Py78	B	A	0.2325214594602585
10776	Han22	Py80	B	A	0.3289762139320374
10777	Han22	Py82	B	A	0.281151682138443
10778	Han22	Py84	B	A	0.1966499090194702
10779	Han22	Py86	B	A	0.2300429046154022
10780	Han22	Py88	B	A	0.2551030516624451
10781	Han22	HR05	B	A	0.4265750646591187
10782	Han22	HR07	B	A	0.4229053258895874
10783	Han22	HR09	B	A	0.4138493239879608
10784	Han22	HR11	B	A	0.4421712756156921
10785	Han22	HR15	B	A	0.4778676331043243
10786	Han22	HR19	B	A	0.4343967139720917
10787	Han22	HR21	B	A	0.4251492321491241
10788	Han22	HR25	B	A	0.5577743649482727
10789	Han22	HR31	B	A	0.5564041137695312
10790	Han22	HR33	B	A	0.4693486988544464
10791	Han22	HR37	B	A	0.4945844411849976
10792	Han22	HR47	B	A	0.5183343887329102
10793	Han22	HR50	B	A	0.4690646231174469
10794	Han22	HR52	B	A	0.5363866090774536
10795	Han22	HR56	B	A	0.4631637334823608
10796	Han22	HR60	B	A	0.4730959832668304
10797	Han22	HR62	B	A	0.4163192212581635
10798	Han22	HR64	B	A	0.5892221927642822
10799	Han22	HR66	B	A	0.4412094056606293
10800	Han22	HR68	B	A	0.3995531797409058
10801	Han22	H3	B	A	0.4967572689056396
10802	Han22	H5	B	A	0.4660288393497467
10803	Han22	H7	B	A	0.4364336729049683
10804	Han22	H11	B	A	0.4451563060283661
10805	Han22	H13	B	A	0.4934802055358887
10806	Han22	H15	B	A	0.5493053793907166
10807	Han22	Han01	B	A	0.2674454748630524
10808	Han22	Han03	B	A	0.2249628007411957
10809	Han22	Han05	B	A	0.2625518143177032
10810	Han22	Han07	B	A	0.2756885290145874
10811	Han22	Han09	B	A	0.257743239402771
10812	Han22	Han11	B	A	0.2504982650279999
10813	Han22	Han13	B	A	0.2339665740728378
10814	Han22	Han15	B	A	0.2290027886629105
10815	Han22	Han17	B	A	0.2202001959085464
10816	Han22	Han19	B	A	0.2371131330728531
10817	Han22	Han21	B	A	0.2350472807884216
10818	Han22	Han23	B	A	0.2263559550046921
10819	Han22	Han25	B	A	0.2581900656223297
10820	Han22	Han27	B	A	0.2639141976833344
10821	Han22	Han29	B	A	0.2911516427993774
10822	Han22	Han31	B	A	0.265572726726532
10823	Han22	Han33	B	A	0.2906270623207092
10824	Han22	Han35	B	A	0.2601894736289978
10825	Han22	Han37	B	A	0.2934346497058868
10826	Han22	Han39	B	A	0.2614330649375916
10827	Han22	Han41	B	A	0.2202383875846863
10828	Han22	Han43	B	A	0.2253140509128571
10829	Han22	Han45	B	A	0.2414254546165466
10830	Han22	Han47	B	A	0.3044319152832031
10831	Han22	Han51	B	A	0.3086513578891754
10832	Han26	Py1	B	A	0.421102374792099
10833	Han26	Py3	B	A	0.4209817349910736
10834	Han26	Py5	B	A	0.4561684131622314
10835	Han26	Py7	B	A	0.4254569113254547
10836	Han26	Py9	B	A	0.4267677962779999
10837	Han26	Py11	B	A	0.4477952420711517
10838	Han26	Py13	B	A	0.4299868047237396
10839	Han26	Py15	B	A	0.4496585428714752
10840	Han26	Py17	B	A	0.4292461276054382
10841	Han26	Py19	B	A	0.4850544035434723
10842	Han26	Py25	B	A	0.4828856587409973
10843	Han26	Py27	B	A	0.4285780787467957
10844	Han26	Py29	B	A	0.4253213405609131
10845	Han26	Py31	B	A	0.4273312389850616
10846	Han26	Py33	B	A	0.4415023922920227
10847	Han26	Py35	B	A	0.4204588532447815
10848	Han26	Py37	B	A	0.4099731743335724
10849	Han26	Py39	B	A	0.3950552344322205
10850	Han26	Py41	B	A	0.4308830499649048
10851	Han26	Py43	B	A	0.4519729316234589
10852	Han26	Py45	B	A	0.4774932861328125
10853	Han26	Py47	B	A	0.4548179507255554
10854	Han26	Py51	B	A	0.4137358665466309
10855	Han26	Py55	B	A	0.4613640308380127
10856	Han26	Py57	B	A	0.4642992615699768
10857	Han26	Py59	B	A	0.4922209680080414
10858	Han26	Py61	B	A	0.5147673487663269
10859	Han26	Py63	B	A	0.4252735376358032
10860	Han26	Py65	B	A	0.4198083281517029
10861	Han26	Py67	B	A	0.4200473427772522
10862	Han26	Py69	B	A	0.4302327930927277
10863	Han26	Py71	B	A	0.4238184094429016
10864	Han26	Py73	B	A	0.5299566388130188
10865	Han26	Py75	B	A	0.5049113631248474
10866	Han26	Py78	B	A	0.3630294501781464
10867	Han26	Py80	B	A	0.4545723497867584
10868	Han26	Py82	B	A	0.3991451561450958
10869	Han26	Py84	B	A	0.3461547195911407
10870	Han26	Py86	B	A	0.3627168834209442
10871	Han26	Py88	B	A	0.3898949325084686
10872	Han26	HR05	B	A	0.4410876333713531
10873	Han26	HR07	B	A	0.4624780714511871
10874	Han26	HR09	B	A	0.4134687185287476
10875	Han26	HR11	B	A	0.4235478341579437
10876	Han26	HR15	B	A	0.4972245395183563
10877	Han26	HR19	B	A	0.4254776537418365
10878	Han26	HR21	B	A	0.4271766543388367
10879	Han26	HR25	B	A	0.5371601581573486
10880	Han26	HR31	B	A	0.5481262803077698
10881	Han26	HR33	B	A	0.4595549702644348
10882	Han26	HR37	B	A	0.4811914563179016
10883	Han26	HR47	B	A	0.5082981586456299
10884	Han26	HR50	B	A	0.4553750455379486
10885	Han26	HR52	B	A	0.5304152965545654
10886	Han26	HR56	B	A	0.4471254348754883
10887	Han26	HR60	B	A	0.4937364459037781
10888	Han26	HR62	B	A	0.4144138693809509
10889	Han26	HR64	B	A	0.5750329494476318
10890	Han26	HR66	B	A	0.4594103395938873
10891	Han26	HR68	B	A	0.4352056980133057
10892	Han26	H3	B	A	0.4735591411590576
10893	Han26	H5	B	A	0.4533361792564392
10894	Han26	H7	B	A	0.4131474494934082
10895	Han26	H11	B	A	0.4463397264480591
10896	Han26	H13	B	A	0.4848316311836243
10897	Han26	H15	B	A	0.5429185628890991
10898	Han26	Han01	B	A	0.4184693992137909
10899	Han26	Han03	B	A	0.3728483617305756
10900	Han26	Han05	B	A	0.1712500005960464
10901	Han26	Han07	B	A	0.421377420425415
10902	Han26	Han09	B	A	0.4127921164035797
10903	Han26	Han11	B	A	0.4024134576320648
10904	Han26	Han13	B	A	0.3797326385974884
10905	Han26	Han15	B	A	0.1384840458631516
10906	Han26	Han17	B	A	0.3717910945415497
10907	Han26	Han19	B	A	0.3905527889728546
10908	Han26	Han21	B	A	0.3844767212867737
10909	Han26	Han23	B	A	0.3706867694854736
10910	Han26	Han25	B	A	0.3933878839015961
10911	Han26	Han27	B	A	0.3936277627944946
10912	Han26	Han29	B	A	0.4145775139331818
10913	Han26	Han31	B	A	0.4025987684726715
10914	Han26	Han33	B	A	0.4319774806499481
10915	Han26	Han35	B	A	0.3932155072689056
10916	Han26	Han37	B	A	0.4360360205173492
10917	Han26	Han39	B	A	0.4069468677043915
10918	Han26	Han41	B	A	0.3710002303123474
10919	Han26	Han43	B	A	0.3770049214363098
10920	Han26	Han45	B	A	0.3899224400520325
10921	Han26	Han47	B	A	0.2116582691669464
10922	Han26	Han51	B	A	0.4523939192295074
10923	Han28	Py1	B	A	0.4049970507621765
10924	Han28	Py3	B	A	0.4098683893680573
10925	Han28	Py5	B	A	0.4617183208465576
10926	Han28	Py7	B	A	0.4266937971115112
10927	Han28	Py9	B	A	0.4266457855701447
10928	Han28	Py11	B	A	0.4521927833557129
10929	Han28	Py13	B	A	0.4278536140918732
10930	Han28	Py15	B	A	0.4544663727283478
10931	Han28	Py17	B	A	0.4354860186576843
10932	Han28	Py19	B	A	0.4949901401996613
10933	Han28	Py25	B	A	0.4886542558670044
10934	Han28	Py27	B	A	0.4382263123989105
10935	Han28	Py29	B	A	0.4315884709358215
10936	Han28	Py31	B	A	0.4363648891448975
10937	Han28	Py33	B	A	0.4516908526420593
10938	Han28	Py35	B	A	0.4261869192123413
10939	Han28	Py37	B	A	0.3927660882472992
10940	Han28	Py39	B	A	0.3819149136543274
10941	Han28	Py41	B	A	0.4099588990211487
10942	Han28	Py43	B	A	0.4362426400184631
10943	Han28	Py45	B	A	0.4680996537208557
10944	Han28	Py47	B	A	0.4413723349571228
10945	Han28	Py51	B	A	0.3963086605072021
10946	Han28	Py55	B	A	0.4632861316204071
10947	Han28	Py57	B	A	0.4601879417896271
10948	Han28	Py59	B	A	0.4793194532394409
10949	Han28	Py61	B	A	0.5013085007667542
10950	Han28	Py63	B	A	0.4091212451457977
10951	Han28	Py65	B	A	0.4061397910118103
10952	Han28	Py67	B	A	0.4050566256046295
10953	Han28	Py69	B	A	0.416036456823349
10954	Han28	Py71	B	A	0.4081034660339355
10955	Han28	Py73	B	A	0.4236325919628143
10956	Han28	Py75	B	A	0.4003835618495941
10957	Han28	Py78	B	A	0.2796750068664551
10958	Han28	Py80	B	A	0.3602186143398285
10959	Han28	Py82	B	A	0.3165485560894012
10960	Han28	Py84	B	A	0.2542885541915894
10961	Han28	Py86	B	A	0.2861139476299286
10962	Han28	Py88	B	A	0.3112071454524994
10963	Han28	HR05	B	A	0.419080525636673
10964	Han28	HR07	B	A	0.4290732443332672
10965	Han28	HR09	B	A	0.40852952003479
10966	Han28	HR11	B	A	0.4418921768665314
10967	Han28	HR15	B	A	0.4820371270179749
10968	Han28	HR19	B	A	0.4329298436641693
10969	Han28	HR21	B	A	0.4288541674613953
10970	Han28	HR25	B	A	0.5628793835639954
10971	Han28	HR31	B	A	0.5644253492355347
10972	Han28	HR33	B	A	0.4755860567092896
10973	Han28	HR37	B	A	0.5028967261314392
10974	Han28	HR47	B	A	0.5140697360038757
10975	Han28	HR50	B	A	0.4733921885490417
10976	Han28	HR52	B	A	0.5427181720733643
10977	Han28	HR56	B	A	0.4743552207946777
10978	Han28	HR60	B	A	0.4825146496295929
10979	Han28	HR62	B	A	0.4293789267539978
10980	Han28	HR64	B	A	0.592412531375885
10981	Han28	HR66	B	A	0.4448672533035278
10982	Han28	HR68	B	A	0.3997821509838104
10983	Han28	H3	B	A	0.501004159450531
10984	Han28	H5	B	A	0.466996818780899
10985	Han28	H7	B	A	0.4291572272777557
10986	Han28	H11	B	A	0.4509417116641998
10987	Han28	H13	B	A	0.4979362487792969
10988	Han28	H15	B	A	0.5587448477745056
10989	Han28	Han01	B	A	0.3067201972007751
10990	Han28	Han03	B	A	0.2605909705162048
10991	Han28	Han05	B	A	0.1784164905548096
10992	Han28	Han07	B	A	0.3108246624469757
10993	Han28	Han09	B	A	0.2968347072601318
10994	Han28	Han11	B	A	0.2918142378330231
10995	Han28	Han13	B	A	0.2778062224388123
10996	Han28	Han15	B	A	0.1420920491218567
10997	Han28	Han17	B	A	0.2645344436168671
10998	Han28	Han19	B	A	0.274871289730072
10999	Han28	Han21	B	A	0.2819326817989349
11000	Han28	Han23	B	A	0.2643817067146301
11001	Han28	Han25	B	A	0.2973691821098328
11002	Han28	Han27	B	A	0.3028271496295929
11003	Han28	Han29	B	A	0.3280683159828186
11004	Han28	Han31	B	A	0.2960216701030731
11005	Han28	Han33	B	A	0.3162105977535248
11006	Han28	Han35	B	A	0.292847752571106
11007	Han28	Han37	B	A	0.3182847797870636
11008	Han28	Han39	B	A	0.301699161529541
11009	Han28	Han41	B	A	0.2657222747802734
11010	Han28	Han43	B	A	0.2726266980171204
11011	Han28	Han45	B	A	0.2849903702735901
11012	Han28	Han47	B	A	0.2097960263490677
11013	Han28	Han51	B	A	0.3983464241027832
11014	Han30	Py1	B	A	0.4206890463829041
11015	Han30	Py3	B	A	0.4271818995475769
11016	Han30	Py5	B	A	0.4801368415355682
11017	Han30	Py7	B	A	0.4450805485248566
11018	Han30	Py9	B	A	0.4452982544898987
11019	Han30	Py11	B	A	0.4708094596862793
11020	Han30	Py13	B	A	0.4461098909378052
11021	Han30	Py15	B	A	0.4727261662483215
11022	Han30	Py17	B	A	0.4539895355701447
11023	Han30	Py19	B	A	0.5134507417678833
11024	Han30	Py25	B	A	0.5067772269248962
11025	Han30	Py27	B	A	0.4562051296234131
11026	Han30	Py29	B	A	0.4496317505836487
11027	Han30	Py31	B	A	0.454802930355072
11028	Han30	Py33	B	A	0.4700835049152374
11029	Han30	Py35	B	A	0.4442185461521149
11030	Han30	Py37	B	A	0.3969385027885437
11031	Han30	Py39	B	A	0.381911039352417
11032	Han30	Py41	B	A	0.4183617532253265
11033	Han30	Py43	B	A	0.4457129836082458
11034	Han30	Py45	B	A	0.4859130084514618
11035	Han30	Py47	B	A	0.452646017074585
11036	Han30	Py51	B	A	0.40447136759758
11037	Han30	Py55	B	A	0.4811809360980988
11038	Han30	Py57	B	A	0.4774841070175171
11039	Han30	Py59	B	A	0.4886545538902283
11040	Han30	Py61	B	A	0.5102751851081848
11041	Han30	Py63	B	A	0.4178226590156555
11042	Han30	Py65	B	A	0.414880096912384
11043	Han30	Py67	B	A	0.4139414131641388
11044	Han30	Py69	B	A	0.4243987202644348
11045	Han30	Py71	B	A	0.41655033826828
11046	Han30	Py73	B	A	0.4426005482673645
11047	Han30	Py75	B	A	0.4214825332164764
11048	Han30	Py78	B	A	0.2890758812427521
11049	Han30	Py80	B	A	0.3663906455039978
11050	Han30	Py82	B	A	0.3229007720947266
11051	Han30	Py84	B	A	0.265720546245575
11052	Han30	Py86	B	A	0.2886829376220703
11053	Han30	Py88	B	A	0.3159753084182739
11054	Han30	HR05	B	A	0.4247889220714569
11055	Han30	HR07	B	A	0.4414505362510681
11056	Han30	HR09	B	A	0.4201661348342896
11057	Han30	HR11	B	A	0.4473707377910614
11058	Han30	HR15	B	A	0.4829936027526855
11059	Han30	HR19	B	A	0.4355347752571106
11060	Han30	HR21	B	A	0.4338385760784149
11061	Han30	HR25	B	A	0.569721519947052
11062	Han30	HR31	B	A	0.5776875615119934
11063	Han30	HR33	B	A	0.4771112203598022
11064	Han30	HR37	B	A	0.5145018696784973
11065	Han30	HR47	B	A	0.5302464962005615
11066	Han30	HR50	B	A	0.4765538275241852
11067	Han30	HR52	B	A	0.5446348190307617
11068	Han30	HR56	B	A	0.4802948534488678
11069	Han30	HR60	B	A	0.4867058396339417
11070	Han30	HR62	B	A	0.4295659959316254
11071	Han30	HR64	B	A	0.6027063727378845
11072	Han30	HR66	B	A	0.4511016607284546
11073	Han30	HR68	B	A	0.406983345746994
11074	Han30	H3	B	A	0.5064273476600647
11075	Han30	H5	B	A	0.4702887237071991
11076	Han30	H7	B	A	0.4322217404842377
11077	Han30	H11	B	A	0.4473988711833954
11078	Han30	H13	B	A	0.5003412961959839
11079	Han30	H15	B	A	0.5664734244346619
11080	Han30	Han01	B	A	0.3150407373905182
11081	Han30	Han03	B	A	0.2735424935817719
11082	Han30	Han05	B	A	0.1801267862319946
11083	Han30	Han07	B	A	0.3197775781154633
11084	Han30	Han09	B	A	0.3074971139431
11085	Han30	Han11	B	A	0.3021458685398102
11086	Han30	Han13	B	A	0.2861366868019104
11087	Han30	Han15	B	A	0.1238438114523888
11088	Han30	Han17	B	A	0.2708180546760559
11089	Han30	Han19	B	A	0.2834265530109406
11090	Han30	Han21	B	A	0.2880754172801971
11091	Han30	Han23	B	A	0.272693008184433
11092	Han30	Han25	B	A	0.2977525293827057
11093	Han30	Han27	B	A	0.2994312047958374
11094	Han30	Han29	B	A	0.3274049162864685
11095	Han30	Han31	B	A	0.3117769956588745
11096	Han30	Han33	B	A	0.3319187760353088
11097	Han30	Han35	B	A	0.3003044128417969
11098	Han30	Han37	B	A	0.3357464671134949
11099	Han30	Han39	B	A	0.3154682219028473
11100	Han30	Han41	B	A	0.2756388187408447
11101	Han30	Han43	B	A	0.2820257246494293
11102	Han30	Han45	B	A	0.2903625667095184
11103	Han30	Han47	B	A	0.1972519755363464
11104	Han30	Han51	B	A	0.4105158448219299
11105	Han32	Py1	B	A	0.4013946652412415
11106	Han32	Py3	B	A	0.4005761742591858
11107	Han32	Py5	B	A	0.4339425563812256
11108	Han32	Py7	B	A	0.4079221487045288
11109	Han32	Py9	B	A	0.4091979563236237
11110	Han32	Py11	B	A	0.427634060382843
11111	Han32	Py13	B	A	0.4099741280078888
11112	Han32	Py15	B	A	0.4284287691116333
11113	Han32	Py17	B	A	0.4142633974552155
11114	Han32	Py19	B	A	0.4587551057338715
11115	Han32	Py25	B	A	0.443988174200058
11116	Han32	Py27	B	A	0.4071628749370575
11117	Han32	Py29	B	A	0.4092424809932709
11118	Han32	Py31	B	A	0.4121321737766266
11119	Han32	Py33	B	A	0.4203081429004669
11120	Han32	Py35	B	A	0.4040426909923553
11121	Han32	Py37	B	A	0.3861599564552307
11122	Han32	Py39	B	A	0.3872727155685425
11123	Han32	Py41	B	A	0.4051359891891479
11124	Han32	Py43	B	A	0.4257309138774872
11125	Han32	Py45	B	A	0.4490736126899719
11126	Han32	Py47	B	A	0.4270049333572388
11127	Han32	Py51	B	A	0.3972374498844147
11128	Han32	Py55	B	A	0.4309660196304321
11129	Han32	Py57	B	A	0.4263652563095093
11130	Han32	Py59	B	A	0.4496921300888062
11131	Han32	Py61	B	A	0.4729695320129395
11132	Han32	Py63	B	A	0.3998713195323944
11133	Han32	Py65	B	A	0.3976769745349884
11134	Han32	Py67	B	A	0.3935745358467102
11135	Han32	Py69	B	A	0.3963586091995239
11136	Han32	Py71	B	A	0.3966821730136871
11137	Han32	Py73	B	A	0.3973725736141205
11138	Han32	Py75	B	A	0.3695954084396362
11139	Han32	Py78	B	A	0.2446120381355286
11140	Han32	Py80	B	A	0.3146911859512329
11141	Han32	Py82	B	A	0.3013995885848999
11142	Han32	Py84	B	A	0.2030558288097382
11143	Han32	Py86	B	A	0.2319805175065994
11144	Han32	Py88	B	A	0.2666532397270203
11145	Han32	HR05	B	A	0.4355497658252716
11146	Han32	HR07	B	A	0.4068312346935272
11147	Han32	HR09	B	A	0.4216721653938293
11148	Han32	HR11	B	A	0.4453031420707703
11149	Han32	HR15	B	A	0.4825247228145599
11150	Han32	HR19	B	A	0.4377617835998535
11151	Han32	HR21	B	A	0.4276529252529144
11152	Han32	HR25	B	A	0.557201623916626
11153	Han32	HR31	B	A	0.5575891733169556
11154	Han32	HR33	B	A	0.4743457138538361
11155	Han32	HR37	B	A	0.4957413673400879
11156	Han32	HR47	B	A	0.5228045582771301
11157	Han32	HR50	B	A	0.4772195816040039
11158	Han32	HR52	B	A	0.5419330596923828
11159	Han32	HR56	B	A	0.4638915657997131
11160	Han32	HR60	B	A	0.4896526634693146
11161	Han32	HR62	B	A	0.4268265962600708
11162	Han32	HR64	B	A	0.5879424214363098
11163	Han32	HR66	B	A	0.4404279291629791
11164	Han32	HR68	B	A	0.4112827479839325
11165	Han32	H3	B	A	0.4965827465057373
11166	Han32	H5	B	A	0.4741005897521973
11167	Han32	H7	B	A	0.4419167935848236
11168	Han32	H11	B	A	0.462137371301651
11169	Han32	H13	B	A	0.4982632696628571
11170	Han32	H15	B	A	0.550849974155426
11171	Han32	Han01	B	A	0.2529527544975281
11172	Han32	Han03	B	A	0.2062970250844955
11173	Han32	Han05	B	A	0.3058096766471863
11174	Han32	Han07	B	A	0.255464643239975
11175	Han32	Han09	B	A	0.2459780424833298
11176	Han32	Han11	B	A	0.2367389500141144
11177	Han32	Han13	B	A	0.2191615998744965
11178	Han32	Han15	B	A	0.2659079432487488
11179	Han32	Han17	B	A	0.2069865316152573
11180	Han32	Han19	B	A	0.2209775447845459
11181	Han32	Han21	B	A	0.2172621935606003
11182	Han32	Han23	B	A	0.2076347023248672
11183	Han32	Han25	B	A	0.2384908199310303
11184	Han32	Han27	B	A	0.2401477992534637
11185	Han32	Han29	B	A	0.253762811422348
11186	Han32	Han31	B	A	0.2332034409046173
11187	Han32	Han33	B	A	0.2673852443695068
11188	Han32	Han35	B	A	0.2327493876218796
11189	Han32	Han37	B	A	0.2675927877426147
11190	Han32	Han39	B	A	0.2400631457567215
11191	Han32	Han41	B	A	0.2023450434207916
11192	Han32	Han43	B	A	0.2101082801818848
11193	Han32	Han45	B	A	0.2229793518781662
11194	Han32	Han47	B	A	0.3402347266674042
11195	Han32	Han51	B	A	0.31341752409935
11196	Han34	Py1	B	A	0.4173971712589264
11197	Han34	Py3	B	A	0.4240281879901886
11198	Han34	Py5	B	A	0.4771759212017059
11199	Han34	Py7	B	A	0.4417746067047119
11200	Han34	Py9	B	A	0.442008376121521
11201	Han34	Py11	B	A	0.467478334903717
11202	Han34	Py13	B	A	0.4419777691364288
11203	Han34	Py15	B	A	0.4693822264671326
11204	Han34	Py17	B	A	0.4512047171592712
11205	Han34	Py19	B	A	0.5095904469490051
11206	Han34	Py25	B	A	0.5029416084289551
11207	Han34	Py27	B	A	0.4530133008956909
11208	Han34	Py29	B	A	0.4465240240097046
11209	Han34	Py31	B	A	0.451177716255188
11210	Han34	Py33	B	A	0.4667358100414276
11211	Han34	Py35	B	A	0.4412352740764618
11212	Han34	Py37	B	A	0.399445652961731
11213	Han34	Py39	B	A	0.38543701171875
11214	Han34	Py41	B	A	0.4197079539299011
11215	Han34	Py43	B	A	0.4469222724437714
11216	Han34	Py45	B	A	0.4837848246097565
11217	Han34	Py47	B	A	0.4537366926670074
11218	Han34	Py51	B	A	0.403974860906601
11219	Han34	Py55	B	A	0.4783065915107727
11220	Han34	Py57	B	A	0.4743262827396393
11221	Han34	Py59	B	A	0.488558441400528
11222	Han34	Py61	B	A	0.510138750076294
11223	Han34	Py63	B	A	0.4188834130764008
11224	Han34	Py65	B	A	0.4148473739624023
11225	Han34	Py67	B	A	0.4146727025508881
11226	Han34	Py69	B	A	0.4255392849445343
11227	Han34	Py71	B	A	0.4176161885261536
11228	Han34	Py73	B	A	0.5029670596122742
11229	Han34	Py75	B	A	0.4849546253681183
11230	Han34	Py78	B	A	0.3707862198352814
11231	Han34	Py80	B	A	0.4419324100017548
11232	Han34	Py82	B	A	0.4022334516048431
11233	Han34	Py84	B	A	0.3479296565055847
11234	Han34	Py86	B	A	0.3767802715301514
11235	Han34	Py88	B	A	0.4005236029624939
11236	Han34	HR05	B	A	0.4533580541610718
11237	Han34	HR07	B	A	0.4839309453964233
11238	Han34	HR09	B	A	0.4128084778785706
11239	Han34	HR11	B	A	0.4612357616424561
11240	Han34	HR15	B	A	0.5359880924224854
11241	Han34	HR19	B	A	0.4650955200195312
11242	Han34	HR21	B	A	0.476095050573349
11243	Han34	HR25	B	A	0.582343578338623
11244	Han34	HR31	B	A	0.5841686725616455
11245	Han34	HR33	B	A	0.4985737204551697
11246	Han34	HR37	B	A	0.5226329565048218
11247	Han34	HR47	B	A	0.5372700691223145
11248	Han34	HR50	B	A	0.4964984655380249
11249	Han34	HR52	B	A	0.5687219500541687
11250	Han34	HR56	B	A	0.4951843023300171
11251	Han34	HR60	B	A	0.4927224516868591
11252	Han34	HR62	B	A	0.4526182115077972
11253	Han34	HR64	B	A	0.6144713759422302
11254	Han34	HR66	B	A	0.4991455674171448
11255	Han34	HR68	B	A	0.452793687582016
11256	Han34	H3	B	A	0.5257607102394104
11257	Han34	H5	B	A	0.4863832890987396
11258	Han34	H7	B	A	0.4504667818546295
11259	Han34	H11	B	A	0.4675678312778473
11260	Han34	H13	B	A	0.5222983956336975
11261	Han34	H15	B	A	0.5901529788970947
11262	Han34	Han01	B	A	0.411963164806366
11263	Han34	Han03	B	A	0.3681835234165192
11264	Han34	Han05	B	A	0.09788160771131516
11265	Han34	Han07	B	A	0.4177471101284027
11266	Han34	Han09	B	A	0.400876522064209
11267	Han34	Han11	B	A	0.3966718316078186
11268	Han34	Han13	B	A	0.3838798999786377
11269	Han34	Han15	B	A	0.1126231774687767
11270	Han34	Han17	B	A	0.3694890737533569
11271	Han34	Han19	B	A	0.3793855309486389
11272	Han34	Han21	B	A	0.3887500166893005
11273	Han34	Han23	B	A	0.3706155121326447
11274	Han34	Han25	B	A	0.4020145833492279
11275	Han34	Han27	B	A	0.4070084095001221
11276	Han34	Han29	B	A	0.433306097984314
11277	Han34	Han31	B	A	0.4075452387332916
11278	Han34	Han33	B	A	0.4244163930416107
11279	Han34	Han35	B	A	0.4004937410354614
11280	Han34	Han37	B	A	0.427075982093811
11281	Han34	Han39	B	A	0.4107999205589294
11282	Han34	Han41	B	A	0.3725628852844238
11283	Han34	Han43	B	A	0.3781100809574127
11284	Han34	Han45	B	A	0.3903900384902954
11285	Han34	Han47	B	A	0.1083912178874016
11286	Han34	Han51	B	A	0.4735974371433258
11287	Han36	Py1	B	A	0.4203947782516479
11288	Han36	Py3	B	A	0.4268558025360107
11289	Han36	Py5	B	A	0.4794644713401794
11290	Han36	Py7	B	A	0.4444783329963684
11291	Han36	Py9	B	A	0.4447295665740967
11292	Han36	Py11	B	A	0.470237672328949
11293	Han36	Py13	B	A	0.4444224536418915
11294	Han36	Py15	B	A	0.4720529913902283
11295	Han36	Py17	B	A	0.453601598739624
11296	Han36	Py19	B	A	0.5122944116592407
11297	Han36	Py25	B	A	0.5052482485771179
11298	Han36	Py27	B	A	0.4551525115966797
11299	Han36	Py29	B	A	0.4489574134349823
11300	Han36	Py31	B	A	0.4538632333278656
11301	Han36	Py33	B	A	0.4692253768444061
11302	Han36	Py35	B	A	0.4435545206069946
11303	Han36	Py37	B	A	0.3929225504398346
11304	Han36	Py39	B	A	0.3743347525596619
11305	Han36	Py41	B	A	0.4143662750720978
11306	Han36	Py43	B	A	0.4419527649879456
11307	Han36	Py45	B	A	0.4853498041629791
11308	Han36	Py47	B	A	0.4514225721359253
11309	Han36	Py51	B	A	0.3987796902656555
11310	Han36	Py55	B	A	0.4801872968673706
11311	Han36	Py57	B	A	0.4762607216835022
11312	Han36	Py59	B	A	0.4829486608505249
11313	Han36	Py61	B	A	0.5040700435638428
11314	Han36	Py63	B	A	0.4139564633369446
11315	Han36	Py65	B	A	0.4101823568344116
11316	Han36	Py67	B	A	0.411188542842865
11317	Han36	Py69	B	A	0.4205948710441589
11318	Han36	Py71	B	A	0.412604957818985
11319	Han36	Py73	B	A	0.4788539409637451
11320	Han36	Py75	B	A	0.4573749601840973
11321	Han36	Py78	B	A	0.3357940912246704
11322	Han36	Py80	B	A	0.4021500647068024
11323	Han36	Py82	B	A	0.3597053289413452
11324	Han36	Py84	B	A	0.3114991784095764
11325	Han36	Py86	B	A	0.3315367698669434
11326	Han36	Py88	B	A	0.3573122620582581
11327	Han36	HR05	B	A	0.4369069933891296
11328	Han36	HR07	B	A	0.4661383628845215
11329	Han36	HR09	B	A	0.416862428188324
11330	Han36	HR11	B	A	0.4543374478816986
11331	Han36	HR15	B	A	0.5064211487770081
11332	Han36	HR19	B	A	0.4429226219654083
11333	Han36	HR21	B	A	0.4517361521720886
11334	Han36	HR25	B	A	0.5760960578918457
11335	Han36	HR31	B	A	0.5829505920410156
11336	Han36	HR33	B	A	0.4845512509346008
11337	Han36	HR37	B	A	0.5199882984161377
11338	Han36	HR47	B	A	0.5343301892280579
11339	Han36	HR50	B	A	0.4839406907558441
11340	Han36	HR52	B	A	0.5550597906112671
11341	Han36	HR56	B	A	0.4860690236091614
11342	Han36	HR60	B	A	0.4905695915222168
11343	Han36	HR62	B	A	0.4357278048992157
11344	Han36	HR64	B	A	0.6086668968200684
11345	Han36	HR66	B	A	0.4725417196750641
11346	Han36	HR68	B	A	0.4293695986270905
11347	Han36	H3	B	A	0.5126146078109741
11348	Han36	H5	B	A	0.4763697981834412
11349	Han36	H7	B	A	0.438859760761261
11350	Han36	H11	B	A	0.4549911320209503
11351	Han36	H13	B	A	0.5077449679374695
11352	Han36	H15	B	A	0.578807532787323
11353	Han36	Han01	B	A	0.3699765205383301
11354	Han36	Han03	B	A	0.3307259380817413
11355	Han36	Han05	B	A	0.1253068000078201
11356	Han36	Han07	B	A	0.3778237104415894
11357	Han36	Han09	B	A	0.3629112541675568
11358	Han36	Han11	B	A	0.3566786050796509
11359	Han36	Han13	B	A	0.339844286441803
11360	Han36	Han15	B	A	0.08438413590192795
11361	Han36	Han17	B	A	0.3237758576869965
11362	Han36	Han19	B	A	0.3404384255409241
11363	Han36	Han21	B	A	0.3464941680431366
11364	Han36	Han23	B	A	0.3298524022102356
11365	Han36	Han25	B	A	0.3541687726974487
11366	Han36	Han27	B	A	0.3629297316074371
11367	Han36	Han29	B	A	0.392211377620697
11368	Han36	Han31	B	A	0.3697777688503265
11369	Han36	Han33	B	A	0.3897930979728699
11370	Han36	Han35	B	A	0.3617287576198578
11371	Han36	Han37	B	A	0.3940192759037018
11372	Han36	Han39	B	A	0.3745756149291992
11373	Han36	Han41	B	A	0.3324030637741089
11374	Han36	Han43	B	A	0.3351875245571136
11375	Han36	Han45	B	A	0.3462633192539215
11376	Han36	Han47	B	A	0.1382776349782944
11377	Han36	Han51	B	A	0.4476830363273621
11378	Han38	Py1	B	A	0.4464820325374603
11379	Han38	Py3	B	A	0.4464496374130249
11380	Han38	Py5	B	A	0.473456472158432
11381	Han38	Py7	B	A	0.4511531889438629
11382	Han38	Py9	B	A	0.4540579915046692
11383	Han38	Py11	B	A	0.4686774611473083
11384	Han38	Py13	B	A	0.4574767351150513
11385	Han38	Py15	B	A	0.4686685502529144
11386	Han38	Py17	B	A	0.4473530650138855
11387	Han38	Py19	B	A	0.502509593963623
11388	Han38	Py25	B	A	0.5093743205070496
11389	Han38	Py27	B	A	0.4468958675861359
11390	Han38	Py29	B	A	0.442734569311142
11391	Han38	Py31	B	A	0.4457056224346161
11392	Han38	Py33	B	A	0.4595395624637604
11393	Han38	Py35	B	A	0.4383201599121094
11394	Han38	Py37	B	A	0.4333181381225586
11395	Han38	Py39	B	A	0.4152356684207916
11396	Han38	Py41	B	A	0.4561667144298553
11397	Han38	Py43	B	A	0.4797585010528564
11398	Han38	Py45	B	A	0.5061842203140259
11399	Han38	Py47	B	A	0.4827944934368134
11400	Han38	Py51	B	A	0.4383149445056915
11401	Han38	Py55	B	A	0.488771378993988
11402	Han38	Py57	B	A	0.4909316897392273
11403	Han38	Py59	B	A	0.5193797945976257
11404	Han38	Py61	B	A	0.5438299775123596
11405	Han38	Py63	B	A	0.45084547996521
11406	Han38	Py65	B	A	0.4452203214168549
11407	Han38	Py67	B	A	0.4440268278121948
11408	Han38	Py69	B	A	0.4560747742652893
11409	Han38	Py71	B	A	0.4477992355823517
11410	Han38	Py73	B	A	0.5417170524597168
11411	Han38	Py75	B	A	0.5223132371902466
11412	Han38	Py78	B	A	0.3831464648246765
11413	Han38	Py80	B	A	0.4620293080806732
11414	Han38	Py82	B	A	0.4148459136486053
11415	Han38	Py84	B	A	0.3676688075065613
11416	Han38	Py86	B	A	0.3848932087421417
11417	Han38	Py88	B	A	0.4104004204273224
11418	Han38	HR05	B	A	0.4553239047527313
11419	Han38	HR07	B	A	0.4821516275405884
11420	Han38	HR09	B	A	0.4290655255317688
11421	Han38	HR11	B	A	0.4599760174751282
11422	Han38	HR15	B	A	0.524751603603363
11423	Han38	HR19	B	A	0.4555050432682037
11424	Han38	HR21	B	A	0.458113431930542
11425	Han38	HR25	B	A	0.576166033744812
11426	Han38	HR31	B	A	0.5789470672607422
11427	Han38	HR33	B	A	0.498746395111084
11428	Han38	HR37	B	A	0.5145618319511414
11429	Han38	HR47	B	A	0.5360891222953796
11430	Han38	HR50	B	A	0.4969328343868256
11431	Han38	HR52	B	A	0.573357880115509
11432	Han38	HR56	B	A	0.4928402304649353
11433	Han38	HR60	B	A	0.5162199139595032
11434	Han38	HR62	B	A	0.4626438021659851
11435	Han38	HR64	B	A	0.6024541258811951
11436	Han38	HR66	B	A	0.4860743284225464
11437	Han38	HR68	B	A	0.45958012342453
11438	Han38	H3	B	A	0.5141311287879944
11439	Han38	H5	B	A	0.4911725223064423
11440	Han38	H7	B	A	0.4475590586662292
11441	Han38	H11	B	A	0.4829054772853851
11442	Han38	H13	B	A	0.5272958874702454
11443	Han38	H15	B	A	0.5856650471687317
11444	Han38	Han01	B	A	0.4330957233905792
11445	Han38	Han03	B	A	0.3911924064159393
11446	Han38	Han05	B	A	0.1434658616781235
11447	Han38	Han07	B	A	0.4357486665248871
11448	Han38	Han09	B	A	0.4259873628616333
11449	Han38	Han11	B	A	0.4193952977657318
11450	Han38	Han13	B	A	0.405452698469162
11451	Han38	Han15	B	A	0.1244984492659569
11452	Han38	Han17	B	A	0.3902274668216705
11453	Han38	Han19	B	A	0.4031844735145569
11454	Han38	Han21	B	A	0.4049015939235687
11455	Han38	Han23	B	A	0.3907422423362732
11456	Han38	Han25	B	A	0.4165538549423218
11457	Han38	Han27	B	A	0.421893835067749
11458	Han38	Han29	B	A	0.4432648420333862
11459	Han38	Han31	B	A	0.420962929725647
11460	Han38	Han33	B	A	0.442216694355011
11461	Han38	Han35	B	A	0.4135901629924774
11462	Han38	Han37	B	A	0.4480015337467194
11463	Han38	Han39	B	A	0.4315238893032074
11464	Han38	Han41	B	A	0.3959653675556183
11465	Han38	Han43	B	A	0.4012594819068909
11466	Han38	Han45	B	A	0.4081974625587463
11467	Han38	Han47	B	A	0.1570479273796082
11468	Han38	Han51	B	A	0.470597505569458
11469	Han40	Py1	B	A	0.4182896018028259
11470	Han40	Py3	B	A	0.4250467121601105
11471	Han40	Py5	B	A	0.4786302149295807
11472	Han40	Py7	B	A	0.4429910182952881
11473	Han40	Py9	B	A	0.4433453977108002
11474	Han40	Py11	B	A	0.4687409400939941
11475	Han40	Py13	B	A	0.4426436722278595
11476	Han40	Py15	B	A	0.4700859487056732
11477	Han40	Py17	B	A	0.4522962272167206
11478	Han40	Py19	B	A	0.5098055601119995
11479	Han40	Py25	B	A	0.5031488537788391
11480	Han40	Py27	B	A	0.4531590342521667
11481	Han40	Py29	B	A	0.4476853609085083
11482	Han40	Py31	B	A	0.4512796103954315
11483	Han40	Py33	B	A	0.4667761623859406
11484	Han40	Py35	B	A	0.4424436986446381
11485	Han40	Py37	B	A	0.3717212080955505
11486	Han40	Py39	B	A	0.3528581559658051
11487	Han40	Py41	B	A	0.3966843485832214
11488	Han40	Py43	B	A	0.4283764064311981
11489	Han40	Py45	B	A	0.4829709827899933
11490	Han40	Py47	B	A	0.4485788345336914
11491	Han40	Py51	B	A	0.3813884854316711
11492	Han40	Py55	B	A	0.4766078889369965
11493	Han40	Py57	B	A	0.4726372361183167
11494	Han40	Py59	B	A	0.4645118415355682
11495	Han40	Py61	B	A	0.4781718552112579
11496	Han40	Py63	B	A	0.3938688933849335
11497	Han40	Py65	B	A	0.3926293253898621
11498	Han40	Py67	B	A	0.4007312059402466
11499	Han40	Py69	B	A	0.4028023779392242
11500	Han40	Py71	B	A	0.3911767303943634
11501	Han40	Py73	B	A	0.473371684551239
11502	Han40	Py75	B	A	0.4541853666305542
11503	Han40	Py78	B	A	0.3528053164482117
11504	Han40	Py80	B	A	0.4075897634029388
11505	Han40	Py82	B	A	0.371177077293396
11506	Han40	Py84	B	A	0.328626424074173
11507	Han40	Py86	B	A	0.3178484439849854
11508	Han40	Py88	B	A	0.3404213190078735
11509	Han40	HR05	B	A	0.444972962141037
11510	Han40	HR07	B	A	0.4742115139961243
11511	Han40	HR09	B	A	0.4160283803939819
11512	Han40	HR11	B	A	0.4253763258457184
11513	Han40	HR15	B	A	0.505558967590332
11514	Han40	HR19	B	A	0.4246784746646881
11515	Han40	HR21	B	A	0.4426040351390839
11516	Han40	HR25	B	A	0.5537049174308777
11517	Han40	HR31	B	A	0.564850926399231
11518	Han40	HR33	B	A	0.4568026959896088
11519	Han40	HR37	B	A	0.500977098941803
11520	Han40	HR47	B	A	0.5281025767326355
11521	Han40	HR50	B	A	0.4542178213596344
11522	Han40	HR52	B	A	0.5215670466423035
11523	Han40	HR56	B	A	0.4592728018760681
11524	Han40	HR60	B	A	0.4721625447273254
11525	Han40	HR62	B	A	0.404233992099762
11526	Han40	HR64	B	A	0.591149091720581
11527	Han40	HR66	B	A	0.4693270325660706
11528	Han40	HR68	B	A	0.4282000064849854
11529	Han40	H3	B	A	0.4878397285938263
11530	Han40	H5	B	A	0.4480578005313873
11531	Han40	H7	B	A	0.4086339175701141
11532	Han40	H11	B	A	0.4193683266639709
11533	Han40	H13	B	A	0.4749710857868195
11534	Han40	H15	B	A	0.5547189712524414
11535	Han40	Han01	B	A	0.3826769590377808
11536	Han40	Han03	B	A	0.3430105149745941
11537	Han40	Han05	B	A	0.1207134500145912
11538	Han40	Han07	B	A	0.3936690390110016
11539	Han40	Han09	B	A	0.3809277713298798
11540	Han40	Han11	B	A	0.3702113628387451
11541	Han40	Han13	B	A	0.3517395853996277
11542	Han40	Han15	B	A	0.1075743138790131
11543	Han40	Han17	B	A	0.3321548998355865
11544	Han40	Han19	B	A	0.3570663630962372
11545	Han40	Han21	B	A	0.3700173497200012
11546	Han40	Han23	B	A	0.3447180986404419
11547	Han40	Han25	B	A	0.3628784418106079
11548	Han40	Han27	B	A	0.3727408051490784
11549	Han40	Han29	B	A	0.40926194190979
11550	Han40	Han31	B	A	0.3874749541282654
11551	Han40	Han33	B	A	0.4170143008232117
11552	Han40	Han35	B	A	0.3763464689254761
11553	Han40	Han37	B	A	0.4154753684997559
11554	Han40	Han39	B	A	0.3876219391822815
11555	Han40	Han41	B	A	0.3436990976333618
11556	Han40	Han43	B	A	0.336012065410614
11557	Han40	Han45	B	A	0.3571352064609528
11558	Han40	Han47	B	A	0.1887740790843964
11559	Han40	Han51	B	A	0.4510766267776489
11560	Han42	Py1	B	A	0.4182760417461395
11561	Han42	Py3	B	A	0.424862265586853
11562	Han42	Py5	B	A	0.4780462086200714
11563	Han42	Py7	B	A	0.4427691400051117
11564	Han42	Py9	B	A	0.4429163038730621
11565	Han42	Py11	B	A	0.4683571457862854
11566	Han42	Py13	B	A	0.4435780048370361
11567	Han42	Py15	B	A	0.4706454575061798
11568	Han42	Py17	B	A	0.4521426558494568
11569	Han42	Py19	B	A	0.5112088322639465
11570	Han42	Py25	B	A	0.504580020904541
11571	Han42	Py27	B	A	0.4543097615242004
11572	Han42	Py29	B	A	0.447913259267807
11573	Han42	Py31	B	A	0.4527286887168884
11574	Han42	Py33	B	A	0.4680125415325165
11575	Han42	Py35	B	A	0.4423582553863525
11576	Han42	Py37	B	A	0.3894903063774109
11577	Han42	Py39	B	A	0.3683541119098663
11578	Han42	Py41	B	A	0.4087887108325958
11579	Han42	Py43	B	A	0.43515545129776
11580	Han42	Py45	B	A	0.4836552441120148
11581	Han42	Py47	B	A	0.4500860571861267
11582	Han42	Py51	B	A	0.3936077952384949
11583	Han42	Py55	B	A	0.4790031015872955
11584	Han42	Py57	B	A	0.4752862453460693
11585	Han42	Py59	B	A	0.4765776395797729
11586	Han42	Py61	B	A	0.4969000220298767
11587	Han42	Py63	B	A	0.4071336388587952
11588	Han42	Py65	B	A	0.4053508937358856
11589	Han42	Py67	B	A	0.4066691994667053
11590	Han42	Py69	B	A	0.4154244065284729
11591	Han42	Py71	B	A	0.4066736400127411
11592	Han42	Py73	B	A	0.4805177450180054
11593	Han42	Py75	B	A	0.4661299586296082
11594	Han42	Py78	B	A	0.3439958095550537
11595	Han42	Py80	B	A	0.4070116579532623
11596	Han42	Py82	B	A	0.3669071197509766
11597	Han42	Py84	B	A	0.3163209557533264
11598	Han42	Py86	B	A	0.3361321687698364
11599	Han42	Py88	B	A	0.3597378134727478
11600	Han42	HR05	B	A	0.4552323818206787
11601	Han42	HR07	B	A	0.4854624569416046
11602	Han42	HR09	B	A	0.4142782092094421
11603	Han42	HR11	B	A	0.4640577435493469
11604	Han42	HR15	B	A	0.5266857743263245
11605	Han42	HR19	B	A	0.4571671783924103
11606	Han42	HR21	B	A	0.4719178080558777
11607	Han42	HR25	B	A	0.5848473310470581
11608	Han42	HR31	B	A	0.5817690491676331
11609	Han42	HR33	B	A	0.4959417581558228
11610	Han42	HR37	B	A	0.5240981578826904
11611	Han42	HR47	B	A	0.5370663404464722
11612	Han42	HR50	B	A	0.4941696524620056
11613	Han42	HR52	B	A	0.5663256049156189
11614	Han42	HR56	B	A	0.4978853762149811
11615	Han42	HR60	B	A	0.4922514259815216
11616	Han42	HR62	B	A	0.4453719854354858
11617	Han42	HR64	B	A	0.6117259860038757
11618	Han42	HR66	B	A	0.4921175539493561
11619	Han42	HR68	B	A	0.4511770606040955
11620	Han42	H3	B	A	0.5271644592285156
11621	Han42	H5	B	A	0.4867948889732361
11622	Han42	H7	B	A	0.447947084903717
11623	Han42	H11	B	A	0.4624885022640228
11624	Han42	H13	B	A	0.5183613896369934
11625	Han42	H15	B	A	0.5919027328491211
11626	Han42	Han01	B	A	0.3734310269355774
11627	Han42	Han03	B	A	0.3315190374851227
11628	Han42	Han05	B	A	0.0888073593378067
11629	Han42	Han07	B	A	0.3851290941238403
11630	Han42	Han09	B	A	0.3667759001255035
11631	Han42	Han11	B	A	0.3603856563568115
11632	Han42	Han13	B	A	0.3461480438709259
11633	Han42	Han15	B	A	0.09742527455091476
11634	Han42	Han17	B	A	0.3258523344993591
11635	Han42	Han19	B	A	0.3464301228523254
11636	Han42	Han21	B	A	0.3546113967895508
11637	Han42	Han23	B	A	0.340187281370163
11638	Han42	Han25	B	A	0.3663962781429291
11639	Han42	Han27	B	A	0.374961644411087
11640	Han42	Han29	B	A	0.4089036583900452
11641	Han42	Han31	B	A	0.3782075643539429
11642	Han42	Han33	B	A	0.3947116732597351
11643	Han42	Han35	B	A	0.3740597665309906
11644	Han42	Han37	B	A	0.400311678647995
11645	Han42	Han39	B	A	0.3776901066303253
11646	Han42	Han41	B	A	0.3333706259727478
11647	Han42	Han43	B	A	0.3333393335342407
11648	Han42	Han45	B	A	0.3499676883220673
11649	Han42	Han47	B	A	0.1270318627357483
11650	Han42	Han51	B	A	0.4541584849357605
11651	Han44	Py1	B	A	0.420604795217514
11652	Han44	Py3	B	A	0.4272267818450928
11653	Han44	Py5	B	A	0.4805364310741425
11654	Han44	Py7	B	A	0.4449637234210968
11655	Han44	Py9	B	A	0.4450702667236328
11656	Han44	Py11	B	A	0.4706362783908844
11657	Han44	Py13	B	A	0.4459258615970612
11658	Han44	Py15	B	A	0.4728083610534668
11659	Han44	Py17	B	A	0.4542255699634552
11660	Han44	Py19	B	A	0.5135408639907837
11661	Han44	Py25	B	A	0.5069730281829834
11662	Han44	Py27	B	A	0.4568225741386414
11663	Han44	Py29	B	A	0.4501433670520782
11664	Han44	Py31	B	A	0.4550462365150452
11665	Han44	Py33	B	A	0.4703511297702789
11666	Han44	Py35	B	A	0.4446076452732086
11667	Han44	Py37	B	A	0.401041179895401
11668	Han44	Py39	B	A	0.3804738521575928
11669	Han44	Py41	B	A	0.4198442697525024
11670	Han44	Py43	B	A	0.446512907743454
11671	Han44	Py45	B	A	0.4868011176586151
11672	Han44	Py47	B	A	0.4542585909366608
11673	Han44	Py51	B	A	0.4041650891304016
11674	Han44	Py55	B	A	0.4822963178157806
11675	Han44	Py57	B	A	0.4784734845161438
11676	Han44	Py59	B	A	0.4891301393508911
11677	Han44	Py61	B	A	0.510932445526123
11678	Han44	Py63	B	A	0.4191801249980927
11679	Han44	Py65	B	A	0.4154609143733978
11680	Han44	Py67	B	A	0.4161228537559509
11681	Han44	Py69	B	A	0.4259485006332397
11682	Han44	Py71	B	A	0.4184956550598145
11683	Han44	Py73	B	A	0.5137770771980286
11684	Han44	Py75	B	A	0.4996506571769714
11685	Han44	Py78	B	A	0.3786799609661102
11686	Han44	Py80	B	A	0.4482324421405792
11687	Han44	Py82	B	A	0.4072108566761017
11688	Han44	Py84	B	A	0.3533701598644257
11689	Han44	Py86	B	A	0.3808626532554626
11690	Han44	Py88	B	A	0.4044685959815979
11691	Han44	HR05	B	A	0.4645849168300629
11692	Han44	HR07	B	A	0.4976300597190857
11693	Han44	HR09	B	A	0.4172958433628082
11694	Han44	HR11	B	A	0.4653033316135406
11695	Han44	HR15	B	A	0.5423930883407593
11696	Han44	HR19	B	A	0.4730952680110931
11697	Han44	HR21	B	A	0.4842869639396667
11698	Han44	HR25	B	A	0.586809515953064
11699	Han44	HR31	B	A	0.5848771333694458
11700	Han44	HR33	B	A	0.5051179528236389
11701	Han44	HR37	B	A	0.5232111811637878
11702	Han44	HR47	B	A	0.5364306569099426
11703	Han44	HR50	B	A	0.4992540180683136
11704	Han44	HR52	B	A	0.5708529949188232
11705	Han44	HR56	B	A	0.4977577328681946
11706	Han44	HR60	B	A	0.4971464276313782
11707	Han44	HR62	B	A	0.4575412571430206
11708	Han44	HR64	B	A	0.61283940076828
11709	Han44	HR66	B	A	0.5063294768333435
11710	Han44	HR68	B	A	0.464826911687851
11711	Han44	H3	B	A	0.5294532179832458
11712	Han44	H5	B	A	0.4867257475852966
11713	Han44	H7	B	A	0.4503792226314545
11714	Han44	H11	B	A	0.4681234657764435
11715	Han44	H13	B	A	0.5234915018081665
11716	Han44	H15	B	A	0.5955404043197632
11717	Han44	Han01	B	A	0.4158701002597809
11718	Han44	Han03	B	A	0.373622715473175
11719	Han44	Han05	B	A	0.09692973643541336
11720	Han44	Han07	B	A	0.4228523373603821
11721	Han44	Han09	B	A	0.4062936305999756
11722	Han44	Han11	B	A	0.4027566015720367
11723	Han44	Han13	B	A	0.3896889686584473
11724	Han44	Han15	B	A	0.1246537715196609
11725	Han44	Han17	B	A	0.3729538321495056
11726	Han44	Han19	B	A	0.3861193060874939
11727	Han44	Han21	B	A	0.3937728703022003
11728	Han44	Han23	B	A	0.3791281580924988
11729	Han44	Han25	B	A	0.4086838364601135
11730	Han44	Han27	B	A	0.4169686734676361
11731	Han44	Han29	B	A	0.4460480511188507
11732	Han44	Han31	B	A	0.4159048497676849
11733	Han44	Han33	B	A	0.4336886703968048
11734	Han44	Han35	B	A	0.411334216594696
11735	Han44	Han37	B	A	0.4375244677066803
11736	Han44	Han39	B	A	0.4160460233688354
11737	Han44	Han41	B	A	0.3761988878250122
11738	Han44	Han43	B	A	0.3802380263805389
11739	Han44	Han45	B	A	0.3948694467544556
11740	Han44	Han47	B	A	0.09285152703523636
11741	Han44	Han51	B	A	0.4862899482250214
11742	Han46	Py1	B	A	0.435104101896286
11743	Han46	Py3	B	A	0.4413366317749023
11744	Han46	Py5	B	A	0.4869517087936401
11745	Han46	Py7	B	A	0.4612062275409698
11746	Han46	Py9	B	A	0.4619442224502563
11747	Han46	Py11	B	A	0.4831589460372925
11748	Han46	Py13	B	A	0.4647486805915833
11749	Han46	Py15	B	A	0.4830075204372406
11750	Han46	Py17	B	A	0.4700759053230286
11751	Han46	Py19	B	A	0.5176770091056824
11752	Han46	Py25	B	A	0.5102935433387756
11753	Han46	Py27	B	A	0.4702354669570923
11754	Han46	Py29	B	A	0.4655774533748627
11755	Han46	Py31	B	A	0.4718514978885651
11756	Han46	Py33	B	A	0.4828265309333801
11757	Han46	Py35	B	A	0.4607870280742645
11758	Han46	Py37	B	A	0.4135860800743103
11759	Han46	Py39	B	A	0.4026420414447784
11760	Han46	Py41	B	A	0.4267184734344482
11761	Han46	Py43	B	A	0.4495079517364502
11762	Han46	Py45	B	A	0.4876657724380493
11763	Han46	Py47	B	A	0.4605542123317719
11764	Han46	Py51	B	A	0.414413720369339
11765	Han46	Py55	B	A	0.4880428910255432
11766	Han46	Py57	B	A	0.4848030507564545
11767	Han46	Py59	B	A	0.4819444715976715
11768	Han46	Py61	B	A	0.5051007270812988
11769	Han46	Py63	B	A	0.428520679473877
11770	Han46	Py65	B	A	0.4258455336093903
11771	Han46	Py67	B	A	0.4265091419219971
11772	Han46	Py69	B	A	0.4368824362754822
11773	Han46	Py71	B	A	0.4303462505340576
11774	Han46	Py73	B	A	0.2192631959915161
11775	Han46	Py75	B	A	0.2626848220825195
11776	Han46	Py78	B	A	0.2709775567054749
11777	Han46	Py80	B	A	0.1493815630674362
11778	Han46	Py82	B	A	0.3198019564151764
11779	Han46	Py84	B	A	0.2482079565525055
11780	Han46	Py86	B	A	0.2347465306520462
11781	Han46	Py88	B	A	0.2583814263343811
11782	Han46	HR05	B	A	0.4550642371177673
11783	Han46	HR07	B	A	0.3884566724300385
11784	Han46	HR09	B	A	0.4390541017055511
11785	Han46	HR11	B	A	0.467244029045105
11786	Han46	HR15	B	A	0.485526442527771
11787	Han46	HR19	B	A	0.452171117067337
11788	Han46	HR21	B	A	0.4489676952362061
11789	Han46	HR25	B	A	0.5554969310760498
11790	Han46	HR31	B	A	0.5552127361297607
11791	Han46	HR33	B	A	0.4784348905086517
11792	Han46	HR37	B	A	0.4960180222988129
11793	Han46	HR47	B	A	0.5248263478279114
11794	Han46	HR50	B	A	0.4814015924930573
11795	Han46	HR52	B	A	0.5328352451324463
11796	Han46	HR56	B	A	0.4900672137737274
11797	Han46	HR60	B	A	0.4919783174991608
11798	Han46	HR62	B	A	0.433809220790863
11799	Han46	HR64	B	A	0.5872998237609863
11800	Han46	HR66	B	A	0.4483410716056824
11801	Han46	HR68	B	A	0.4223258793354034
11802	Han46	H3	B	A	0.5133126974105835
11803	Han46	H5	B	A	0.4866609275341034
11804	Han46	H7	B	A	0.4531936049461365
11805	Han46	H11	B	A	0.4586901664733887
11806	Han46	H13	B	A	0.4984142482280731
11807	Han46	H15	B	A	0.5635684132575989
11808	Han46	Han01	B	A	0.05252181366086006
11809	Han46	Han03	B	A	0.05800912529230118
11810	Han46	Han05	B	A	0.4280308485031128
11811	Han46	Han07	B	A	0.0647583156824112
11812	Han46	Han09	B	A	0.0546569861471653
11813	Han46	Han11	B	A	0.04419370368123055
11814	Han46	Han13	B	A	0.08709109574556351
11815	Han46	Han15	B	A	0.3980913460254669
11816	Han46	Han17	B	A	0.06825970858335495
11817	Han46	Han19	B	A	0.04735425114631653
11818	Han46	Han21	B	A	0.04960362985730171
11819	Han46	Han23	B	A	0.08856020122766495
11820	Han46	Han25	B	A	0.1016569137573242
11821	Han46	Han27	B	A	0.09244272112846375
11822	Han46	Han29	B	A	0.08439081162214279
11823	Han46	Han31	B	A	0.04753774404525757
11824	Han46	Han33	B	A	0.08616529405117035
11825	Han46	Han35	B	A	0.07476294040679932
11826	Han46	Han37	B	A	0.07816952466964722
11827	Han46	Han39	B	A	0.0675063356757164
11828	Han46	Han41	B	A	0.09572184085845947
11829	Han46	Han43	B	A	0.06988641619682312
11830	Han46	Han45	B	A	0.05700967460870743
11831	Han46	Han47	B	A	0.4768431782722473
11832	Han46	Han51	B	A	0.3367415070533752
11833	Han48	Py1	B	A	0.413396030664444
11834	Han48	Py3	B	A	0.4200569689273834
11835	Han48	Py5	B	A	0.4724109172821045
11836	Han48	Py7	B	A	0.437614381313324
11837	Han48	Py9	B	A	0.4379233717918396
11838	Han48	Py11	B	A	0.4632646143436432
11839	Han48	Py13	B	A	0.4378364682197571
11840	Han48	Py15	B	A	0.4654694199562073
11841	Han48	Py17	B	A	0.4469301700592041
11842	Han48	Py19	B	A	0.5052971839904785
11843	Han48	Py25	B	A	0.4986006319522858
11844	Han48	Py27	B	A	0.4483074545860291
11845	Han48	Py29	B	A	0.4427235126495361
11846	Han48	Py31	B	A	0.4467022120952606
11847	Han48	Py33	B	A	0.4621253311634064
11848	Han48	Py35	B	A	0.4372124671936035
11849	Han48	Py37	B	A	0.3712998330593109
11850	Han48	Py39	B	A	0.3553623557090759
11851	Han48	Py41	B	A	0.3923384547233582
11852	Han48	Py43	B	A	0.4246366322040558
11853	Han48	Py45	B	A	0.4792863130569458
11854	Han48	Py47	B	A	0.4451347589492798
11855	Han48	Py51	B	A	0.3785843551158905
11856	Han48	Py55	B	A	0.4735341370105743
11857	Han48	Py57	B	A	0.469941258430481
11858	Han48	Py59	B	A	0.461802065372467
11859	Han48	Py61	B	A	0.4735227525234222
11860	Han48	Py63	B	A	0.3903672993183136
11861	Han48	Py65	B	A	0.3894630968570709
11862	Han48	Py67	B	A	0.3979076743125916
11863	Han48	Py69	B	A	0.3996464312076569
11864	Han48	Py71	B	A	0.3880136013031006
11865	Han48	Py73	B	A	0.4396763443946838
11866	Han48	Py75	B	A	0.4171961545944214
11867	Han48	Py78	B	A	0.3256382346153259
11868	Han48	Py80	B	A	0.3683532774448395
11869	Han48	Py82	B	A	0.3321568071842194
11870	Han48	Py84	B	A	0.2987424433231354
11871	Han48	Py86	B	A	0.3010649085044861
11872	Han48	Py88	B	A	0.317575603723526
11873	Han48	HR05	B	A	0.4415281414985657
11874	Han48	HR07	B	A	0.4681108593940735
11875	Han48	HR09	B	A	0.4148030877113342
11876	Han48	HR11	B	A	0.4612818956375122
11877	Han48	HR15	B	A	0.5133255124092102
11878	Han48	HR19	B	A	0.4478428661823273
11879	Han48	HR21	B	A	0.4607414305210114
11880	Han48	HR25	B	A	0.5798847079277039
11881	Han48	HR31	B	A	0.5761269927024841
11882	Han48	HR33	B	A	0.4895520806312561
11883	Han48	HR37	B	A	0.519575297832489
11884	Han48	HR47	B	A	0.5327332615852356
11885	Han48	HR50	B	A	0.489311158657074
11886	Han48	HR52	B	A	0.5547918081283569
11887	Han48	HR56	B	A	0.4964478313922882
11888	Han48	HR60	B	A	0.4763520359992981
11889	Han48	HR62	B	A	0.4335994124412537
11890	Han48	HR64	B	A	0.6097678542137146
11891	Han48	HR66	B	A	0.4793248772621155
11892	Han48	HR68	B	A	0.4263556599617004
11893	Han48	H3	B	A	0.523205578327179
11894	Han48	H5	B	A	0.4850584864616394
11895	Han48	H7	B	A	0.4450311660766602
11896	Han48	H11	B	A	0.4546296894550323
11897	Han48	H13	B	A	0.5098158121109009
11898	Han48	H15	B	A	0.585871696472168
11899	Han48	Han01	B	A	0.3581259250640869
11900	Han48	Han03	B	A	0.31563800573349
11901	Han48	Han05	B	A	0.1077124923467636
11902	Han48	Han07	B	A	0.3705157935619354
11903	Han48	Han09	B	A	0.3475621938705444
11904	Han48	Han11	B	A	0.3406851887702942
11905	Han48	Han13	B	A	0.329671323299408
11906	Han48	Han15	B	A	0.0844140574336052
11907	Han48	Han17	B	A	0.3052499294281006
11908	Han48	Han19	B	A	0.3266031742095947
11909	Han48	Han21	B	A	0.3387525081634521
11910	Han48	Han23	B	A	0.3247579634189606
11911	Han48	Han25	B	A	0.3475376665592194
11912	Han48	Han27	B	A	0.3626284301280975
11913	Han48	Han29	B	A	0.3947820961475372
11914	Han48	Han31	B	A	0.3641835153102875
11915	Han48	Han33	B	A	0.379094660282135
11916	Han48	Han35	B	A	0.3602530062198639
11917	Han48	Han37	B	A	0.3817307353019714
11918	Han48	Han39	B	A	0.362629771232605
11919	Han48	Han41	B	A	0.3189617693424225
11920	Han48	Han43	B	A	0.3119855225086212
11921	Han48	Han45	B	A	0.3348385691642761
11922	Han48	Han47	B	A	0.1798647940158844
11923	Han48	Han51	B	A	0.4157499670982361
11924	P3PCRpos	Py1	B	A	0.3867451250553131
11925	P3PCRpos	Py3	B	A	0.3860402405261993
11926	P3PCRpos	Py5	B	A	0.3840753436088562
11927	P3PCRpos	Py7	B	A	0.372272253036499
11928	P3PCRpos	Py9	B	A	0.3710813820362091
11929	P3PCRpos	Py11	B	A	0.3765530586242676
11930	P3PCRpos	Py13	B	A	0.3682346343994141
11931	P3PCRpos	Py15	B	A	0.3817106783390045
11932	P3PCRpos	Py17	B	A	0.3643232583999634
11933	P3PCRpos	Py19	B	A	0.3880582451820374
11934	P3PCRpos	Py25	B	A	0.365442305803299
11935	P3PCRpos	Py27	B	A	0.3607844412326813
11936	P3PCRpos	Py29	B	A	0.3706836402416229
11937	P3PCRpos	Py31	B	A	0.3552735447883606
11938	P3PCRpos	Py33	B	A	0.3601343035697937
11939	P3PCRpos	Py35	B	A	0.367480456829071
11940	P3PCRpos	Py37	B	A	0.4099547266960144
11941	P3PCRpos	Py39	B	A	0.4180436432361603
11942	P3PCRpos	Py41	B	A	0.3916532695293427
11943	P3PCRpos	Py43	B	A	0.3933959007263184
11944	P3PCRpos	Py45	B	A	0.4072492122650146
11945	P3PCRpos	Py47	B	A	0.3936365246772766
11946	P3PCRpos	Py51	B	A	0.3963392972946167
11947	P3PCRpos	Py55	B	A	0.3814065456390381
11948	P3PCRpos	Py57	B	A	0.3743100166320801
11949	P3PCRpos	Py59	B	A	0.3914425373077393
11950	P3PCRpos	Py61	B	A	0.4185031056404114
11951	P3PCRpos	Py63	B	A	0.3746974468231201
11952	P3PCRpos	Py65	B	A	0.3720251023769379
11953	P3PCRpos	Py67	B	A	0.3733336329460144
11954	P3PCRpos	Py69	B	A	0.3709377944469452
11955	P3PCRpos	Py71	B	A	0.3825206756591797
11956	P3PCRpos	Py73	B	A	0.538750410079956
11957	P3PCRpos	Py75	B	A	0.5254318714141846
11958	P3PCRpos	Py78	B	A	0.4731293320655823
11959	P3PCRpos	Py80	B	A	0.5186284780502319
11960	P3PCRpos	Py82	B	A	0.4597069323062897
11961	P3PCRpos	Py84	B	A	0.4828529953956604
11962	P3PCRpos	Py86	B	A	0.5063274502754211
11963	P3PCRpos	Py88	B	A	0.5092834830284119
11964	P3PCRpos	HR05	B	A	0.4648596346378326
11965	P3PCRpos	HR07	B	A	0.4607492685317993
11966	P3PCRpos	HR09	B	A	0.4180893003940582
11967	P3PCRpos	HR11	B	A	0.4707086682319641
11968	P3PCRpos	HR15	B	A	0.5332740545272827
11969	P3PCRpos	HR19	B	A	0.4833955466747284
11970	P3PCRpos	HR21	B	A	0.4760750234127045
11971	P3PCRpos	HR25	B	A	0.5288691520690918
11972	P3PCRpos	HR31	B	A	0.5074411034584045
11973	P3PCRpos	HR33	B	A	0.5008352398872375
11974	P3PCRpos	HR37	B	A	0.4621639847755432
11975	P3PCRpos	HR47	B	A	0.4729497730731964
11976	P3PCRpos	HR50	B	A	0.4982080459594727
11977	P3PCRpos	HR52	B	A	0.5581713914871216
11978	P3PCRpos	HR56	B	A	0.4762031137943268
11979	P3PCRpos	HR60	B	A	0.4262414574623108
11980	P3PCRpos	HR62	B	A	0.4605002403259277
11981	P3PCRpos	HR64	B	A	0.5459334254264832
11982	P3PCRpos	HR66	B	A	0.4907998144626617
11983	P3PCRpos	HR68	B	A	0.4624557197093964
11984	P3PCRpos	H3	B	A	0.5129555463790894
11985	P3PCRpos	H5	B	A	0.4861887991428375
11986	P3PCRpos	H7	B	A	0.4648118317127228
11987	P3PCRpos	H11	B	A	0.4905299544334412
11988	P3PCRpos	H13	B	A	0.5224879384040833
11989	P3PCRpos	H15	B	A	0.5621556639671326
11990	P3PCRpos	Han01	B	A	0.5327363610267639
11991	P3PCRpos	Han03	B	A	0.5262784361839294
11992	P3PCRpos	Han05	B	A	0.5426150560379028
11993	P3PCRpos	Han07	B	A	0.5380173325538635
11994	P3PCRpos	Han09	B	A	0.5302991271018982
11995	P3PCRpos	Han11	B	A	0.5345093607902527
11996	P3PCRpos	Han13	B	A	0.536679208278656
11997	P3PCRpos	Han15	B	A	0.5557197332382202
11998	P3PCRpos	Han17	B	A	0.5334762334823608
11999	P3PCRpos	Han19	B	A	0.5306237936019897
12000	P3PCRpos	Han21	B	A	0.5225061178207397
12001	P3PCRpos	Han23	B	A	0.5298274755477905
12002	P3PCRpos	Han25	B	A	0.5445164442062378
12003	P3PCRpos	Han27	B	A	0.5353198647499084
12004	P3PCRpos	Han29	B	A	0.5353333950042725
12005	P3PCRpos	Han31	B	A	0.5268698930740356
12006	P3PCRpos	Han33	B	A	0.5323095321655273
12007	P3PCRpos	Han35	B	A	0.5377703309059143
12008	P3PCRpos	Han37	B	A	0.5321015119552612
12009	P3PCRpos	Han39	B	A	0.529392659664154
12010	P3PCRpos	Han41	B	A	0.5253034234046936
12011	P3PCRpos	Han43	B	A	0.5238770246505737
12012	P3PCRpos	Han45	B	A	0.521986186504364
12013	P3PCRpos	Han47	B	A	0.5627158284187317
12014	P3PCRpos	Han51	B	A	0.4118645787239075
